issn,eissn,status,year
,00197866,inactive,1970
,01068377,inactive,2015
,01699377,inactive,2023
,01699601,inactive,2020
,01896016,discontinued,2017
,02506882,discontinued,2025
,03089126,inactive,1990
,07919417,inactive,2023
,09274103,inactive,2023
,09725784,discontinued,2021
,09736042,inactive,2016
,0974276X,discontinued,2014
,09742891,policy,2025
,09747877,inactive,2019
,09748369,discontinued,2016
,09750185,discontinued,2016
,09750215,discontinued,2015
,09750851,discontinued,2014
,09751459,discontinued,2018
,09751556,discontinued,2016
,09752366,discontinued,2021
,09752935,discontinued,2022
,09753648,inactive,2011
,0975413X,discontinued,2016
,09754873,discontinued,2016
,09755071,discontinued,2016
,09755160,discontinued,2016
,09756299,discontinued,2016
,09757384,discontinued,2016
,09757538,discontinued,2020
,09757619,discontinued,2017
,0975766X,discontinued,2016
,09758216,discontinued,2015
,09758542,discontinued,2020
,09758585,discontinued,2017
,09759344,discontinued,2015
,09759506,discontinued,2024
,09761055,discontinued,2011
,0976822X,discontinued,2017
,10550143,inactive,2002
,10691898,inactive,2021
,10708286,inactive,2016
,10727639,inactive,2003
,10735127,inactive,2014
,10796762,inactive,2010
,10829873,inactive,2017
,10866655,inactive,2009
,10870091,inactive,2011
,10893032,discontinued,2016
,10924078,inactive,2015
,10925783,inactive,2005
,10961232,inactive,2005
,1096214X,inactive,2003
,10964886,inactive,2014
,10979778,inactive,2015
,10984402,inactive,2015
,1099839X,inactive,2017
,11375019,inactive,2015
,11742704,inactive,2012
,11752882,inactive,2017
,11772484,inactive,2012
,11772727,inactive,2017
,11773901,inactive,2018
,1177391X,inactive,2016
,11773936,inactive,2017
,11776250,inactive,2019
,11779314,inactive,2009
,11781149,inactive,2009
,11781157,inactive,2009
,11781165,inactive,2009
,11781173,inactive,2009
,11781181,inactive,2010
,1178119X,inactive,2009
,1178122X,inactive,2020
,11782218,inactive,2023
,11782242,inactive,2018
,11782269,inactive,2009
,11786310,inactive,2019
,11786345,inactive,2019
,11786353,inactive,2019
,11786418,inactive,2019
,11786426,inactive,2016
,1178699X,inactive,2018
,11787074,discontinued,2023
,11790660,inactive,2019
,11790695,inactive,2019
,11791330,inactive,2016
,1179139X,inactive,2016
,11791403,discontinued,2020
,11791497,inactive,2016
,11791551,inactive,2013
,11791624,inactive,2018
,1179237X,inactive,2017
,1179318X,inactive,2015
,1179545X,inactive,2021
,11795484,inactive,2023
,11795522,inactive,2018
,11795530,inactive,2017
,1179559X,inactive,2019
,11955449,inactive,2003
,12069620,inactive,2009
,12928933,inactive,2003
,13035150,discontinued,2022
,13053124,policy,2024
,13053515,discontinued,2021
,1305578X,discontinued,2021
,13063057,discontinued,2018
,13063065,discontinued,2016
,13071637,discontinued,2017
,13075543,discontinued,2025
,13079867,inactive,2016
,13085581,discontinued,2021
,13090801,inactive,2019
,13094653,discontinued,2020
,13096591,discontinued,2020
,13139916,discontinued,2025
,13169688,inactive,2015
,13257730,inactive,2009
,13297147,inactive,2004
,13482238,inactive,2009
,13492942,inactive,2015
,13664786,inactive,2005
,13687506,inactive,2012
,13692607,inactive,2005
,14331055,inactive,2014
,14347512,inactive,2021
,14419939,inactive,1996
,14435756,inactive,2009
,14445530,inactive,2016
,14465442,inactive,2017
,14490706,inactive,2012
,14545101,inactive,2022
,14602733,inactive,2003
,14611570,inactive,2017
,14709031,inactive,2009
,14712091,inactive,2019
,14712121,inactive,2018
,1471213X,inactive,2021
,14712148,inactive,2020
,14712156,inactive,2020
,14712199,inactive,2019
,14712210,inactive,2012
,14712296,inactive,2021
,14712326,inactive,2012
,14712350,inactive,2020
,14712385,inactive,2007
,14715945,inactive,2020
,14718219,inactive,2001
,14726769,inactive,2012
,14726793,inactive,2019
,14726807,inactive,2019
,14726815,inactive,2019
,14726882,inactive,2019
,14726890,inactive,2019
,14726904,inactive,2012
,1472698X,inactive,2020
,14737507,inactive,2013
,14752883,inactive,2007
,14757192,discontinued,2020
,14759292,inactive,2007
,14765918,inactive,2009
,14765926,inactive,2012
,14768518,inactive,2011
,14769433,inactive,2006
,1477044X,inactive,2008
,14775751,inactive,2017
,14776804,inactive,2005
,14777800,inactive,2010
,14781336,inactive,2007
,14790556,inactive,2012
,14797860,inactive,2014
,14966603,inactive,2009
,15049922,inactive,2019
,15212076,inactive,2002
,15220222,discontinued,2021
,15221059,inactive,2004
,15228150,inactive,2003
,1522936X,policy,2025
,15231712,inactive,2012
,15236064,inactive,2010
,15245039,inactive,2015
,15259102,inactive,2005
,15275558,inactive,2008
,15276228,inactive,2008
,15279359,inactive,2008
,15283356,inactive,2014
,15288250,inactive,2011
,15288331,inactive,2023
,1528834X,inactive,2011
,15288366,inactive,2016
,15288374,inactive,2011
,15288382,inactive,2012
,15288439,inactive,2016
,15293041,inactive,2004
,15305686,inactive,2006
,15312941,inactive,2013
,1531295X,inactive,2016
,15312976,inactive,2011
,15312984,inactive,2015
,15313018,inactive,2010
,15325865,inactive,2022
,15345955,inactive,2006
,15345963,inactive,2006
,15345971,inactive,2006
,1534598X,inactive,2006
,15345998,inactive,2006
,15346005,inactive,2006
,15346013,inactive,2006
,15351653,inactive,2006
,15351661,inactive,2006
,1535167X,inactive,2006
,15352250,inactive,2011
,15360059,inactive,2012
,15365379,inactive,2009
,15367509,inactive,2005
,15380637,inactive,2006
,15380653,inactive,2006
,15386414,inactive,2012
,15391515,inactive,2013
,15394646,inactive,2010
,15398323,inactive,2019
,15402525,inactive,2010
,15402614,inactive,2015
,15414329,inactive,2021
,15414922,inactive,2008
,15417115,inactive,2012
,15431622,inactive,2003
,15442896,discontinued,2016
,15443574,inactive,2018
,15455556,inactive,2014
,1546962X,inactive,2012
,15507521,discontinued,2016
,15507629,inactive,2018
,15508390,inactive,2014
,15513688,inactive,2020
,15518507,inactive,2015
,15518868,inactive,2009
,15518965,inactive,2016
,15530302,inactive,2016
,15530671,inactive,2018
,15544567,inactive,2019
,15549178,inactive,2015
,15555887,inactive,2007
,15584291,inactive,2012
,15586847,inactive,2017
,15593916,inactive,2015
,1567214X,inactive,2019
,15672158,inactive,2016
,15672697,inactive,2005
,15710653,inactive,2019
,15723496,inactive,2005
,15759563,policy,2025
,15776921,inactive,2022
,15794377,inactive,2012
,15831078,discontinued,2016
,15908577,discontinued,2015
,16005368,inactive,2015
,16386205,inactive,2005
,16386213,inactive,2005
,1638623X,inactive,2005
,16386248,inactive,2005
,16602110,inactive,2014
,16602129,inactive,2014
,16602137,inactive,2014
,16626427,inactive,2014
,1663070X,inactive,2013
,16645529,inactive,2018
,16950194,policy,2024
,16957504,discontinued,2024
,16962206,inactive,2017
,1698580X,inactive,2015
,16989465,discontinued,2015
,17182301,discontinued,2020
,17184835,inactive,2018
,17284562,inactive,2013
,17293782,inactive,2018
,17295254,inactive,2018
,1735188X,discontinued,2021
,17402557,inactive,2009
,17406749,inactive,2021
,17406757,inactive,2020
,17406765,inactive,2013
,17406773,inactive,2013
,17419409,inactive,2006
,17425573,inactive,2012
,17425581,inactive,2007
,17427622,inactive,2023
,17438454,inactive,2010
,17438462,inactive,2010
,17443091,inactive,2014
,17446716,inactive,2021
,17450322,inactive,2012
,17457580,inactive,2013
,17459656,inactive,2015
,17459974,inactive,2014
,17461340,inactive,2010
,17461448,inactive,2011
,17475333,inactive,2016
,17487161,inactive,2015
,17498104,inactive,2024
,17501164,inactive,2016
,17502187,inactive,2022
,17504732,inactive,2010
,17510473,inactive,2020
,17514991,inactive,2011
,17520509,inactive,2019
,1752153X,inactive,2018
,17522897,inactive,2016
,17534631,inactive,2012
,17535174,inactive,2011
,17546834,inactive,2021
,17547431,inactive,2019
,17550017,inactive,2011
,17551536,inactive,2016
,17552672,inactive,2021
,17557682,discontinued,2015
,17559294,inactive,2012
,17562023,inactive,2010
,17566649,inactive,2014
,17571626,inactive,2014
,17572428,inactive,2014
,17575036,inactive,2010
,17575931,inactive,2013
,17582555,inactive,2012
,17583284,discontinued,2015
,17587360,inactive,2014
,1758907X,inactive,2013
,17625858,inactive,2005
,17626013,inactive,2005
,17626137,inactive,2005
,17626145,inactive,2005
,17696763,inactive,2005
,18042740,inactive,2014
,1813856X,inactive,2015
,1815347X,inactive,2023
,18197566,inactive,2015
,18234631,inactive,2019
,18235530,inactive,2014
,1824727X,inactive,2019
,1825229X,inactive,2015
,18278620,discontinued,2021
,18325505,inactive,2016
,18328679,inactive,2010
,1833928X,inactive,2024
,18349250,inactive,2015
,18361935,discontinued,2017
,18368808,inactive,2023
,18370144,inactive,2022
,18379303,inactive,2020
,18380956,inactive,2021
,18382142,inactive,2012
,18387640,discontinued,2025
,18404529,inactive,2013
,18495435,inactive,2022
,18578489,discontinued,2023
,18579655,discontinued,2022
,18605214,inactive,2013
,18609937,inactive,2016
,18637329,inactive,2014
,18641385,inactive,2023
,1872115X,inactive,2009
,1873135X,inactive,1995
,18740790,inactive,2015
,1874088X,discontinued,2018
,1874110X,inactive,2018
,18741266,inactive,2014
,18741290,discontinued,2018
,18741436,inactive,2013
,1874155X,inactive,2015
,18741584,inactive,2013
,18741967,inactive,2015
,18742130,inactive,2021
,18742262,inactive,2014
,18742416,inactive,2014
,18742793,discontinued,2015
,18742823,inactive,2015
,18743218,inactive,2018
,18743404,inactive,2013
,18743471,inactive,2015
,18744184,inactive,2015
,18744214,inactive,2014
,18744443,inactive,2015
,18744532,inactive,2020
,1874558X,inactive,2004
,18746020,inactive,1996
,18747698,inactive,2010
,18748287,inactive,2014
,18748384,inactive,2015
,18748481,inactive,2014
,1874916X,inactive,2015
,18749232,inactive,2015
,18749402,inactive,2011
,18749496,inactive,2015
,18750354,inactive,2013
,18750362,discontinued,2025
,18750370,inactive,2013
,18750397,inactive,2014
,18750435,inactive,2013
,18750443,inactive,2013
,18751814,inactive,2013
,18753973,inactive,2012
,18759335,inactive,2011
,1876214X,inactive,2014
,18763251,inactive,2014
,1876326X,inactive,2013
,1876391X,inactive,2013
,18763960,inactive,2015
,18764010,inactive,2013
,18765238,inactive,2012
,18765246,inactive,2015
,18765254,inactive,2015
,18765262,inactive,2020
,18765289,inactive,2012
,18765297,inactive,2015
,18765327,inactive,2014
,18765351,inactive,2010
,18765394,inactive,2014
,18768172,inactive,2014
,18768199,inactive,2011
,18768229,inactive,2015
,18768237,inactive,2015
,18768253,inactive,2013
,18768938,inactive,2020
,18768946,inactive,2014
,1877282X,inactive,2012
,18773818,inactive,2014
,18777295,inactive,2013
,18794122,inactive,2011
,18794378,inactive,2016
,18806023,inactive,2010
,18826660,inactive,2015
,18826695,inactive,2020
,18833578,inactive,2022
,18848826,inactive,2016
,18945570,inactive,2019
,18960782,inactive,2016
,18987249,inactive,2017
,19112092,inactive,2020
,19185901,inactive,2023
,19232799,inactive,2017
,19270321,inactive,2022
,19275307,discontinued,2021
,19294409,discontinued,2021
,19297092,discontinued,2019
,19300433,discontinued,2024
,19322321,discontinued,2025
,19326246,inactive,2018
,19335377,inactive,2013
,19344708,inactive,2017
,19347197,inactive,2010
,19347235,discontinued,2012
,19356226,inactive,2014
,19356439,inactive,2007
,19359810,inactive,2011
,19362625,discontinued,2017
,19366256,inactive,2019
,19372841,inactive,2019
,1937786X,inactive,2018
,19378289,discontinued,2020
,19389787,inactive,2020
,1939067X,inactive,2016
,19391633,inactive,2017
,19394810,inactive,2013
,19405901,discontinued,2017
,19406223,discontinued,2016
,19412851,inactive,2021
,19415842,inactive,2023
,19416911,inactive,2022
,19422660,discontinued,2016
,19429525,inactive,2011
,1943023X,discontinued,2020
,19430523,inactive,2002
,19438141,discontinued,2021
,19443277,inactive,2018
,19443285,discontinued,2024
,19448171,discontinued,2017
,19463251,inactive,2010
,19467125,inactive,2015
,19481756,discontinued,2017
,19483430,inactive,2020
,1948593X,discontinued,2014
,19485948,discontinued,2014
,19485956,discontinued,2014
,19485964,discontinued,2014
,19725787,inactive,2020
,1981982X,discontinued,2024
,19830823,inactive,2022
,19843046,inactive,2018
,19894104,discontinued,2026
,19898436,discontinued,2015
,1991637X,inactive,2011
,19922248,inactive,2011
,19960808,inactive,2012
,19960816,inactive,2011
,19960875,inactive,2012
,19984464,discontinued,2022
,19984510,discontinued,2022
,2000625X,inactive,2019
,20009666,inactive,2016
,20069863,inactive,2011
,20086822,discontinued,2022
,2008949X,discontinued,2026
,20103700,discontinued,2019
,20297092,inactive,2023
,20329407,discontinued,2024
,20344643,inactive,2022
,20386133,inactive,2016
,20402384,inactive,2010
,20404565,inactive,2023
,20407378,inactive,2016
,20412223,inactive,2016
,20419414,inactive,2022
,20425333,inactive,2014
,20439113,inactive,2015
,20453329,inactive,2019
,20455380,inactive,2015
,20461682,inactive,2020
,20462530,inactive,2019
,20467648,inactive,2018
,20471440,inactive,2016
,20473710,inactive,2020
,20490801,discontinued,2023
,2049324X,inactive,2022
,2050084X,inactive,2024
,20500904,discontinued,2021
,2050490X,inactive,2014
,20505736,inactive,2018
,20507445,inactive,2024
,20515707,inactive,2021
,20517599,inactive,2015
,20521839,inactive,2019
,20529538,inactive,2019
,20533721,inactive,2017
,20538871,inactive,2021
,20542232,inactive,2017
,20550758,inactive,2019
,20551045,inactive,2020
,20556101,inactive,2021
,20563299,inactive,2023
,20563973,inactive,2021
,20565542,inactive,2021
,20566115,inactive,2019
,20566697,inactive,2021
,20635346,discontinued,2022
,2068696X,discontinued,2020
,20687729,discontinued,2023
,20751680,discontinued,2023
,20753071,inactive,2020
,20763905,inactive,2017
,20773528,discontinued,2025
,20848838,inactive,2022
,20910800,inactive,2016
,20926731,inactive,2019
,20943938,discontinued,2021
,21460329,inactive,2021
,21460353,discontinued,2021
,21464138,discontinued,2025
,21464553,discontinued,2025
,21468397,discontinued,2017
,2147611X,discontinued,2023
,21476799,discontinued,2024
,21489637,discontinued,2021
,21489955,discontinued,2020
,21490333,inactive,2024
,21491135,policy,2025
,21492530,inactive,2022
,2149360X,discontinued,2020
,21499144,inactive,2025
,21501173,inactive,2017
,21503516,inactive,2012
,21520267,inactive,2019
,21524114,discontinued,2017
,21552053,inactive,2014
,21556113,discontinued,2014
,21556148,discontinued,2014
,21559546,discontinued,2014
,21559880,discontinued,2014
,21566976,discontinued,2017
,21573999,inactive,2017
,21577439,discontinued,2014
,21577560,discontinued,2014
,21577579,discontinued,2014
,21580669,inactive,2019
,21586195,inactive,2023
,21598126,inactive,2019
,21604150,discontinued,2017
,21604762,inactive,2020
,21612234,inactive,2021
,21612617,inactive,2020
,21624941,inactive,2014
,2162688X,inactive,2017
,21640602,inactive,2017
,21647860,inactive,2020
,2165591X,discontinued,2017
,2167485X,inactive,2022
,21678707,inactive,2024
,21688079,inactive,1926
,21698287,inactive,2018
,21716315,inactive,2021
,2172038X,policy,2024
,21720479,discontinued,2015
,21729077,policy,2025
,21749094,discontinued,2015
,21783640,inactive,2023
,21796491,inactive,2012
,21801363,discontinued,2025
,21843090,policy,2021
,21848645,policy,2025
,21851727,inactive,2008
,21908567,inactive,2021
,21912491,inactive,2013
,21912858,inactive,2014
,21922853,inactive,2014
,21931801,inactive,2017
,21939012,inactive,2017
,21939020,inactive,2017
,21939039,inactive,2017
,21943206,inactive,2020
,21955832,inactive,2021
,21957819,inactive,2021
,21962804,inactive,2022
,21964351,inactive,2021
,2197411X,policy,2025
,21974314,inactive,2021
,21975248,policy,2023
,21980926,inactive,2020
,21994706,inactive,2023
,22002014,discontinued,2020
,22009876,inactive,2012
,22024433,inactive,2019
,22102906,inactive,2016
,22112839,inactive,2016
,22112863,inactive,2016
,2211338X,inactive,2014
,22120971,inactive,2014
,22128263,inactive,2014
,22129685,inactive,2020
,22130586,inactive,2017
,22133232,inactive,2019
,22133976,inactive,2016
,22137459,inactive,2019
,22139885,inactive,2018
,22140085,inactive,2018
,22141812,inactive,2017
,22143300,inactive,2021
,2214398X,inactive,2017
,22145400,inactive,2022
,22146474,inactive,2017
,22146695,inactive,2017
,22147535,inactive,2019
,22147845,inactive,2017
,22184333,discontinued,2018
,22208372,inactive,2016
,22208879,discontinued,2017
,22236589,inactive,2020
,22244980,discontinued,2025
,22260439,discontinued,2025
,22263365,inactive,2018
,22269614,discontinued,2023
,22275053,discontinued,2025
,2227524X,discontinued,2018
,22292225,policy,2025
,22302492,discontinued,2018
,22306161,inactive,2017
,22336567,inactive,2019
,2236577X,inactive,2012
,22458921,inactive,2022
,22498958,discontinued,2019
,22502459,discontinued,2022
,22540709,policy,2025
,22544496,inactive,2019
,22551514,discontinued,2022
,22554165,policy,2023
,22656294,discontinued,2022
,22773878,discontinued,2019
,22778616,discontinued,2020
,22783075,discontinued,2019
,22783091,discontinued,2020
,22825126,inactive,2014
,22897895,discontinued,2025
,22897984,discontinued,2025
,22910026,inactive,2023
,22913467,inactive,2021
,22951210,discontinued,2025
,2297198X,inactive,2020
,22993231,inactive,2023
,22993932,inactive,2021
,23007877,inactive,2019
,23034858,inactive,2023
,23057394,inactive,2023
,23069759,inactive,2023
,23078553,discontinued,2025
,23078960,discontinued,2023
,23084030,inactive,2014
,23091185,discontinued,2020
,23094508,discontinued,2025
,23148063,inactive,2016
,23200790,discontinued,2020
,23207418,discontinued,2023
,23218169,discontinued,2023
,23256095,inactive,2018
,23257237,inactive,2017
,23259809,discontinued,2021
,23262133,inactive,2016
,23265507,inactive,2019
,2327638X,inactive,2020
,23290072,inactive,2018
,23311843,inactive,2020
,2331205X,inactive,2021
,23314737,discontinued,2017
,23320249,inactive,2023
,23327685,inactive,2015
,23327766,inactive,2018
,23337214,inactive,2024
,2333794X,inactive,2024
,23339748,discontinued,2021
,23365447,discontinued,2025
,23450282,discontinued,2020
,23455055,discontinued,2017
,23473983,discontinued,2020
,2347565X,discontinued,2017
,23519886,inactive,2016
,23520264,inactive,2016
,23523093,inactive,2022
,23523859,inactive,2019
,23524065,inactive,2023
,23524529,inactive,2021
,23525738,inactive,2023
,2352667X,inactive,2016
,23527285,inactive,2023
,23529008,inactive,2018
,23529245,inactive,2018
,23529393,inactive,2021
,23634782,inactive,2019
,23667478,inactive,2020
,23687487,discontinued,2023
,23727705,inactive,2023
,23732873,inactive,2023
,23744014,inactive,2018
,23745398,discontinued,2018
,23752696,inactive,2023
,23760605,inactive,2025
,23769998,inactive,2020
,23778075,discontinued,2021
,23789506,inactive,2021
,23791101,discontinued,2023
,23798068,inactive,2020
,23799889,inactive,2020
,23945125,discontinued,2020
,23956518,discontinued,2019
,23971789,inactive,2019
,23988703,inactive,2022
,23997532,inactive,2022
,2399830X,policy,2025
,24055875,inactive,2017
,24056553,inactive,2020
,24056618,inactive,2022
,2405710X,discontinued,2025
,24058521,inactive,2020
,24101869,discontinued,2023
,24156698,discontinued,2020
,24208124,policy,2024
,24237086,inactive,2015
,24447080,inactive,2023
,24448656,discontinued,2024
,24448729,discontinued,2022
,24476536,inactive,2022
,24554855,discontinued,2024
,24570370,discontinued,2025
,2458942X,policy,2025
,24621943,discontinued,2025
,2465101X,inactive,2016
,24651028,inactive,2016
,24684376,policy,2024
,24686026,inactive,2019
,24699632,discontinued,2023
,24734756,inactive,2023
,24761508,discontinued,2026
,2504124X,inactive,2021
,25102044,inactive,2025
,25103636,inactive,2023
,25158260,discontinued,2020
,25161067,inactive,2022
,25162853,inactive,2019
,25168657,inactive,2023
,25203134,discontinued,2025
,25226673,inactive,2021
,25233971,inactive,2023
,25253654,discontinued,2023
,25299824,discontinued,2026
,25304895,inactive,2021
,25349260,inactive,2021
,25443577,discontinued,2021
,25600982,inactive,2020
,2564016X,policy,2024
,25737619,inactive,2024
,2577767X,discontinued,2024
,25787519,inactive,2021
,25816853,discontinued,2025
,25822659,discontinued,2025
,25827472,discontinued,2026
,25870130,discontinued,2020
,25872648,policy,2023
,25883526,discontinued,2024
,25891316,policy,2024
,25897004,inactive,2020
,25897799,discontinued,2023
,25900420,inactive,2023
,25900552,inactive,2023
,25900862,inactive,2021
,25901346,inactive,2021
,25901354,inactive,2019
,25901389,inactive,2020
,25901400,inactive,2022
,25901419,inactive,2020
,25901435,inactive,2021
,25901451,inactive,2020
,25901486,inactive,2019
,25901532,inactive,2022
,25901559,inactive,2020
,25901583,inactive,2020
,25901591,inactive,2025
,2590177X,inactive,2020
,25901885,inactive,2020
,2590289X,inactive,2020
,25902903,inactive,2020
,26036363,inactive,2018
,2616275X,inactive,2021
,26176548,discontinued,2024
,26305046,discontinued,2024
,2632010X,inactive,2024
,26322714,policy,2023
,26334828,discontinued,2023
,26415321,inactive,2019
,26422727,inactive,2023
,26433346,inactive,2011
,26459094,discontinued,2024
,2657697X,inactive,2020
,26586762,discontinued,2020
,26613190,discontinued,2025
,26632187,policy,2022
,26659026,inactive,2020
,26662205,inactive,2023
,26662604,inactive,2023
,26662795,discontinued,2020
,26666294,inactive,2020
,26670119,inactive,2023
,26759780,discontinued,2025
,26767104,policy,2024
,26894653,inactive,2022
,26895870,inactive,2021
,26902052,inactive,2022
,26902060,inactive,2020
,26931508,inactive,2023
,26959623,discontinued,2023
,26959933,discontinued,2023
,27034542,inactive,2023
,27350142,discontinued,2025
,27372812,inactive,2023
,27523829,discontinued,2023
,27528464,inactive,2023
,27568202,discontinued,2025
,27568210,discontinued,2025
,27644170,discontinued,2023
,27728099,inactive,2023
,27752674,discontinued,2025
,27920178,discontinued,2026
,28072618,discontinued,2024
,29534577,discontinued,2025
,29534860,discontinued,2025
,29534917,discontinued,2025
,29586542,discontinued,2025
,2965730X,policy,2023
,29718317,policy,2025
,29807840,discontinued,2026
,29943191,discontinued,2024
,30057531,inactive,2023
,30088127,discontinued,2025
,30088488,discontinued,2025
,30281318,discontinued,2025
,3046403X,discontinued,2025
,30464048,discontinued,2025
,30499011,discontinued,2025
,30795354,discontinued,2025
00010197,,inactive,1998
00010340,,inactive,1999
00010847,,inactive,1948
00011037,,inactive,1986
00011096,,inactive,2002
00011460,,inactive,2008
00012351,,inactive,2005
00012459,,inactive,1987
00012475,,inactive,1999
0001253X,,inactive,2014
00012785,,inactive,2008
00012793,,inactive,2012
00012815,13990039,inactive,2015
00012890,21688052,inactive,1977
00012904,,inactive,1999
00013277,,inactive,1974
00013706,,inactive,1985
00013714,,inactive,1999
00013854,,inactive,1965
00013943,,inactive,1993
00014001,,inactive,1999
00014036,,inactive,1965
00014109,,inactive,1986
00014125,,inactive,1982
00014168,,inactive,1975
00014265,,inactive,1975
0001432X,,inactive,1988
00015121,,inactive,1991
00015148,,inactive,1977
00015156,,inactive,1971
00015180,,inactive,1998
00015253,,inactive,1986
00015288,,inactive,1982
0001530X,,inactive,2005
00015318,,inactive,1983
00015334,,inactive,2005
00015369,,inactive,2009
00015393,,inactive,1973
00015407,,inactive,1982
00015431,,inactive,1982
0001544X,15632563,inactive,2001
00015466,,inactive,1999
00015482,,inactive,1990
00015504,,inactive,2012
00015563,,inactive,1997
00015598,,inactive,1993
00015636,,inactive,1998
00015660,,inactive,1998
00015687,,inactive,2003
00015725,,inactive,2005
00015768,,inactive,1984
00015776,,inactive,2010
00015784,,inactive,1966
00015806,,inactive,1990
00015822,,inactive,1971
00015830,15882608,inactive,2014
00015857,,inactive,2016
00015938,,inactive,2003
00015954,,inactive,1982
00015989,,inactive,1982
00016004,,inactive,2001
00016039,,inactive,1965
00016055,,discontinued,2018
00016098,,inactive,2002
00016101,,inactive,1988
00016152,,inactive,1972
00016160,,inactive,1990
00016187,,inactive,1982
00016217,,inactive,1982
00016225,,inactive,1989
00016233,,inactive,2012
00016284,,inactive,1969
00016330,,inactive,2001
0001639X,,inactive,1994
00016470,,inactive,2005
00016497,,inactive,2004
00016500,,inactive,1988
00016527,,inactive,1982
00016535,,inactive,1981
0001656X,,inactive,1991
00016578,,inactive,1999
00016586,,inactive,1994
00016632,,inactive,1993
00016640,20142986,inactive,2020
00016659,,discontinued,2018
00016667,,inactive,1991
00016675,,inactive,1988
00016683,,inactive,1986
00016705,,inactive,1982
00016748,,inactive,1969
00016756,,inactive,1982
00016764,,inactive,1983
00016772,1365201X,inactive,2005
00016845,,inactive,2002
00016853,,inactive,1983
0001687X,,inactive,2002
00016896,,inactive,1996
00016934,,inactive,1971
00016985,,inactive,1971
00017000,,inactive,1997
00017043,,discontinued,2018
00017051,21903743,inactive,2014
00017078,,inactive,1979
00017116,,inactive,2000
00017132,,inactive,2006
00017183,,inactive,2000
00017205,,inactive,1982
00017248,,inactive,1966
00017299,,inactive,1997
00017302,,inactive,1997
00017329,,inactive,1971
00017604,,inactive,1990
0001785X,,inactive,1998
00017884,,inactive,2001
0001821X,,inactive,2003
00018368,,inactive,2023
00018449,,inactive,2009
00018716,,inactive,1977
00019259,,inactive,1983
00019313,,inactive,1989
00019402,,inactive,1976
00019526,,inactive,1991
00019992,,inactive,1968
00020028,,inactive,1973
00020478,,inactive,2021
00020796,,inactive,2023
00020931,,inactive,1977
00020958,,inactive,2000
00021008,,inactive,1993
00021369,18811280,inactive,1991
00021407,,inactive,2004
00021423,,inactive,1988
00021458,,inactive,1993
00021571,,inactive,1984
00021857,,inactive,2023
00022284,,inactive,1980
00022470,,inactive,1989
00023027,,inactive,1992
00023264,,inactive,1995
00023329,,inactive,1992
00023388,,inactive,1994
00023442,,inactive,1970
0002371X,,inactive,1999
00023957,,inactive,2020
00024198,,inactive,1997
00024317,,inactive,2016
00024538,,inactive,2015
00024678,21624151,inactive,2016
00024821,,inactive,2003
0002502X,18491251,inactive,2014
00025569,,inactive,2005
00025852,,inactive,2022
00025917,,inactive,2005
00026018,16140176,inactive,2006
00026417,,inactive,2014
00026557,,inactive,1989
00026700,,inactive,1978
00027049,,inactive,2006
00027103,,inactive,1972
00027138,,inactive,1992
00027146,,inactive,1975
00027154,,inactive,1977
00027448,,inactive,1973
00027626,,inactive,2018
00027936,,inactive,1975
00027944,,inactive,2011
00027979,,inactive,2016
00028002,,inactive,1972
00028010,,inactive,1978
00028045,,inactive,2016
00028061,,inactive,1986
00028088,,inactive,1987
00028185,,inactive,1974
00028223,,inactive,2011
00028231,,inactive,1999
00028266,,inactive,1999
00028584,,inactive,1987
00028606,,inactive,1976
00028738,,inactive,2017
00028770,,inactive,1989
00028894,,inactive,2000
00028916,,inactive,2002
00028991,,inactive,1976
00029106,,inactive,1991
00029211,,inactive,1978
0002922X,23743018,inactive,1993
00029238,,inactive,1995
00029289,,inactive,1994
00029351,,inactive,1987
00029408,23309474,inactive,1973
00029416,,inactive,1986
00029483,10968644,inactive,2021
00029491,,inactive,1987
00029513,21635773,inactive,2001
00029521,,inactive,1976
00029572,,inactive,1977
00029580,,inactive,1975
00029718,,inactive,1996
00030023,,inactive,1994
00030031,,inactive,2022
00030244,,inactive,2006
00030341,,inactive,2008
00030465,,inactive,1977
00030538,,inactive,1984
00030589,,inactive,1997
00030635,,inactive,1983
00030805,,inactive,1993
0003097X,21618062,inactive,2021
00030996,,inactive,2016
00031070,,inactive,2001
00031186,19386958,inactive,2023
00031194,,inactive,1983
00031208,,inactive,1974
00031348,15559823,discontinued,2024
00031453,19435673,inactive,2017
00031569,,inactive,2001
00032417,1432055X,inactive,2022
00032468,,discontinued,2018
0003276X,10970185,inactive,2002
00032786,,inactive,1996
00033049,,inactive,2016
00033146,15229505,inactive,1999
00033162,,inactive,1992
00033189,,inactive,1973
00033324,,inactive,1980
00033480,,inactive,1985
00033561,,inactive,1994
00033855,,inactive,1975
00033871,,inactive,1981
0003388X,,inactive,1979
00033944,17683157,inactive,2006
00033952,,inactive,1977
00033960,,inactive,1982
00033979,,inactive,1976
00033995,17683211,inactive,2004
00034061,,inactive,1981
00034088,2100000X,inactive,2021
0003410X,,inactive,2003
00034118,17813875,inactive,2014
00034134,,inactive,2001
00034150,,inactive,1993
00034169,12864838,inactive,2010
00034185,,inactive,1997
00034193,,inactive,1992
0003424X,,inactive,1995
00034274,,inactive,1977
00034312,,inactive,1998
00034355,,inactive,1976
00034371,,inactive,1977
0003438X,,inactive,2009
00034398,,inactive,2001
00034401,17683378,inactive,2007
00034436,1952403X,inactive,2017
00034460,,inactive,1978
00034479,,inactive,1972
00034533,,inactive,1976
00034592,16128877,inactive,2007
00034649,,inactive,1960
00034665,,inactive,2001
00034673,,inactive,1977
00034703,,inactive,1960
0003472X,,inactive,1983
00034738,,inactive,1995
00034762,,inactive,1988
00034770,,inactive,2005
00034843,,inactive,1982
00034878,14753162,inactive,2016
00034908,,inactive,1972
00034983,13648594,inactive,2011
00035017,,inactive,2001
00035483,,inactive,2023
00035505,,inactive,1990
00035637,,inactive,1984
00035661,,inactive,2022
00035769,,inactive,2019
00036056,,inactive,2016
00036293,,inactive,2014
00036536,,inactive,2020
00036781,,inactive,2004
00036919,,inactive,1975
00036994,,inactive,1999
00037214,13652087,inactive,1999
00037931,,inactive,1974
00038105,,inactive,2007
00038113,19435746,inactive,2020
0003858X,,inactive,2018
0003861X,,inactive,2014
00038970,,inactive,2017
00039012,,inactive,1974
00039039,,inactive,1995
00039063,,inactive,1986
00039098,,inactive,2015
00039128,,inactive,1978
00039136,,inactive,2006
00039152,,inactive,2000
00039179,,inactive,1971
00039187,,inactive,1985
00039195,,inactive,1973
00039217,,inactive,1972
00039225,,discontinued,2018
00039268,,inactive,1987
00039276,,inactive,1974
00039306,,inactive,2007
00039330,,inactive,1977
00039357,,inactive,1991
00039365,,inactive,1997
00039373,,inactive,1983
0003942X,,inactive,2002
00039446,,inactive,1982
0003956X,,inactive,1973
00039594,,inactive,1986
00039608,,inactive,1975
00039683,,inactive,2007
00039691,,inactive,1993
0003973X,,inactive,1977
00039764,,inactive,1993
00039772,,inactive,1976
00039780,,inactive,1996
00039799,,inactive,1990
00039810,,inactive,2011
00039829,,inactive,2022
0003987X,15383652,inactive,2012
00039896,,inactive,2004
0003990X,15383636,inactive,2013
00039926,15383679,inactive,2012
00039942,15383687,inactive,2013
00039950,15383601,inactive,2013
00039977,23763817,inactive,1985
00040010,15383644,inactive,2013
00040037,,inactive,1990
0004010X,,inactive,1998
00040126,,inactive,1999
00040185,,inactive,1986
00040207,2239740X,inactive,2016
00040223,,inactive,1991
00040258,,inactive,1967
00040290,,inactive,1986
00040312,,inactive,1983
00040436,,inactive,1998
00040533,,inactive,1992
00040576,,inactive,1999
00040606,,inactive,1996
00040657,,inactive,1979
00040681,,inactive,1987
00040746,,inactive,1986
00040762,,inactive,1985
00040770,,inactive,1988
00040797,,inactive,1988
00040800,,inactive,1983
00040851,,inactive,1998
00041289,,inactive,1992
0004153X,,inactive,2004
00041556,,inactive,1985
00041769,,inactive,1990
00041823,,inactive,2018
00041858,,inactive,2016
00041947,,inactive,1991
00041963,,discontinued,2023
00042218,,inactive,1974
00042730,16779487,inactive,2014
00042838,,inactive,1981
00042897,,inactive,1997
00042927,,discontinued,2017
00043273,,inactive,2022
00043559,,inactive,1996
00043591,15290131,inactive,2013
00043958,,inactive,2011
00044083,,inactive,2020
00044172,16167066,inactive,2012
0004461X,,inactive,1991
00044849,,inactive,2016
00044954,,inactive,2007
00045063,,inactive,1990
00045128,,inactive,1987
00045241,,inactive,1981
00045268,,inactive,1978
00045322,,discontinued,2019
00045373,,inactive,1961
00045446,,inactive,1972
00045497,,inactive,1965
00045500,,inactive,1989
00045608,14678306,inactive,2015
00045691,,inactive,1994
00045756,,inactive,1991
00046205,,inactive,1974
00046213,,inactive,1983
00046493,,inactive,2017
00046981,,inactive,1989
00047120,,inactive,2007
00047147,,inactive,1977
00047163,,inactive,2005
0004721X,,inactive,1979
0004783X,,inactive,1998
00048038,,inactive,2026
00048291,,inactive,2000
00048461,14401673,inactive,2007
00048623,1839471X,inactive,2016
00048658,18379273,inactive,2020
00048682,,inactive,2026
00048917,,inactive,2001
00048992,14678446,inactive,2023
00049042,,inactive,2002
00049190,14678470,inactive,2004
00049395,,inactive,1995
00049409,,inactive,2008
00049417,,inactive,1988
00049433,,inactive,2010
0004945X,,inactive,1986
00049506,,inactive,2000
00049514,14492059,inactive,2009
00049549,,inactive,1997
00049573,,inactive,2010
00049581,,inactive,1996
00049611,,inactive,2013
00049670,22014276,inactive,2016
00049743,,inactive,2008
0004976X,,inactive,2018
00049913,,inactive,1989
0004993X,,inactive,1989
00050091,,inactive,1985
00050164,,inactive,1991
00050326,,inactive,2002
00051063,,inactive,1971
0005111X,,inactive,2005
00051241,,inactive,1978
00051861,,inactive,1999
00052175,,inactive,2018
00052310,24139777,inactive,2004
00052337,,inactive,2005
00052760,,inactive,1998
00052787,,inactive,1981
00052795,,inactive,1981
00053309,,inactive,1996
00053678,,inactive,1977
00053848,,inactive,1995
00054577,,inactive,1987
00057665,,inactive,1973
0005772X,,inactive,2005
00057932,,inactive,1976
00057940,1932300X,inactive,1996
00058025,,inactive,1987
00058165,,inactive,1977
00058173,,inactive,1999
00058351,,inactive,2012
00058580,23767154,inactive,2005
00059099,,inactive,2012
00059498,,inactive,1977
00059889,,inactive,2005
0006002X,,inactive,2002
00060208,,inactive,2014
00061786,,inactive,1979
00061999,,inactive,2008
00062278,,inactive,2012
00062898,,inactive,1976
00062944,,inactive,1985
00063029,,inactive,2016
00063061,,inactive,1978
00063126,14219727,inactive,2006
00063215,,inactive,1979
0006324X,,inactive,2021
00063304,,inactive,1996
00063452,,inactive,1976
00063517,,inactive,1973
00063916,,inactive,2005
00065242,,inactive,1990
00065250,,discontinued,2017
00065269,,discontinued,2016
00066117,16766385,inactive,2012
0006629X,,inactive,1974
00066303,,inactive,2001
00066311,,inactive,1983
00066648,,inactive,2005
00066710,,inactive,2009
00066729,,inactive,2020
00067156,,inactive,1996
00067237,,inactive,2014
00068063,,inactive,2005
00068071,,inactive,1991
0006808X,21853835,inactive,1992
00068969,,inactive,2008
00069337,,inactive,1982
00069612,,inactive,2000
00069620,,inactive,1969
00070106,,inactive,2019
00070335,,inactive,2018
00070599,,inactive,2002
00070629,,inactive,1993
00070653,,inactive,1979
00070718,,inactive,1985
00070769,,inactive,1995
00070785,,inactive,2001
00070890,2056516X,inactive,1979
00070947,,inactive,1997
00070971,,inactive,1988
0007098X,,inactive,1991
00071021,,inactive,1989
00071064,,inactive,1997
00071072,,inactive,1993
00071110,,inactive,1975
00071129,,inactive,2001
00071137,,inactive,1994
0007117X,,inactive,1983
00071218,,inactive,1980
00071226,14653087,inactive,2005
00071242,,inactive,1977
00071293,,inactive,1980
00071331,,inactive,1998
0007134X,,inactive,1984
00071536,,inactive,1988
00071587,,inactive,1977
00071617,,inactive,1992
00071625,,inactive,1971
00071641,1934256X,inactive,1990
00071684,,inactive,2000
00071692,,inactive,1983
00071935,,inactive,1996
00072222,,inactive,1975
00072486,,inactive,1987
00072680,,inactive,1974
00073628,,inactive,1975
00073725,24713112,inactive,2002
00074217,,inactive,2017
0007439X,,inactive,1981
00074632,,inactive,1995
0007473X,,inactive,2016
00074764,,inactive,2001
00074802,23680261,inactive,2018
00074810,,inactive,2000
00074985,,inactive,1972
0007506X,,inactive,1982
00075124,,inactive,1994
00075132,,inactive,1995
0007523X,,inactive,2008
00075248,,inactive,2004
00075779,,inactive,2011
00075914,,inactive,1992
00075922,,inactive,2024
00077135,07398409,inactive,2008
00078549,,inactive,2020
00078980,,inactive,1989
00079006,,inactive,1975
00079308,,inactive,1979
00079685,,inactive,2005
00079723,22623094,inactive,2023
00079766,17088968,inactive,2022
00079995,,inactive,2010
0008008X,,inactive,2001
00080160,,inactive,1982
00080179,,inactive,1973
00080276,19696787,inactive,2010
00080365,,inactive,2011
00080403,,inactive,1993
00080594,,inactive,1978
00080977,,inactive,1999
00081078,23310405,inactive,2022
00081264,,inactive,1973
00082821,17128005,inactive,2016
00082856,,inactive,1986
00082902,,inactive,1984
00083267,,inactive,2007
00083372,,inactive,1977
00083380,,inactive,1986
00083399,,inactive,1997
00083798,,inactive,1973
00084018,,inactive,1982
00084026,14803305,inactive,2007
00084050,,inactive,1985
00084093,,inactive,1986
00084255,,inactive,1992
00084360,,inactive,2019
00084476,,inactive,2022
00084484,,inactive,1987
00084581,14925494,inactive,2016
0008476X,,inactive,1996
00084778,,inactive,1998
00084824,,inactive,1979
00084948,,inactive,2007
00085103,,inactive,1987
00085170,,inactive,2015
00086355,,inactive,1996
00086452,,inactive,2016
00086533,,inactive,2010
00087262,,inactive,2002
00087378,,inactive,1992
00087645,,inactive,1978
00087912,21632529,inactive,2012
00088099,,inactive,1979
00088137,,inactive,2000
00088730,,inactive,1990
00089176,,inactive,2015
00089192,,inactive,2018
00090379,,inactive,1996
00090476,,inactive,1989
00090522,,inactive,1994
00090530,,inactive,1993
00090565,,inactive,1993
00090573,,inactive,1991
00090581,,inactive,1973
00090689,,inactive,1991
00090875,23861274,inactive,2016
00092223,,inactive,2009
0009241X,,inactive,1968
00092460,,discontinued,2018
00092517,,inactive,2018
00092592,,inactive,1977
00092630,,inactive,2023
00092681,20509227,inactive,1971
00092703,,inactive,1999
0009272X,,inactive,2013
00092886,,inactive,2016
00092940,,inactive,1997
00093106,,inactive,2003
00093262,,inactive,1977
00093459,,inactive,1973
0009353X,,inactive,1972
00094021,,inactive,2015
00094064,,inactive,1971
00094374,,inactive,1973
00094552,,inactive,1995
00094587,,inactive,1974
00094609,19447051,inactive,2020
00094625,,inactive,2011
00094722,14330385,inactive,2022
00094730,,inactive,1973
00094749,,inactive,2009
00094773,,inactive,2009
00095281,,inactive,2005
00095753,15511855,inactive,2000
00095982,,inactive,2007
00096725,,inactive,1998
00096881,,inactive,2018
00097004,,inactive,2016
00097101,15272087,inactive,2010
00097209,,inactive,2010
00097306,,inactive,1990
00097314,,inactive,2020
00097381,,inactive,1979
00097497,,inactive,2020
00097845,,inactive,1992
00098337,,inactive,2010
0009840X,14643561,inactive,2005
0009854X,,inactive,2003
00098701,,inactive,1991
00098787,,inactive,1986
00099090,,inactive,1988
00099155,,inactive,2002
00099252,,inactive,2016
00099279,,inactive,1994
00099287,,inactive,1973
00099295,,inactive,1997
00099309,,inactive,1981
00099325,,inactive,1990
00100234,,inactive,1980
00100501,,inactive,1989
00100765,12126950,inactive,2011
00100978,,inactive,1975
00101087,,inactive,2002
00101281,,inactive,1994
00101303,,inactive,1990
00101559,,inactive,2001
00101745,,inactive,1979
00101826,,discontinued,2019
00102601,,inactive,2012
00103063,,inactive,2005
00103330,,inactive,2004
00103381,,inactive,1998
00103551,,inactive,2016
00103608,,inactive,1971
00103632,,inactive,2009
00103829,,inactive,1997
00103837,,inactive,1978
00104035,,inactive,1974
0010406X,,inactive,1979
00104213,,inactive,1995
00104248,,inactive,1985
00104361,,inactive,2002
00104388,,inactive,1980
00104531,,inactive,2005
00104566,,inactive,1984
0010468X,,inactive,1985
00104809,,inactive,2000
00104817,,inactive,2004
00104892,,inactive,1985
00105317,,inactive,2016
00105325,,inactive,1981
00105392,,inactive,1973
00105422,,inactive,2020
00105678,,inactive,1975
00105716,,inactive,2020
00106151,,inactive,2004
00106356,19350252,inactive,2023
00106542,,inactive,2005
00106925,,inactive,2008
00107107,,inactive,1986
00107174,,inactive,2016
00107271,,inactive,1974
0010728X,,inactive,1974
00107301,,inactive,1998
00107379,,inactive,1998
00107832,,inactive,1990
00107980,,inactive,1989
00108022,,inactive,1997
00108189,,inactive,2018
00108804,15523853,inactive,2007
00109355,18841155,inactive,1990
00109371,,inactive,2005
0011085X,,inactive,1976
00111155,,inactive,2003
00111511,,inactive,2014
00111759,,inactive,1997
0011250X,,inactive,2019
00113131,,inactive,2010
00114014,,inactive,1972
00114189,,inactive,2023
00114227,,inactive,1998
00114235,,inactive,1991
00114529,,inactive,2001
00114537,,inactive,1972
00114626,15729486,inactive,2006
00114839,,inactive,1971
0011605X,,inactive,2022
0011684X,,inactive,1986
00116963,,inactive,1998
00117188,,inactive,2004
00117471,,inactive,1977
00117781,,inactive,2016
00118516,,inactive,1998
00118567,,inactive,1972
00118583,,inactive,1999
00118648,,inactive,1973
00118710,,inactive,1979
00118729,,inactive,1972
00118834,,inactive,1981
00119075,,inactive,1991
00119083,,inactive,1993
00119407,,inactive,2002
00120219,,inactive,1984
00120235,,inactive,1998
00120308,,inactive,2000
00120367,,inactive,1980
0012074X,,inactive,1993
00120758,,inactive,2008
00120790,,inactive,1973
00120847,,inactive,1970
00121010,,inactive,1974
00121029,,inactive,1992
00121037,,inactive,1974
00121053,,inactive,1988
00121096,,inactive,2007
00121207,,inactive,2012
00121223,,inactive,2015
00121770,,inactive,1972
00122017,17468361,inactive,2023
00122459,,inactive,2003
0012253X,,inactive,2007
00122602,,inactive,1980
00122610,,inactive,1989
00123714,,inactive,1977
00123811,,inactive,1996
00124044,,inactive,1973
00124419,,inactive,2000
00124508,,inactive,2016
00124958,,inactive,2000
00124974,,inactive,2000
00124990,15738957,inactive,1990
00125032,,inactive,2008
00125768,,inactive,2014
00125911,,inactive,1988
0012592X,,inactive,1988
00125938,,inactive,2004
00126136,,inactive,2003
00126225,,inactive,1985
00126497,,inactive,1980
00126578,,inactive,1988
00126683,,inactive,2002
00127183,22423281,inactive,2016
00127361,19891490,policy,2023
0012740X,,discontinued,2015
00127515,,inactive,2013
00127582,,inactive,1971
00127590,,inactive,1997
00128058,,inactive,1987
00128287,,inactive,1986
00128449,,inactive,2008
00128481,,inactive,1999
00128686,,discontinued,2017
00128708,,inactive,2011
00128783,,inactive,1982
00129402,,inactive,2006
00130451,,inactive,2004
00130567,,inactive,2013
00130613,,inactive,2018
0013094X,,inactive,2005
00131091,,inactive,1995
00131350,,inactive,2022
00131784,,inactive,2019
00132608,,inactive,2016
0013273X,,inactive,1999
00132810,,inactive,2008
00133329,,inactive,1976
00134252,,inactive,1995
00134457,,inactive,2001
00134694,18726380,inactive,1998
00134732,,inactive,1971
00134821,,inactive,1979
00134872,,inactive,2018
00134902,,inactive,2002
00134945,,inactive,2001
00135070,,inactive,1984
00135127,,inactive,1987
00135305,,inactive,1976
00135380,24111333,inactive,2005
00135704,,inactive,1994
00135720,,inactive,1985
00135739,,inactive,2005
00135771,,inactive,2005
00135860,,inactive,2004
00136131,,inactive,1984
00136158,,inactive,2007
00136557,,inactive,2016
00136654,,inactive,2018
00137200,,inactive,1990
00137219,,inactive,1992
00137251,,inactive,1982
00137278,,inactive,2005
00137448,,inactive,2003
00137480,,inactive,1979
00137529,,inactive,1980
00137871,,inactive,1992
0013788X,,inactive,1984
00137898,,inactive,1999
0013807X,,inactive,1992
00138339,15592715,inactive,2020
00138711,,inactive,2000
00138827,,inactive,1998
00138878,,inactive,1997
00138894,,discontinued,2017
00138959,,inactive,1997
00139173,,inactive,1985
00139300,,inactive,1975
00139327,,inactive,1979
00139424,,inactive,1972
00139432,,inactive,1992
00139475,,inactive,1987
00139637,,inactive,1976
00140058,,inactive,1995
00140171,,inactive,2019
00140309,14390302,inactive,2023
00141364,,inactive,1975
00141569,,inactive,1981
00141828,21603510,inactive,2012
0014214X,17089069,inactive,2010
00142158,,inactive,1997
00142182,,inactive,2023
00142476,,inactive,1994
00142573,,inactive,2007
00142875,,inactive,2005
00142956,,inactive,2004
00142964,,inactive,1981
00143316,,inactive,1990
00144754,,inactive,1996
00144908,,inactive,1978
00145491,,inactive,1976
00146722,18530605,inactive,2023
00147214,,inactive,1975
0014729X,,inactive,2022
00147354,,inactive,2001
00147672,,inactive,1971
00148172,,discontinued,2015
00148229,25364316,discontinued,2016
0014827X,,inactive,2016
00148318,,inactive,1991
00149306,,inactive,1990
00150444,,inactive,1977
00150568,,inactive,1984
00150754,,inactive,1997
0015119X,,inactive,2019
00151874,,inactive,1998
00152587,,inactive,2007
00152609,,inactive,2002
00152617,,inactive,1990
0015296X,,inactive,1979
00153214,,inactive,2004
00153222,,inactive,2005
00153230,,inactive,2004
00153273,,inactive,2005
0015329X,,inactive,2016
0015363X,,inactive,2022
00153818,,inactive,1997
00153990,,inactive,1989
00154148,,inactive,1998
00154199,21697531,inactive,2016
00154652,,inactive,1974
00154687,,inactive,1982
00155004,,inactive,1997
0015511X,,inactive,2012
00155314,,inactive,2016
00155403,20645139,inactive,2014
00155454,,inactive,1998
00155470,,inactive,1972
00155551,15731170,inactive,1994
0015556X,,inactive,1990
00155586,,inactive,1983
00155594,,inactive,1996
00155608,,inactive,1972
00155624,,inactive,1972
00155667,,inactive,2007
00155705,,inactive,1993
00155721,,inactive,1985
00156264,,inactive,1982
00156361,,inactive,1992
0015637X,,inactive,1974
00156477,,inactive,2023
00156639,,inactive,2021
00156647,,inactive,1988
00157163,,inactive,1984
00157228,,inactive,2023
00157368,,inactive,1994
00158003,14390337,inactive,2003
00158011,,inactive,1975
00158151,,inactive,1985
0015816X,,inactive,1995
00158178,,inactive,1999
00158186,,inactive,1987
00158194,,inactive,1978
00158259,,inactive,2018
00158356,,inactive,1985
00158976,,inactive,1992
00159034,,inactive,1974
00159042,,inactive,2011
0015931X,,inactive,2000
00159409,,inactive,2012
0016030X,,inactive,2003
00161152,,inactive,1989
00162116,,inactive,1997
00162329,,inactive,1974
00162523,,inactive,2020
0016254X,,inactive,2016
00162582,,inactive,1999
0016268X,,inactive,2002
00163317,,inactive,2013
00163368,,inactive,1962
00163503,,inactive,1996
00164119,21099588,inactive,2016
0016450X,,inactive,1984
0016478X,16114434,inactive,2002
00164909,,inactive,2017
00165492,14603594,inactive,2005
00165557,,inactive,1983
00165581,,inactive,2005
00165603,,inactive,1996
00165670,,inactive,1985
00166448,,inactive,2006
0016660X,,inactive,1979
00166677,,inactive,1984
00166715,,inactive,1978
00166723,14695073,discontinued,2023
00166758,,inactive,2016
00166766,,inactive,2010
00167142,,inactive,1992
00167177,,inactive,2011
00167258,,inactive,1995
0016741X,,inactive,1996
00167444,,inactive,2008
00167525,,inactive,2005
00167614,,inactive,1983
00167630,,inactive,1997
00167738,,inactive,1990
00167770,,inactive,2004
00167835,,inactive,1999
0016786X,,inactive,1991
00167886,,inactive,2006
00167924,13334875,inactive,1985
00168297,,inactive,2001
00168300,,inactive,2004
00168386,,inactive,2012
00168556,,inactive,2008
0016867X,,inactive,2009
00168882,,inactive,2012
00168904,,inactive,2022
00169161,,inactive,2020
00169714,,inactive,2005
00169919,,inactive,1991
0017002X,,inactive,1984
00170070,,inactive,1996
00170224,,inactive,1997
00170267,,inactive,1973
00170291,,inactive,2001
00170305,,inactive,2015
00170313,,inactive,1981
00170321,,inactive,1994
00170437,,inactive,2009
00170844,,inactive,1981
00170984,,inactive,2008
00171018,,inactive,2003
00171026,,inactive,2001
00171050,,inactive,2005
00171387,,inactive,2005
00172901,,inactive,2001
00173614,,inactive,1999
00174653,,inactive,2007
00174726,,inactive,1980
00174793,,inactive,1987
00174947,,discontinued,2018
00174955,,inactive,1975
00175595,,inactive,1983
00175838,,inactive,1969
00175986,,inactive,1977
00175994,14330393,inactive,2022
00176001,,inactive,1991
0017601X,,inactive,1971
00176028,,inactive,1972
00176036,,inactive,2000
00176451,,inactive,1982
00176559,15685594,inactive,2002
00176583,,inactive,1988
00177768,,inactive,2016
0017789X,,inactive,2005
00178055,19435045,inactive,2017
00178136,,inactive,2012
00178322,,inactive,2018
00178470,14321173,inactive,2022
00178594,,inactive,2011
00178616,,inactive,1983
00179140,,inactive,1995
0017940X,,inactive,2000
00179876,,inactive,2001
00179973,,inactive,2021
00180130,,inactive,1989
00180181,,inactive,1994
00180203,,inactive,1974
0018022X,,inactive,1989
00180238,,inactive,1999
00180416,,inactive,1992
00180637,,inactive,2012
00180750,,inactive,2012
00181153,,inactive,1998
00181390,,inactive,2001
00181501,,inactive,1978
00181935,,inactive,2009
00182214,,inactive,2003
00182222,,inactive,1973
00182621,,inactive,2021
00182753,,inactive,2017
0018277X,,discontinued,2016
00183377,,inactive,1997
00183458,,inactive,1997
00183571,,inactive,1991
00183784,16056779,inactive,2002
00183849,,inactive,2001
0018439X,,inactive,2004
0018456X,,inactive,2018
00184888,,inactive,1985
00185051,,inactive,1972
00185477,,inactive,1949
00185639,,inactive,1982
00185647,,inactive,2006
00185663,,inactive,1985
00185817,,inactive,1984
00185841,,inactive,1975
00185973,,inactive,1993
00186082,,inactive,2010
00186368,,inactive,2020
00186694,,inactive,2004
00186775,,inactive,1979
0018702X,,inactive,2011
00187143,15346617,inactive,2023
00187348,,inactive,1975
00187399,,inactive,2004
00188131,,inactive,1974
0018814X,,inactive,2013
00188190,,inactive,2020
00188220,1930630X,inactive,2001
00188247,,inactive,1998
00188255,,inactive,1973
00188646,21518556,inactive,2020
00188670,,inactive,2008
00188778,,inactive,1996
00189278,15582582,inactive,1973
00189308,2168166X,inactive,1974
00189324,23749555,inactive,1973
00189332,21622175,inactive,1971
00189367,1557962X,inactive,1993
00189405,23313706,inactive,1971
00189413,,inactive,1982
00189421,23750502,inactive,1988
0018943X,,inactive,1971
00189472,,inactive,1995
00189502,15582655,inactive,1971
00189510,,inactive,1985
00189537,21621403,inactive,1985
00189820,,inactive,2004
00189960,,inactive,1992
00190357,,inactive,1997
00191639,,inactive,2016
00191655,,inactive,2003
00192031,,inactive,2015
00192333,,inactive,1949
00192791,,inactive,1977
00193062,,inactive,2016
0019333X,,inactive,2007
00194247,,discontinued,2018
00194611,,inactive,1991
00194816,,inactive,2001
00195081,,inactive,1971
00195103,,inactive,1983
00195111,,inactive,1977
00195162,,inactive,1975
00195189,09751009,discontinued,2018
00195340,,inactive,1994
00195359,19983654,discontinued,2017
00195421,,inactive,1991
00195448,,inactive,1975
00195472,,inactive,1978
00195502,09740252,inactive,2018
0019560X,,inactive,1983
00195669,,inactive,1993
00195936,,inactive,2009
00196355,,inactive,2019
00196568,,inactive,2016
00196770,,inactive,1983
00197491,,inactive,2004
00197548,,inactive,2007
00197637,,inactive,2007
00198145,,inactive,2008
00198234,,inactive,1995
00198307,,inactive,2008
00198323,,inactive,1991
00198374,,inactive,2008
00198447,,inactive,2000
00198471,,inactive,2011
0019848X,,inactive,1992
00198528,,inactive,2000
00198536,,inactive,1973
00198862,,inactive,1985
00199044,,inactive,2012
00199176,,inactive,2010
00199605,,inactive,1985
00199958,,inactive,1986
00200093,,inactive,1997
00200271,,inactive,1974
00200891,,inactive,1993
00201154,,inactive,1992
00201200,,inactive,1996
00201650,,inactive,1981
00201790,,inactive,1991
00202274,,inactive,2000
00202444,,inactive,1972
00202452,,inactive,1998
00202460,,inactive,1998
00202495,,inactive,2003
00202509,,inactive,2014
00202835,20565224,inactive,1987
00202886,,inactive,1978
00202975,,inactive,1973
00203076,,inactive,2011
00203122,,inactive,2007
00203203,,inactive,2009
00203262,,inactive,1989
00203270,,inactive,1980
00203297,,inactive,1989
00203319,,inactive,1994
00203351,,inactive,2011
0020336X,,inactive,2011
00203386,,inactive,2011
00203394,,inactive,1984
00203408,,inactive,2011
00203416,,inactive,1973
00203483,,inactive,1982
0020353X,,inactive,1979
00203696,,inactive,1979
00203785,,inactive,2000
00204382,,inactive,1980
00204463,,inactive,1973
00204544,,inactive,1982
00204552,,inactive,1986
00205214,,inactive,2022
00205915,,inactive,1991
00205923,,inactive,1975
00205958,,inactive,1985
00206024,,inactive,1971
00206091,,inactive,2001
00206415,,inactive,1995
00206466,,inactive,1991
00206563,,inactive,1999
0020658X,,inactive,2023
00206695,,inactive,1970
00206946,,inactive,2006
00207055,,inactive,1976
0020708X,,inactive,1985
00207101,,inactive,1996
0020711X,,inactive,1994
0020725X,,inactive,1994
00207268,,inactive,1972
00207306,,inactive,1982
00207314,15414469,inactive,2022
00207322,,inactive,1999
00207349,,inactive,1998
00207357,,inactive,1988
00207373,,inactive,1993
00207381,,inactive,1983
00207470,,inactive,1971
00207551,,inactive,1971
0020756X,,inactive,1973
00207616,,inactive,1988
00207667,,inactive,1996
00207713,,inactive,1999
0020773X,,inactive,1995
00207810,21696578,inactive,2022
00207837,,inactive,1991
00208027,,inactive,1995
00208191,,inactive,2019
00208256,17516919,inactive,2020
00208272,,inactive,1982
00208442,,inactive,2004
00208841,,inactive,2020
00209147,,inactive,1989
00209252,,inactive,2023
00209309,,inactive,1997
00209376,,inactive,1973
00209384,,inactive,2017
00209392,,inactive,1973
00209406,,inactive,1970
00209554,14321289,inactive,2022
00209635,,inactive,2018
00209988,,inactive,1976
00210005,,inactive,1981
0021048X,,inactive,1973
00210498,,inactive,2001
00210587,,inactive,1983
00210927,,inactive,1960
00211133,,inactive,2016
0021129X,,inactive,1995
00211311,,inactive,1997
00211346,,inactive,1971
00211389,,inactive,2018
00211524,,inactive,1973
00211559,,inactive,1999
00211567,,inactive,1973
00211583,,inactive,1988
00211915,,inactive,1989
00211958,,inactive,1979
0021213X,,inactive,1993
00212164,,inactive,2009
00212180,,inactive,1997
00212210,,inactive,2006
00212938,,inactive,2007
00213292,,inactive,2003
00213438,,inactive,2005
00213462,,inactive,2005
00213470,,inactive,2004
00213667,15272060,inactive,2021
00213764,,inactive,1996
00214434,,inactive,1990
0021454X,,inactive,1990
00214671,,inactive,1997
00214744,,inactive,1988
00214752,,inactive,1995
00214795,,inactive,2013
00214809,,inactive,1996
00214817,,inactive,1969
00214868,1348673X,inactive,2004
00214892,,inactive,2018
00214930,18824110,inactive,2016
00214981,,inactive,1990
0021504X,18805787,inactive,1995
00215074,,inactive,1992
00215090,,inactive,2006
00215112,,inactive,1998
00215120,,inactive,1991
00215139,,inactive,1976
00215171,,inactive,1990
00215198,13473506,inactive,2002
0021521X,,inactive,2005
00215228,,inactive,2018
00215252,,inactive,2020
00215279,,inactive,1971
00215295,,inactive,1990
00215325,,inactive,1997
00215384,18832083,inactive,2016
00215902,,inactive,1971
00216089,,inactive,1996
00216968,,inactive,2000
00217263,,inactive,1982
00217468,,inactive,1998
00217646,,inactive,2008
00217654,,inactive,1976
00217689,,inactive,1999
00217697,17730422,inactive,2010
00217743,,inactive,1989
00217832,,inactive,1981
00217867,,inactive,1987
00217905,,inactive,1997
0021793X,,inactive,1986
00217948,,inactive,1991
00217972,,inactive,1985
00218103,,inactive,2011
00218200,,inactive,1979
00218219,,inactive,1974
00218332,,inactive,1976
00218359,,inactive,1999
00218375,14390361,inactive,2009
0021843X,,inactive,2021
00218634,10959246,inactive,2001
00218685,,inactive,1976
00218707,,inactive,1971
00218766,,inactive,1989
00218847,,inactive,1996
00218928,,inactive,2017
00218952,,inactive,1982
00218960,,inactive,1997
00219134,,inactive,1981
00219169,,inactive,1996
00219185,,inactive,1978
00219304,,inactive,2002
00219398,,inactive,2006
00219436,15524582,inactive,2014
00219487,21564663,inactive,2015
00219576,,inactive,1974
00219657,,inactive,2012
00219681,,inactive,1987
00219754,,inactive,1973
00219800,,inactive,1970
00219894,17416442,inactive,2024
00219908,,inactive,1973
00219940,,inactive,1982
00220019,,inactive,2018
00220205,,inactive,1965
0022023X,,inactive,2000
00220280,,inactive,1980
00220353,,inactive,2002
0022037X,15482278,inactive,1999
00220612,,inactive,1984
00220701,,inactive,2013
00220744,14779986,inactive,2013
00220752,,inactive,1986
00220809,,inactive,1987
00220817,21619433,inactive,1995
00220825,2161945X,inactive,1987
00220841,,inactive,2003
00220906,,inactive,2013
00220930,16083202,discontinued,2017
00221015,,inactive,1975
0022104X,1097010X,inactive,2002
00221104,,inactive,1983
00221163,,inactive,1985
00221171,,inactive,1971
00221287,,inactive,1993
00221368,,inactive,1995
00221392,,inactive,1997
00221414,,inactive,2002
00221422,,inactive,1994
00221481,15288943,inactive,2022
00221589,,inactive,2020
00221597,,inactive,1994
00221724,,inactive,1993
00221732,,inactive,1992
00221805,,inactive,1981
00221902,,inactive,1981
00221937,,inactive,2000
00221945,,inactive,1993
00222062,,discontinued,2017
00222135,,inactive,1975
00222143,15326543,inactive,2006
00222305,21619522,inactive,1984
00222321,,inactive,1971
0022233X,,inactive,1992
00222356,,inactive,1981
00222364,15578968,inactive,1992
00222402,15439542,inactive,2021
00222453,,inactive,1972
00222542,,inactive,1982
00222569,,inactive,1971
00222577,,inactive,1989
00222607,,inactive,1975
0022264X,,inactive,1991
00222712,,inactive,1983
00222739,,inactive,1986
00222747,,inactive,1975
00222755,,discontinued,2025
00222992,,inactive,1982
00223034,10974695,inactive,2006
00223107,,inactive,1973
00223182,,inactive,2001
00223204,,inactive,1974
00223247,,inactive,1987
00223255,,inactive,1981
00223409,,inactive,2002
0022345X,,inactive,1977
00223638,,inactive,1996
00223654,,inactive,1996
00223700,17473721,inactive,1987
00223719,,inactive,1988
00223735,,inactive,1989
00223743,,inactive,1997
00223867,,inactive,2011
00223921,,inactive,1992
0022393X,,inactive,1980
0022409X,,inactive,2004
00224154,,inactive,2023
00224251,,inactive,2000
00224332,,inactive,1977
00224472,,inactive,1993
00224588,20565240,inactive,1993
00224677,,inactive,1990
00224685,,inactive,1996
00224731,,inactive,1990
00224758,,inactive,1975
00224782,,inactive,1988
00224863,,inactive,2020
00224936,,inactive,1995
00224944,,inactive,1971
00224952,,inactive,1971
00225088,,inactive,1991
00225126,,inactive,1971
00225274,,inactive,2000
00225282,15298809,inactive,2011
00225290,,inactive,1979
00225304,,inactive,1995
00225320,,inactive,1985
00225355,,inactive,1982
00225371,,inactive,1984
00225398,,inactive,1972
00225428,,inactive,1995
00225762,,inactive,2006
00227692,,inactive,2015
00227722,,inactive,2015
00227854,,inactive,2023
00228249,,inactive,1979
00228370,,inactive,1998
00228699,,inactive,1984
00228710,,inactive,2008
00228796,,inactive,1980
00228958,21631611,inactive,2023
00229164,,inactive,2018
00229415,,inactive,1998
00229466,,inactive,2005
00229520,,inactive,1997
00229776,,inactive,2017
00229830,13349090,discontinued,2017
00230162,,inactive,1981
0023026X,,inactive,2002
00230294,,inactive,2009
00230332,,inactive,1966
00230561,25238949,inactive,2022
0023110X,,inactive,2005
00231118,,inactive,2005
00231150,,inactive,2003
00231169,,inactive,2006
00231177,,inactive,2005
00231274,,inactive,2005
00231347,,inactive,2007
00231495,,inactive,1993
00232130,25221396,inactive,2016
00232149,,inactive,2016
00232173,,inactive,1992
00232300,,inactive,1996
00232815,,inactive,2005
00232904,,inactive,1973
00232912,,inactive,2004
00233625,,inactive,1982
00234001,17380006,inactive,2022
00234028,,inactive,1991
00234109,,inactive,2003
00234192,,inactive,1976
00234222,,inactive,2010
00234516,,inactive,1997
00234567,,inactive,2018
00234699,,inactive,2023
00234761,,inactive,2004
00235326,,inactive,1999
00235334,,inactive,2006
00235563,,inactive,1998
00235776,,inactive,1990
00235873,,inactive,2001
00235946,,inactive,1973
00236152,,discontinued,2020
00236748,,inactive,1991
00236764,,inactive,1999
00236810,,inactive,2015
00237299,,inactive,1975
00237302,12979694,inactive,2007
00237728,,inactive,1968
00238031,,inactive,2014
00238058,,inactive,1990
00238082,,inactive,2024
00238236,14321491,inactive,1997
00238864,,inactive,1974
00239046,,inactive,1971
00239704,,inactive,1978
00239852,,inactive,2022
00240044,,inactive,1987
00241008,,inactive,1977
00241024,,inactive,1983
00241482,17831598,inactive,2023
00242306,17458161,inactive,2001
00242535,,inactive,2017
00243345,,inactive,2021
00243507,,inactive,1981
00243620,,discontinued,2016
00243825,,inactive,1979
0024449X,,inactive,2005
00244589,,discontinued,2018
00244759,,inactive,2003
00245461,,inactive,1978
00245585,,inactive,2001
0024581X,,inactive,2000
0024659X,,inactive,1982
00246638,,inactive,1972
00246786,,inactive,1981
00246816,,inactive,2000
00246921,,inactive,2016
00247081,,inactive,2004
00247154,,inactive,2003
00247251,,inactive,1989
00247634,,inactive,1996
00247758,,inactive,2021
00247782,,inactive,1997
00247804,,inactive,1998
00248525,,inactive,2008
0024869X,,inactive,1975
00249041,,inactive,2004
00249106,,inactive,1990
00249114,,inactive,2018
0024922X,,inactive,1980
00249416,,inactive,2017
00249629,,inactive,1971
00249947,,inactive,1994
00250015,,inactive,2005
00250120,,inactive,2023
0025021X,,inactive,2009
00250295,,inactive,2016
00250317,,inactive,1992
00251127,,inactive,1998
00251496,,inactive,1994
00251534,15731103,inactive,1995
00251569,,discontinued,2017
0025181X,,inactive,1981
00252018,,inactive,1979
00252034,,inactive,1979
00252328,18359310,inactive,1986
00252565,,inactive,1991
00252883,,inactive,1983
00253316,21534721,inactive,2018
00253456,,inactive,1979
00253618,,inactive,1989
00253863,18678882,inactive,1997
00254045,,inactive,1965
00254258,,inactive,2002
00254282,,inactive,2004
00254355,,inactive,1998
00254363,,inactive,1984
00254576,,inactive,1995
00254800,,inactive,2016
00255246,,inactive,1998
00255262,,inactive,1998
00255270,,inactive,1999
00255394,,inactive,1972
00255416,,inactive,1989
00255432,,inactive,1998
00255661,,inactive,1996
00255726,21695075,inactive,1992
00255734,21695288,inactive,1993
00256536,,inactive,1995
00256749,,inactive,2004
0025682X,,inactive,2012
0025696X,,inactive,1976
00256978,,inactive,1977
00257028,,inactive,2016
00257044,,inactive,1983
00257087,,inactive,1994
00257206,21507155,inactive,2016
00257303,,inactive,1972
00257338,,inactive,2001
00257397,,inactive,1999
00257508,,inactive,1980
00257524,,inactive,1985
00257664,,inactive,2011
00257729,,inactive,2013
00257850,,inactive,2012
00257958,,inactive,1972
00257990,,inactive,1979
00258040,,inactive,1949
00258075,,inactive,2015
00258105,18207383,inactive,2016
00258326,,inactive,2016
00258334,,inactive,2004
00258385,,inactive,2021
00258458,,inactive,2000
00258466,,inactive,1982
00258474,,inactive,1977
00258504,,inactive,1980
00258512,,inactive,2017
00258598,,inactive,1968
00258601,,inactive,2016
00258903,,inactive,2005
00259128,,inactive,1980
00259241,,inactive,2007
00259683,,inactive,1975
0025987X,,inactive,1996
00260096,,inactive,2014
00260541,,inactive,1974
00260576,,inactive,2013
00260592,,inactive,1974
00260614,,inactive,1985
00260657,18734065,policy,2024
00260665,,inactive,1986
00260681,,inactive,1975
00260746,,inactive,2022
00260797,,inactive,2006
00260800,,inactive,1989
00260819,,inactive,2004
0026086X,,inactive,1974
00260983,,inactive,1989
00261033,,inactive,2003
00261114,19455100,inactive,1995
00261211,,inactive,1989
00261513,,inactive,1982
00261521,,inactive,2022
0026203X,,inactive,1996
00262102,,inactive,2016
0026220X,,inactive,1994
00262293,,inactive,2016
00262366,,inactive,2015
00262633,,inactive,2001
00262692,,inactive,1972
00262919,,inactive,1982
00263079,,inactive,2010
00263184,,inactive,2008
00263451,,inactive,2021
00263516,,inactive,1974
00263524,,inactive,1994
00263532,,inactive,2000
00263656,,inactive,2016
00263664,,inactive,1978
00263680,,inactive,2014
00263745,,inactive,1979
00263788,,inactive,2012
00264628,,inactive,2015
00264725,18271618,inactive,2020
00264733,18271626,inactive,2021
00264741,,inactive,1968
0026475X,,inactive,1977
00264768,,inactive,1974
00264776,,inactive,1977
00264784,18271650,inactive,2021
00264806,18271669,discontinued,2025
00264849,18271677,inactive,1986
00264873,,inactive,1983
00264911,,inactive,1987
00264946,18271715,inactive,2020
00264954,18271723,inactive,2020
00264962,,inactive,1970
00264970,1827174X,inactive,2020
00264989,,inactive,1983
00265179,,inactive,1994
00265276,,inactive,1997
0026556X,,inactive,2016
00266388,,inactive,2016
00266396,,inactive,2016
00266523,,inactive,1978
00266604,,inactive,1999
00266655,,inactive,1997
00266817,,inactive,2002
00267503,,inactive,2011
00267562,,inactive,2008
00267775,,inactive,2001
0026783X,,inactive,1974
00268003,,inactive,2002
00268038,,inactive,2007
00268127,,inactive,2007
00268275,,inactive,2004
00268402,,inactive,2012
00268445,,inactive,2007
00268925,,inactive,2001
00268941,,inactive,1984
00269050,,inactive,2016
00269263,,inactive,1980
00269336,,inactive,1974
00269778,,inactive,1961
00269786,,inactive,1988
00270040,,inactive,2005
00271276,,inactive,2023
0027142X,,inactive,1979
00272507,19317581,inactive,2012
0027254X,,inactive,2010
00272914,,inactive,2005
00272973,,inactive,1997
00273139,,inactive,1978
0027318X,,inactive,1974
00273465,,inactive,2001
00274666,,inactive,2014
00274771,,inactive,2022
00275530,,inactive,1984
00275557,,inactive,1987
00275735,,inactive,1971
00276049,,inactive,1991
0027657X,18806872,inactive,2009
00276782,,inactive,2014
0027707X,,inactive,1989
0027755X,,inactive,2011
00277657,,inactive,1992
0027769X,15213803,inactive,2004
00278378,,inactive,2018
00278629,,inactive,1982
00279048,,inactive,2019
00279218,,inactive,2003
00279358,,inactive,1999
00280100,,inactive,1985
00280313,,inactive,1973
00280496,,inactive,2005
00280712,,inactive,2012
00280844,,inactive,1999
00281050,,inactive,1996
00281425,15593584,inactive,2011
00281441,19319193,inactive,1986
00281859,,inactive,2000
00281921,,inactive,2016
00281956,,inactive,1971
00282030,18712401,inactive,2001
0028209X,,inactive,1996
00282200,,inactive,2016
00282235,,inactive,1972
00282421,,inactive,2006
00282596,,inactive,1998
00282928,,inactive,2004
00282944,,inactive,1996
00282960,,inactive,2003
00283347,,inactive,2017
00283630,,inactive,2006
00283649,,inactive,2004
00283797,,inactive,1980
00283819,,inactive,1993
00283851,,inactive,2023
0028386X,,inactive,1974
00283894,,inactive,1993
00283924,,inactive,1982
00284726,,inactive,2004
00284823,,inactive,2004
00285390,,inactive,2013
00285870,,inactive,1979
0028596X,,inactive,1973
00286176,,inactive,1999
00286206,,inactive,2019
00286400,,inactive,2017
00286435,,inactive,1976
00286583,21692416,inactive,2014
00287091,,inactive,1997
00287199,,inactive,2006
00287318,,inactive,1974
00287504,19447744,inactive,2016
00287571,,inactive,2016
00287644,,inactive,2014
00287822,,inactive,2006
0028792X,,inactive,2011
0028808X,,inactive,1999
00288292,,inactive,2004
00288322,,inactive,2019
00288349,,inactive,1979
00288535,,inactive,1993
00288705,,inactive,1977
00289604,1091840X,inactive,2009
00290203,,inactive,2016
00290343,,inactive,1999
00290386,,inactive,1999
00290432,,inactive,1997
00290629,,inactive,2003
0029067X,,inactive,1972
00290793,,inactive,1975
00291021,,inactive,1976
00291420,,inactive,1998
00291455,,inactive,1990
00291463,,inactive,2005
0029182X,,inactive,1997
00291927,,inactive,1962
0029196X,15025322,inactive,2014
00292176,15042979,inactive,2011
00292443,,inactive,1974
00292524,,inactive,2004
00292915,,inactive,2016
00294780,,inactive,1972
00294810,,inactive,1995
00295094,,inactive,1987
00295507,,inactive,2018
0029554X,,inactive,1986
00295574,,inactive,2007
00295582,18731546,inactive,1966
00295604,,inactive,1997
00295671,,inactive,1991
00296228,,inactive,2012
00296236,,policy,2024
00296287,,inactive,1988
00296341,18276121,inactive,1999
0029649X,,inactive,1987
00296503,,inactive,2015
00296511,,inactive,1985
00296635,,inactive,1989
00296678,,inactive,1980
00297054,,inactive,2019
0029781X,,inactive,1988
00297917,,inactive,2015
00297933,,inactive,1985
00297941,,inactive,1991
0029800X,,inactive,1974
00298131,,inactive,1991
00298441,,inactive,1976
0029845X,,inactive,1991
00298484,,inactive,1990
00298557,,inactive,1980
00298573,,inactive,1991
00298786,,inactive,1997
00298948,21996881,inactive,1974
00299006,,inactive,1976
00299219,,inactive,1981
00299316,23072970,inactive,2018
00299480,,inactive,1973
00299588,,inactive,1993
00299596,,inactive,1991
00299642,,inactive,1983
00299669,,inactive,2019
00300284,,inactive,2008
00300608,,inactive,2017
00300632,,inactive,1996
00300993,,inactive,2015
00301124,,inactive,1986
0030154X,18811736,discontinued,2017
00301752,,inactive,2004
00301787,,inactive,2015
00301868,,inactive,1980
00301876,,inactive,2016
00302082,,inactive,1994
00302260,,inactive,1976
00302430,,inactive,1995
00302864,,inactive,1971
00302953,,inactive,2002
00303526,,inactive,2023
00303607,19381506,inactive,2009
00303623,,inactive,1977
00303909,,inactive,1988
00303941,,inactive,1983
0030395X,,inactive,1978
00304034,,inactive,2006
00304204,,inactive,1999
00304220,,inactive,1994
00304565,,inactive,2019
00304670,,inactive,1995
00304751,,inactive,2015
00304921,,inactive,1984
0030493X,,inactive,1994
00305073,,inactive,1984
00305278,,inactive,2012
00305375,,inactive,2023
00305693,,inactive,1993
00305707,,discontinued,2017
00305928,,inactive,1983
00306037,,inactive,2011
00306096,,inactive,2015
00306142,,inactive,1987
00306177,,inactive,2000
00306223,,inactive,2005
00306487,,inactive,2019
00306614,,inactive,1990
00306622,18830854,inactive,2021
0030770X,15734889,inactive,2023
00307793,,inactive,1975
00308269,,inactive,1986
0030834X,,inactive,2019
00308757,,inactive,1996
00308978,,inactive,1996
00309060,,inactive,2002
00309117,,inactive,2016
0030932X,,inactive,2002
00309338,,inactive,1997
00309346,21981698,inactive,2023
00309427,,inactive,1978
00309885,,inactive,2012
00310204,,inactive,1996
0031031X,,inactive,2005
00310808,18271898,discontinued,2025
00311081,,inactive,2007
00311138,,inactive,2011
00311197,,inactive,1986
00311227,,inactive,2014
00311243,,inactive,2012
0031126X,18806643,inactive,2023
00311340,,inactive,1999
00311421,,inactive,2005
00311448,,inactive,2005
00311480,,inactive,2014
00311758,,inactive,1996
00311847,,discontinued,2017
00312355,,inactive,2011
00312959,,inactive,1975
00312967,,inactive,1976
00312975,,inactive,1970
00312991,,inactive,2017
0031305X,,inactive,2004
00313114,,inactive,1994
00313637,,inactive,1996
00313904,01204912,inactive,1974
00314021,,inactive,1993
00314331,,inactive,2012
00314439,,inactive,2016
00314595,,inactive,2001
00314617,,inactive,2014
00314773,,inactive,2021
00315117,15325962,inactive,2008
00315249,,inactive,1981
00315621,,inactive,1984
00315729,,inactive,1989
00316121,,inactive,1981
0031613X,,inactive,1999
00316229,,inactive,2004
00316458,,inactive,1990
00316857,,inactive,2011
00316865,,inactive,2000
00316989,,inactive,1988
00317020,,inactive,1988
00317047,23295031,inactive,2016
00317098,,inactive,1980
0031711X,16167074,inactive,2019
00317144,,policy,2025
00317179,,inactive,2016
00317497,,inactive,1999
00317691,,inactive,1998
00317837,20122489,inactive,2011
00317918,,inactive,1977
00318027,,inactive,2013
00318086,,inactive,1977
00318183,,inactive,2016
00318280,,discontinued,2018
00318299,,inactive,2017
00318426,,inactive,1996
00318663,,inactive,1989
00318671,,inactive,1974
00318760,,inactive,1984
00318914,,inactive,1974
00318957,,inactive,1970
00318965,1521396X,inactive,2004
0031899X,,inactive,1969
00319090,,inactive,2005
00319112,,inactive,1989
00319163,18732410,inactive,1966
00319171,,inactive,1992
00319287,,inactive,1980
00319325,,inactive,1983
00319341,,inactive,2015
0031935X,,inactive,1998
00319414,20386265,inactive,2015
00319449,,inactive,2018
00319511,,inactive,2015
00320005,,inactive,1983
00320145,,inactive,1994
00320188,,inactive,2018
0032020X,,inactive,2003
00320293,,inactive,2004
00320714,,inactive,1991
00320838,,inactive,2018
00321028,18792979,inactive,1983
00321273,,inactive,1997
00321397,,inactive,1975
00321400,14710676,inactive,2014
00322024,,inactive,2021
00322156,,inactive,2023
00322202,,inactive,2023
00323632,,inactive,2014
00323640,,inactive,2014
00323756,,inactive,1996
00323764,,inactive,2000
00323802,,inactive,2013
0032390X,,inactive,1978
00323918,,inactive,2005
00323950,,inactive,1991
0032423X,,discontinued,2017
0032468X,,inactive,2021
00324701,,inactive,1996
00324795,,inactive,2005
00325287,,inactive,1982
00325821,,inactive,1983
00325961,,inactive,2017
00326070,,inactive,1998
00326267,,inactive,2007
00326291,18054536,discontinued,2017
00326305,,inactive,1971
00326518,,inactive,2022
00326666,,inactive,2012
00327069,,inactive,1977
00327077,,inactive,1961
0032745X,,discontinued,2019
00327484,,inactive,1995
00327611,,inactive,2000
00327867,,inactive,1996
0032793X,,inactive,1986
00328154,,inactive,2005
00328162,,inactive,2004
00328235,,inactive,2004
00328243,,inactive,2005
00328715,,inactive,2009
00328758,,inactive,1997
00329436,,inactive,1989
00329509,,inactive,1966
00329533,,inactive,2003
00329754,,inactive,1980
00329762,,inactive,2002
00329843,,inactive,1990
00329851,,inactive,1989
00329878,,inactive,2007
00329940,,inactive,2007
00329959,,inactive,1965
00330205,,inactive,2023
00330337,,inactive,2017
0033068X,13474081,inactive,2012
00330752,,inactive,1995
00330779,,inactive,1998
00331031,,inactive,2017
00331155,,inactive,2005
00331260,,inactive,2011
00331732,,inactive,2009
00331856,,inactive,2002
00332240,,inactive,2016
00332259,24508209,inactive,1999
00332283,,inactive,2015
00332291,,discontinued,2017
00332623,,discontinued,2017
0033264X,,inactive,1983
00332658,,inactive,2016
00332666,,inactive,1973
00332771,,inactive,1970
0033278X,,inactive,1977
00333026,,inactive,1974
00333077,,discontinued,2019
00333107,,inactive,1999
00333131,,inactive,1972
00333182,15457206,inactive,2021
00333557,,inactive,2000
00333840,,inactive,2005
00334073,,inactive,1976
00334081,,inactive,2008
0033409X,,inactive,2011
00334103,,inactive,1984
00334189,,inactive,1999
0033426X,,inactive,1981
00334928,,inactive,1978
00335134,22145494,inactive,1973
00335479,,inactive,1975
00335525,,inactive,1966
0033555X,,inactive,1980
00335568,,inactive,1996
00335622,,inactive,1995
00335649,,inactive,1974
00336890,,inactive,1983
00337021,,inactive,2009
00337560,,inactive,1975
00337579,,inactive,1988
00337722,,inactive,1985
00337889,,inactive,1984
00338001,,inactive,1988
00338176,,inactive,1969
00338192,,inactive,1993
00338303,,inactive,1998
0033832X,14322102,inactive,2022
00338346,,inactive,1975
00338400,,inactive,1971
00338486,,inactive,2005
00338494,,inactive,2004
00338575,,inactive,1991
00338826,,inactive,2007
00339016,,inactive,2008
00339563,25314920,discontinued,2016
00339636,,inactive,1996
00339652,,inactive,1977
00339873,,inactive,2021
00340618,16974298,inactive,2003
00340634,,inactive,2014
00341223,,inactive,1994
00342971,17821509,inactive,2023
00343102,,inactive,1995
00343153,,inactive,1977
00343161,,inactive,1983
00343196,,inactive,1999
00343226,,inactive,1973
00343293,,inactive,1997
00343331,,inactive,1974
00343617,18731694,policy,2024
00344095,,inactive,2015
00345164,,inactive,1994
00345334,,inactive,1987
00345377,,inactive,1979
00345466,,inactive,1999
00345687,,inactive,2002
00346616,,inactive,1996
00346780,,inactive,1977
00346799,,inactive,2013
00346853,,inactive,1984
00347094,1806907X,inactive,2020
00347108,,inactive,2000
00347175,,inactive,1997
00347264,,inactive,2016
00347299,,inactive,2006
00347310,,inactive,1980
00347493,15612945,discontinued,2017
00347523,1561302X,discontinued,2017
00347752,,discontinued,2020
00347973,,inactive,1991
00347981,19888457,inactive,2020
00348384,,inactive,1977
00348619,16954408,inactive,2022
00348899,,inactive,1995
00349402,,inactive,1997
00349437,,inactive,1989
0034947X,15781542,inactive,2017
00349542,,inactive,1977
00349615,,inactive,1976
00349763,,inactive,1963
00349925,,inactive,1982
00349941,,inactive,1975
00350362,,inactive,1994
00350397,,inactive,1991
0035077X,,inactive,2022
00350796,,inactive,1997
00350818,,inactive,2017
00350869,,inactive,2019
00350915,,inactive,1982
00351040,17762553,inactive,2008
0035113X,,inactive,1983
00351334,,inactive,2017
00351423,,inactive,2021
00351431,,inactive,1969
00351458,,inactive,2021
00351520,,inactive,1975
00351555,,inactive,2019
00351563,11563141,inactive,2013
00351628,,inactive,1978
00351709,,inactive,1978
00351768,1776257X,inactive,2012
00351784,,inactive,2018
00351792,,inactive,1972
00351822,,inactive,1991
00351954,,inactive,1972
00352039,,inactive,2013
00352047,,inactive,2014
00352195,,inactive,2023
00352292,,inactive,2005
00352349,17753864,inactive,2016
00352411,,inactive,2016
00352438,,inactive,1975
00352616,,inactive,2015
00352659,,inactive,1992
00352845,,inactive,1973
00352888,,inactive,2001
00352896,,inactive,1965
0035290X,,inactive,1999
00352977,,inactive,1974
00353019,,inactive,1972
00353043,,inactive,1971
00353116,,inactive,1988
00353159,,inactive,1998
00353183,,inactive,2002
00353221,,inactive,1993
00353248,,inactive,2001
00353280,,inactive,2013
00353299,,inactive,2002
00353329,,inactive,1975
00353469,,inactive,1965
00353655,,inactive,2004
00353841,17831768,inactive,2023
00353981,,inactive,1973
0035399X,,inactive,1992
00354015,,inactive,1974
00354082,,inactive,1991
00354090,,inactive,1989
0035449X,,inactive,2022
00354554,,inactive,1979
00354627,,inactive,1991
00355011,,inactive,1970
00355054,,inactive,1995
00355607,,inactive,2007
00355852,,inactive,2009
00356069,,inactive,1975
00356077,,inactive,1970
00356220,,inactive,2021
0035631X,,inactive,1985
00356336,,inactive,2009
00356344,,inactive,1991
00356409,,inactive,1984
00356425,,inactive,1961
00356867,,inactive,2008
00357073,,inactive,2021
00357448,,inactive,1982
0035760X,,inactive,1979
00357812,,inactive,2014
00357820,,inactive,2008
00358665,20520468,inactive,2020
0035869X,,inactive,1990
0035872X,,inactive,2006
00358738,,inactive,1996
00358762,,inactive,2001
00358797,,inactive,1990
00358800,,inactive,2002
00358819,,inactive,2000
00358835,,inactive,2002
00358894,20565259,inactive,1975
00358940,,inactive,1971
00358983,,inactive,1991
00359033,,inactive,2016
00359114,,inactive,1985
00359122,,inactive,2000
00359130,,inactive,2008
00359157,,inactive,1977
00359246,,inactive,1996
00359289,,inactive,1971
0035936X,,inactive,1962
00359440,,inactive,1976
00359483,,inactive,1997
00359890,,inactive,1996
00360228,,inactive,1980
00360465,,inactive,2016
00360678,,inactive,2006
00360821,,inactive,1993
00361402,,inactive,1975
00361488,,inactive,2006
00361496,,inactive,1991
00361607,,inactive,1997
00361682,,inactive,2003
00361844,,inactive,1980
00361860,,inactive,1971
00361984,,inactive,2015
00362174,,inactive,1984
00362255,,inactive,2018
00362891,,inactive,1975
00363030,,inactive,2004
00363278,,inactive,1979
00364037,,inactive,2002
00364355,,inactive,1999
00364827,15031128,inactive,2004
00365041,,inactive,2003
00365270,,inactive,2011
00365327,,inactive,2003
00365343,18046479,inactive,2015
00365505,,inactive,2000
0036553X,,inactive,1986
00365548,16511980,inactive,2014
00365556,,inactive,1987
00365572,,inactive,1979
00365580,,inactive,1996
00365599,16512065,inactive,2012
0036603X,,inactive,1989
00366064,,inactive,1988
00366099,,inactive,1989
00366218,,inactive,1983
0036634X,,inactive,1980
00366579,,inactive,1974
00367184,,inactive,2003
00367192,,inactive,1988
00367273,,inactive,1984
00367494,,inactive,1987
00367508,,inactive,1993
00367524,,inactive,1979
00367672,,inactive,2000
00367699,,inactive,2005
00367702,,inactive,1983
00367834,,inactive,2002
00367842,,inactive,1988
00367885,,inactive,1993
00368423,,inactive,1999
0036861X,,inactive,2000
00369225,,inactive,1998
00369594,,inactive,2020
00369748,,inactive,1989
00369772,,inactive,2023
00370169,,inactive,1977
00370657,,inactive,1975
00371017,21890544,inactive,2023
00371777,,inactive,1999
00371785,,inactive,1964
00372072,,inactive,2023
00372102,,inactive,2008
00372110,,inactive,2008
00372366,,inactive,1976
00372455,,inactive,2005
00373435,,inactive,2001
00373583,,inactive,2012
00373699,,inactive,2000
00373826,,inactive,2000
00373834,,inactive,2009
00373931,,inactive,2007
00374237,,inactive,1996
00374342,,inactive,2017
00374377,,inactive,1994
00374822,,inactive,1980
00375225,,inactive,2009
00375241,,inactive,1987
00375683,,inactive,1994
00376027,,inactive,1976
00377333,,inactive,2018
0037766X,,inactive,2006
00377678,,inactive,1989
00377813,,inactive,1987
0037802X,,inactive,2006
00378763,,inactive,2009
00378771,,inactive,2001
0037878X,,inactive,1981
00378828,,inactive,1988
00378925,,inactive,1995
00378968,,inactive,1996
00379026,,inactive,1998
00379042,,inactive,1970
00379050,,inactive,2015
00379085,19619049,inactive,2020
00379212,,inactive,2016
00379247,,inactive,2016
00379395,,inactive,1997
0037945X,,inactive,1975
00379557,27961702,inactive,1995
00379611,,inactive,1996
0037962X,,inactive,2018
00379646,,inactive,1995
00379727,,inactive,2001
00379816,14653907,inactive,2013
00379832,,inactive,1999
00379840,,inactive,1996
00379859,20565267,inactive,2000
00379972,,inactive,1972
00380032,,inactive,1977
00380113,,inactive,2002
0038030X,,inactive,1997
00380431,,inactive,1977
00380652,,inactive,2007
00380660,,inactive,1998
0038075X,15389243,inactive,2019
00380776,,inactive,1975
0038111X,,inactive,2018
00381810,,inactive,2003
00381861,21616302,inactive,2023
00382167,,inactive,1996
00382221,,inactive,2018
0038223X,,inactive,2008
00382299,,inactive,1964
00382507,,inactive,1978
00382973,,inactive,2018
00383139,15444910,inactive,2015
00383368,,inactive,2015
00383678,,inactive,2023
00383929,,inactive,2000
00384291,,inactive,2014
00384585,,inactive,1970
00384801,,inactive,1963
00384836,,inactive,1985
00384860,,inactive,1972
00385077,,inactive,1991
00385239,,inactive,1992
00385298,,inactive,1992
0038531X,,inactive,1992
00385328,,inactive,1993
00385360,,inactive,1991
00385379,,inactive,1989
00385409,,inactive,1975
00385417,,inactive,1991
00385492,,inactive,1992
00385514,,inactive,1978
00385565,,inactive,1992
00385581,,inactive,1991
0038562X,,inactive,1992
00385638,,inactive,1986
00385662,,inactive,1984
00385697,,inactive,1992
00385700,,inactive,1986
00385719,,inactive,1993
00385735,,inactive,1992
00385743,,inactive,1989
0038576X,,inactive,1989
00385832,,inactive,1992
00385859,,inactive,1992
00385875,,inactive,1991
00386286,,inactive,1973
00386340,,inactive,1991
00386804,,inactive,2012
00389153,,inactive,1990
0038920X,,inactive,2005
00389366,,inactive,2017
00389692,,inactive,2005
00389986,,inactive,1996
00390631,,inactive,1987
00390771,,inactive,1995
00390895,,inactive,2018
0039095X,,inactive,2001
00391719,,inactive,1974
00392049,,inactive,2015
00392073,,inactive,1986
00392197,,inactive,1988
00392391,,inactive,2005
00392553,,inactive,2001
00392995,,inactive,2014
00393258,,inactive,2022
00393592,,inactive,1992
00393797,22147136,inactive,1992
00394025,,inactive,1973
00394696,,inactive,2003
0039551X,,inactive,1971
00395870,,inactive,1981
00395897,,inactive,1971
00396001,,inactive,1976
00396087,,inactive,1993
00396095,,inactive,1981
00396273,,inactive,1989
00396303,,inactive,1999
0039646X,,discontinued,2017
00397628,,inactive,1989
00397989,,inactive,1990
00398241,,inactive,1986
00398357,,inactive,1981
00398667,,inactive,1985
00399450,,inactive,2010
00399620,,inactive,2016
0040117X,,inactive,2002
00401471,,inactive,1995
00401846,,inactive,1996
00401889,,inactive,2012
00401900,,inactive,2008
00402389,,inactive,2009
00402486,18354270,inactive,2013
00402494,,inactive,2002
00402656,,inactive,2007
00402796,,inactive,2010
00402826,21533490,inactive,1987
00403075,,inactive,2018
00403261,,inactive,2002
00403288,,inactive,2002
00403318,,inactive,1996
00403342,,inactive,1990
00403385,,inactive,2016
00403490,,inactive,1988
00403555,,inactive,2023
00403571,,inactive,2004
00403636,,inactive,2004
00403644,,inactive,2004
00403709,,inactive,2002
00404284,,inactive,2014
00404292,,inactive,2004
00404357,,inactive,1988
00404470,19383223,inactive,2021
00404691,15347303,inactive,2008
00404748,,inactive,2023
00404861,,inactive,2021
0040487X,,inactive,2018
0040490X,,inactive,1999
00404926,,inactive,1999
00404985,,inactive,2001
00405043,,inactive,1992
00405078,,inactive,2017
00405116,,inactive,2016
00405132,,inactive,2008
00405205,,inactive,2021
00405310,,inactive,2006
00405507,,inactive,2019
00405523,,inactive,2011
00405655,,policy,2016
00405671,,inactive,2023
00405744,,inactive,1995
00405922,,inactive,1977
00405973,,inactive,1996
00406082,,inactive,1972
00406384,,inactive,1977
00407194,15042952,inactive,2011
0040781X,,inactive,2016
00407984,,inactive,2006
00408670,,inactive,2022
00408808,,inactive,1997
00408867,,inactive,2003
00408875,,inactive,1996
00408921,,inactive,1995
00409022,,inactive,2001
00409383,,inactive,2011
00409618,,inactive,1996
00409960,,inactive,1998
00410012,,inactive,1982
00410241,23404086,inactive,1985
00410608,,inactive,2014
00410683,,inactive,2014
00410713,,inactive,1981
00411035,,inactive,1971
00411450,15322424,inactive,2014
00411787,,inactive,2002
00412538,,inactive,1996
00412678,,inactive,1974
00413186,,inactive,2002
00413232,,inactive,1995
00413267,,inactive,2001
00413291,,inactive,2007
00413674,,inactive,2016
00413771,,inactive,2024
00413879,,inactive,1991
00413887,,inactive,1975
00413992,,inactive,1997
00414018,,inactive,1997
00414093,,inactive,2008
00415367,,inactive,1979
00415537,,inactive,2010
00415553,,inactive,1990
00416045,,inactive,2005
0041610X,,inactive,1977
00416533,,inactive,1973
00418781,,inactive,2004
00419583,,inactive,1987
00419818,,inactive,2002
00419826,,inactive,1981
00420018,,inactive,2003
00420190,,inactive,2001
00420255,,inactive,1978
00420409,,inactive,1997
00420816,,inactive,1994
00420824,,inactive,1980
00420905,,inactive,2012
00421111,,inactive,2002
00421146,,inactive,1981
00421154,,inactive,1999
00421162,,inactive,1969
00421294,,inactive,2004
00421308,,inactive,2005
00421448,,inactive,2004
0042174X,,inactive,1989
00422363,,inactive,2003
00422835,,inactive,2002
00423106,,inactive,1998
00423211,,inactive,2014
00424676,,inactive,2016
00424730,,inactive,1992
00424862,,inactive,2014
00424870,,inactive,2015
00424889,,inactive,1982
00425192,,inactive,2010
00425281,,inactive,1980
00425699,,inactive,2001
00426229,,inactive,2004
00426423,,inactive,1978
00426644,,inactive,1976
00426695,,inactive,1981
00426857,,inactive,2016
00427616,,inactive,2004
00428779,,discontinued,2022
00428809,,inactive,2002
00429694,,inactive,1986
00429767,,inactive,1997
00429929,,inactive,2000
00429945,,inactive,2017
00430013,,inactive,2016
0043003X,,inactive,2004
00430420,,inactive,2003
00430463,,inactive,2003
00430730,,inactive,1986
00430862,,inactive,2002
00430927,,inactive,1996
00430951,,inactive,2003
00430986,,inactive,1997
00431001,,inactive,2007
00431125,,inactive,1980
00431141,,inactive,2021
0043129X,,inactive,1988
00431303,,inactive,1989
00431370,,inactive,1996
00431443,,inactive,2007
00431621,,inactive,2003
00432156,,inactive,1994
00432245,,inactive,2002
00432253,,inactive,2009
0043227X,,inactive,1974
0043230X,,inactive,2005
00432318,,inactive,2006
00432326,,inactive,2006
00432636,,inactive,2002
00432652,16139828,inactive,2005
00432792,,inactive,2007
00433004,,inactive,1975
00433225,,inactive,1996
00433284,,inactive,2016
00434019,,inactive,1992
00434078,,inactive,1989
00435163,,inactive,2011
0043518X,,inactive,1998
00435376,,inactive,1973
00435546,,inactive,1975
00435643,,inactive,2005
00435996,,inactive,2007
00436011,,inactive,2007
0043602X,,inactive,1981
00436046,,inactive,1987
00436143,,inactive,1999
00436674,,inactive,1973
00436925,,inactive,1996
00437131,,inactive,2018
00437700,,inactive,1982
00437808,,inactive,2002
00437875,,inactive,2004
00438375,,inactive,1987
00438405,,inactive,1988
00438502,,inactive,1996
00438790,,inactive,2021
00438871,10863338,inactive,2023
00440175,,inactive,2007
00440728,,inactive,2006
00441341,,inactive,1997
00441570,,inactive,1999
00441651,,inactive,1991
0044166X,14399148,inactive,1991
00441856,,inactive,2004
00442135,,inactive,2012
00442178,,inactive,1996
00442208,,inactive,1984
00442216,,inactive,1989
00442232,,inactive,1974
00442240,,inactive,1994
00442259,,inactive,2005
00442283,,inactive,1972
00442402,,inactive,1990
00442496,,inactive,2018
00442534,,inactive,1971
00442623,,inactive,1976
00442631,,inactive,1973
0044264X,14351293,inactive,1998
00442658,,inactive,2004
00442712,,inactive,1994
0044278X,,inactive,1970
00442798,,inactive,2006
0044281X,,inactive,1995
00442844,,inactive,1973
00442879,,inactive,1971
00442887,14390574,inactive,2003
00442895,,policy,2020
00442909,,inactive,1980
00442917,,inactive,1975
00442925,,inactive,2016
00442933,,inactive,1975
00442941,,inactive,1979
0044295X,,inactive,1972
00442968,,inactive,2015
00442984,,inactive,1989
00443026,,inactive,1999
00443077,,inactive,1971
00443093,,inactive,2019
00443131,,inactive,1975
0044314X,,inactive,2002
00443174,,inactive,1972
00443220,1438941X,inactive,2006
00443255,,inactive,1986
00443263,,inactive,2017
0044328X,,inactive,1984
00443328,,inactive,1974
00443379,,inactive,1973
00443387,,inactive,1973
00443409,,inactive,2011
00443417,,inactive,1973
00443433,,inactive,1990
0044345X,,inactive,1973
00443468,,inactive,2001
00443492,,inactive,2017
00443514,,inactive,2007
00443565,,inactive,1985
00443573,,inactive,1987
00443581,,inactive,1984
0044359X,,inactive,1973
00443603,,inactive,1982
00443611,,inactive,1990
0044362X,,inactive,1973
00443697,,inactive,1990
00443700,,inactive,2021
00443719,,inactive,1985
00443727,,inactive,1989
00443743,,inactive,1987
00443751,,inactive,2021
0044376X,,inactive,1983
00444030,,inactive,1990
00444057,,inactive,1977
00444197,14389762,inactive,2006
00444251,14389746,inactive,2011
0044426X,,inactive,1971
00444294,,inactive,1962
00444502,,inactive,2004
00444510,,inactive,2004
00444529,,inactive,2016
00444537,,inactive,2004
0044457X,,inactive,2005
00444596,,inactive,2020
00444650,,inactive,1999
00444693,,inactive,1988
00444847,,inactive,1997
00445169,,inactive,2017
00445193,,inactive,1995
00445371,,inactive,1979
0044538X,,inactive,1977
00445983,,inactive,1998
00446009,,inactive,2010
00446033,,inactive,1990
00446041,,inactive,1972
00446173,14389436,inactive,2007
00447307,,inactive,1970
00447749,,inactive,2019
00447897,,inactive,2005
00447951,,inactive,1982
0044796X,,inactive,1995
00447978,,inactive,1982
00447986,26903350,inactive,1972
00447994,26903369,inactive,1973
00448001,,inactive,1983
00448028,26904055,inactive,1977
00448249,15213757,inactive,1981
0044863X,,inactive,2010
00449202,15535630,inactive,2010
00449954,,inactive,1979
00450316,,inactive,2002
00450626,,inactive,2001
00450642,,inactive,1985
0045432X,,inactive,1998
00454850,,inactive,1978
00455083,,inactive,1975
00456039,,inactive,1988
00456152,,inactive,2003
00456446,,inactive,1983
00456470,,inactive,1971
00456519,,inactive,2002
00456632,,inactive,1986
00458511,19385110,inactive,2020
00459100,,inactive,1977
00459275,,inactive,1974
00459380,,inactive,2002
0046001X,,inactive,2016
00460931,,inactive,1985
00461628,,inactive,2023
00462012,,discontinued,2018
00462039,,inactive,1988
0046208X,,inactive,2022
00462225,,inactive,1974
00462497,,discontinued,2019
00462756,,inactive,1983
00463515,,inactive,1971
00465763,,inactive,1985
00465968,,inactive,1999
00466794,,inactive,1981
00466891,,inactive,1988
00467022,,inactive,2013
00467138,,inactive,1978
00467324,,inactive,2000
0046757X,,inactive,2002
00467596,,inactive,2021
00467774,23748052,inactive,1994
00467952,,inactive,1988
0046838X,15583074,inactive,1977
00469858,,inactive,1983
00470716,,inactive,1999
00470740,,inactive,1986
00471623,,inactive,1973
00471801,,inactive,1999
00471828,,inactive,2001
00471852,,inactive,2016
00471860,,inactive,2016
00471879,,inactive,1994
00471887,,inactive,2018
00471909,,inactive,1991
00472069,,inactive,1968
00472166,,inactive,2015
0047228X,,inactive,2001
00472409,20565313,inactive,1976
00472417,20565283,inactive,1976
00472433,15413802,inactive,2011
00472603,,inactive,1996
00472670,,inactive,1993
00473405,,inactive,2017
00473618,,inactive,1998
00473936,,inactive,1998
00474991,,inactive,1996
00475394,,inactive,2019
00475599,,inactive,1982
00475955,,inactive,2013
00476412,,inactive,1999
00476552,,inactive,1997
00476765,19311338,inactive,2006
00477206,,inactive,1983
00477532,,inactive,1981
00477575,,inactive,2004
00477842,,inactive,1970
00479209,,inactive,2003
00479438,,inactive,1976
00479586,,inactive,1997
00480126,,inactive,1974
00480428,13477951,inactive,2009
00480444,,inactive,1999
00482064,,inactive,1977
00482897,,inactive,1999
00482951,,inactive,2010
00482986,,inactive,1977
00483028,,inactive,2015
00483664,16151003,inactive,2012
00484059,,inactive,1985
00484504,,inactive,1975
00484717,,inactive,2020
00485748,,inactive,1997
00486493,,inactive,2017
0048671X,,inactive,2023
00487104,,inactive,1990
00487163,,inactive,2007
00487384,15291502,inactive,2023
00487481,,inactive,2015
00487562,,inactive,1973
00487570,,inactive,1985
00487619,18529992,inactive,2022
00487627,,inactive,1970
00487759,,inactive,1997
00487848,,inactive,2016
00488046,16634446,inactive,2016
00488062,,inactive,1999
00488089,,inactive,1981
00488135,,inactive,2001
00488585,,inactive,1971
00488828,,inactive,2001
00489123,,inactive,1969
00489255,,inactive,2004
00489549,,inactive,1979
00490385,,inactive,2005
00491071,,inactive,1976
00491101,,inactive,1978
00491160,,inactive,2016
0049173X,,inactive,1975
00491748,,inactive,1986
00492116,,inactive,1999
00492221,,inactive,1971
0049237X,,inactive,2009
00492701,,inactive,1998
00493554,,inactive,2016
00493856,,inactive,1971
00493864,,inactive,2020
00494143,,inactive,1976
00494763,,inactive,2010
00495514,,inactive,1995
00495522,,inactive,1995
00496472,,inactive,1999
00496650,,discontinued,2018
00496804,,inactive,1991
00498084,,inactive,1984
00498114,19968345,inactive,2018
00498122,,inactive,1988
00498599,,inactive,2015
00498688,,inactive,1987
00650536,,inactive,2010
00650900,,inactive,2018
0065096X,,inactive,1960
00651176,,inactive,1998
00651184,,inactive,1979
00651206,,inactive,2002
00651257,,inactive,1996
00651311,,inactive,1996
00651362,,inactive,1992
00651427,16005449,inactive,2013
00651451,,inactive,2012
00651478,,inactive,1992
00651591,16005473,inactive,2013
0065163X,,inactive,1965
00651699,,inactive,2004
00652008,,inactive,2008
00652199,,inactive,1989
00652210,,inactive,1982
00652253,,inactive,1972
0065227X,,inactive,2004
00652326,16622839,inactive,2012
00652385,,inactive,2014
00652393,,inactive,1998
00652415,,inactive,2019
00652482,,inactive,1998
00652490,,inactive,1997
00652539,,inactive,1994
00652571,18732437,inactive,2011
0065258X,19344694,inactive,2011
00652628,,inactive,1988
00652792,,inactive,1981
00652822,,inactive,2001
00652970,,inactive,2007
00653004,,inactive,1981
00653071,16622847,inactive,2020
00653144,,inactive,1984
00653233,15578941,inactive,2007
00653268,16622855,inactive,2015
00653519,,inactive,1995
00654299,,inactive,1995
00655589,,inactive,1976
00656100,,inactive,1981
00656275,,inactive,1997
00656755,,inactive,2007
00656895,,inactive,2016
00657778,,inactive,2019
00659002,,inactive,1970
00659142,15272125,inactive,2022
00659401,19433646,inactive,2018
00659452,,inactive,2016
00659533,15456110,inactive,2017
0065955X,15534448,inactive,2017
00659746,,inactive,2017
00660078,,inactive,1985
0066071X,,inactive,1993
00661759,,inactive,1996
00661945,,inactive,1992
00661996,,inactive,1986
00662038,,inactive,1975
00662054,,inactive,1978
00662070,,inactive,1998
00662097,,inactive,1999
00662240,,inactive,2004
00662267,,inactive,1989
00662313,,inactive,2022
00664138,,inactive,1994
00664162,,inactive,2002
00664200,,inactive,2011
00664243,,inactive,1976
00664294,,inactive,1987
00664413,,inactive,1999
00664758,16622863,inactive,2000
00664871,2117539X,inactive,2016
00665665,,inactive,1988
00666297,21945020,inactive,2018
00666386,,inactive,2023
00666416,,inactive,1986
00666475,,inactive,1990
00666505,,inactive,2012
00666769,,inactive,1991
00666785,,inactive,2010
00668176,,inactive,2012
00668915,,inactive,1971
00669628,,inactive,1996
00670367,,inactive,2009
00671940,,inactive,1994
00672807,,inactive,1997
00675229,,inactive,1976
00676195,,inactive,2003
00676489,,inactive,2005
00677957,,inactive,1985
00678058,,inactive,1970
00678090,,inactive,1977
00678147,,inactive,2005
00678198,,inactive,2001
00678546,,inactive,1987
00678694,17441439,inactive,2007
00679038,,inactive,1997
00679666,,inactive,1996
00681016,,inactive,2003
00681202,,inactive,2010
00681385,,inactive,1971
00682314,,inactive,1990
00682527,,inactive,1970
00683027,,inactive,1979
00684015,,inactive,2013
00687626,,inactive,2009
00687634,,inactive,1994
00688444,,inactive,1987
00689408,,inactive,1963
00689505,,inactive,2007
00690112,,inactive,1975
00690120,,inactive,1974
00690139,,inactive,1975
00690805,,inactive,2003
00692336,,inactive,1997
00692344,,inactive,1993
00692778,,inactive,1998
00692883,,inactive,2010
00693030,14604779,inactive,2013
00693138,,inactive,2008
00693235,,inactive,2011
00693340,,inactive,1990
00694770,1530812X,inactive,1998
00694827,26317117,inactive,2019
00695882,,inactive,2005
00696145,,inactive,1997
0069634X,,inactive,1983
00698032,,inactive,2008
00698040,,inactive,2007
0070055X,,inactive,1970
00702080,,inactive,1986
00702137,,inactive,2001
00702161,,inactive,1999
00702188,,inactive,2001
00702463,,inactive,1979
0070251X,,inactive,2015
00702862,,inactive,2008
00703664,,inactive,1988
00703737,,inactive,1990
00704075,,inactive,1979
00704113,,inactive,2007
00704415,,inactive,2017
00704571,,inactive,2015
00704806,,inactive,2012
00706639,,inactive,1984
00707546,,inactive,2017
00708356,2196971X,inactive,2023
00709778,,inactive,2010
00709816,,inactive,2007
0071075X,,inactive,1997
00711098,,inactive,1973
00711160,,inactive,1997
00711357,,inactive,2012
00712477,,inactive,2019
0071335X,,inactive,1989
00716693,,inactive,2007
00716855,,inactive,2023
00717886,,inactive,2011
00717916,,inactive,1996
00718017,,inactive,1971
00718041,,inactive,1990
00719234,,inactive,1997
00719676,16623789,inactive,2011
00720038,,inactive,1993
00720151,,inactive,2004
0072100X,,inactive,2014
00721042,,inactive,2008
00724122,,inactive,1997
00724130,,inactive,1997
00726117,,inactive,1972
00729027,,inactive,1997
0072968X,,inactive,1983
00730327,,inactive,2020
00730688,,inactive,2010
00730874,,inactive,2006
00730912,,inactive,2006
00731455,,inactive,1978
00731579,,inactive,2023
00731587,,inactive,2010
00732540,2670014X,inactive,2023
00733253,,inactive,2006
00734071,,inactive,2002
0073506X,,inactive,1997
00735108,,inactive,1997
00735655,23274328,inactive,1990
00736937,,inactive,2003
00738077,,inactive,2010
00738085,,inactive,1973
00740195,,inactive,2007
0074039X,,inactive,2001
00741132,16623800,inactive,2015
00741612,,inactive,1997
00742740,,inactive,1975
00746142,,inactive,2014
0074655X,,inactive,2019
00746606,,inactive,1997
00747696,,inactive,2008
00747718,,inactive,1996
00747750,,inactive,2010
00749249,,inactive,1987
00749729,,inactive,1997
00750530,24100862,discontinued,2025
00752207,,inactive,2010
00754250,,inactive,2022
00754323,,inactive,1972
00754439,,inactive,2007
00754617,,inactive,1978
00755192,,inactive,2015
00755222,,inactive,2017
00756431,,inactive,2005
00757209,,inactive,1990
00757497,,inactive,1971
00757535,,inactive,2009
00758590,,inactive,1978
00759422,,inactive,1980
00759767,,inactive,1971
00761648,,inactive,2002
00764809,,inactive,1997
00765392,,inactive,2010
00765872,,inactive,2022
00765902,,inactive,1970
00766011,,inactive,2013
00766690,,inactive,1971
00766895,,inactive,2014
00766941,,inactive,2015
0076695X,,inactive,1995
00767131,,inactive,1999
00767689,,inactive,1996
00769258,,inactive,2006
00769266,,inactive,2018
00770078,,inactive,1979
00770094,,inactive,1997
00770655,23922923,inactive,2019
00770760,,inactive,1996
00770809,16623827,inactive,2020
00770876,16623835,inactive,2017
00770914,,inactive,1981
00770922,,inactive,1997
00770965,16623851,inactive,2012
00771554,1547738X,inactive,2023
00772070,,inactive,2002
00772933,,inactive,2006
00774715,,inactive,1996
00776033,,inactive,1996
00777579,,inactive,1995
00781193,,inactive,1999
00783579,17295416,inactive,2009
00784850,,inactive,1992
00785237,,inactive,2004
00785326,,inactive,2004
00785334,,inactive,1986
00786500,,inactive,2015
00786594,19412282,inactive,2014
00786659,,inactive,1996
00787116,,inactive,1982
00788554,24104418,inactive,2019
00788562,23008598,inactive,2016
00789682,,inactive,1998
00790184,,inactive,1995
00790419,,inactive,1993
00791393,,inactive,2016
00791946,,inactive,1998
00792047,,discontinued,2016
00792985,24498254,inactive,2023
00793647,,inactive,1991
00794252,,discontinued,2018
00796034,,inactive,1988
00796255,,inactive,1986
00796263,,inactive,2008
00796336,18732186,inactive,2016
00796352,,inactive,2003
00796379,,inactive,2011
00796417,,inactive,2009
00796492,16623924,inactive,2020
00796603,,inactive,2009
00796743,,inactive,1998
00796832,,inactive,1979
0079726X,,discontinued,2018
00798169,,inactive,2004
00799483,,inactive,1983
00799920,,inactive,2006
00799963,,inactive,2004
00800260,,inactive,1990
00801453,,inactive,1978
0080181X,,inactive,1986
00802018,2169799X,inactive,2014
00802042,,inactive,2025
00802077,,inactive,1970
00802115,,inactive,1995
00802913,,inactive,1969
00803170,,inactive,1970
00803987,,inactive,2014
00804134,,inactive,2011
00804568,,inactive,1979
00804606,,inactive,2007
00804703,,inactive,2023
00805319,21944075,inactive,2020
00806722,,inactive,1986
00806730,,inactive,1979
00807729,,inactive,1972
00808024,,inactive,2011
0080889X,,inactive,2008
00809152,20563655,inactive,2008
0081024X,,inactive,1997
00810746,,inactive,2013
00811092,,inactive,1986
00811270,,inactive,1990
00811386,,inactive,2004
00811661,,inactive,2016
00812471,,inactive,1960
00813052,,inactive,1992
00813966,,inactive,2011
00815691,,inactive,2009
00816272,,inactive,2023
00816426,,inactive,2023
00816825,,inactive,2019
00817600,,inactive,2005
00819808,,inactive,2003
00819980,,inactive,1996
00820784,,inactive,2000
00824003,,inactive,2016
0082464X,,inactive,1996
0082478X,,inactive,1996
0082495X,,inactive,1996
0082500X,19351275,inactive,2010
00825948,,inactive,1976
0082660X,,inactive,2010
00827347,,inactive,2014
00831093,,inactive,1999
00831107,,inactive,1981
00831131,,inactive,2002
00831204,,inactive,1972
00831883,,inactive,1988
00831972,,inactive,2014
00831980,,inactive,2013
00832006,,inactive,2011
00832030,,inactive,1990
00832073,,inactive,2002
0083209X,,inactive,2004
00833002,,inactive,2006
00834343,,inactive,1997
00836656,,inactive,1997
00837407,24758825,inactive,2023
00837903,,inactive,1996
00838969,,inactive,2011
00839957,,inactive,1997
00842869,,inactive,2012
00842893,,inactive,2001
00843695,19472978,inactive,2012
00845345,,inactive,2000
00845353,,inactive,1978
00845477,,inactive,1997
00845566,,inactive,1966
00845604,20732333,inactive,2019
00845841,,discontinued,2021
00845906,24434264,inactive,2023
00845914,,inactive,2007
00845930,,inactive,1981
00845957,,inactive,2001
00846589,,inactive,1984
00846600,,inactive,2002
00847089,,inactive,1992
00847224,,inactive,1976
00847658,,inactive,2023
00849588,,inactive,2015
00850748,,inactive,1996
00852988,,inactive,1993
00854530,14330431,inactive,2022
00854557,,inactive,2011
00854638,,inactive,1996
0085591X,,inactive,2014
00855928,,inactive,2010
0085638X,,inactive,1979
00858269,,inactive,2003
00900028,,inactive,1973
00900214,,inactive,1972
00900311,,inactive,1984
00900702,,inactive,1996
00900710,,inactive,1987
00900877,,inactive,1984
00901180,,inactive,1988
00901210,,inactive,2004
00901229,,inactive,2001
00901482,,discontinued,2018
00901911,,inactive,1999
00902918,,inactive,1973
00902934,19326920,inactive,2011
00902942,,inactive,1977
00903019,18793339,inactive,2009
00903272,,inactive,1975
00903604,,inactive,2008
00903779,,inactive,2022
00903914,,inactive,1984
00904104,,inactive,1993
00904155,,inactive,1979
00904198,,inactive,2004
00904201,,inactive,1975
0090466X,,inactive,1999
00904996,,inactive,2002
00905046,,inactive,1986
00905054,,inactive,1993
00905097,,inactive,1988
00905224,17546095,inactive,2013
00905267,,inactive,1996
00905488,,inactive,1986
0090550X,,inactive,1970
00905542,,inactive,1999
00905674,,inactive,2016
00905720,,inactive,1990
00906670,,inactive,1977
00906689,,inactive,1988
00906913,,inactive,1977
00906980,,inactive,1997
00907782,,inactive,1976
00907944,,inactive,1999
00908312,15210510,inactive,2005
00908339,23748516,inactive,1986
00908347,,inactive,1991
0090838X,,inactive,1998
00909084,,inactive,1990
00909092,,inactive,1979
0091018X,,inactive,1997
00910600,,inactive,1985
00910627,15732835,inactive,2020
00911062,,inactive,2017
00911372,,inactive,1985
0091164X,,inactive,1980
00911666,,inactive,2016
00911747,,inactive,1982
0091181X,,inactive,1994
00912182,,inactive,1999
00912379,,inactive,1978
00913340,,inactive,1971
00913642,,inactive,2001
00913952,,inactive,2006
00913960,,inactive,1999
00913979,,inactive,1988
00913987,,inactive,1974
00913995,,inactive,2000
00914029,,inactive,2002
00914185,,inactive,1994
0091634X,,inactive,1996
0091651X,,inactive,1970
00916536,,inactive,1977
00916544,,inactive,2009
00916722,,inactive,1974
00916730,,inactive,1996
00916757,,inactive,1974
00916773,,inactive,1978
00917036,,inactive,1985
00917338,,inactive,2009
00917419,15479366,inactive,1980
00917451,19434456,inactive,2020
00918903,,inactive,1999
0091925X,,inactive,2007
00919578,19419635,inactive,2023
00921157,,inactive,1990
00922102,1526551X,inactive,2018
00922323,,inactive,2021
00922846,,inactive,1984
00924199,,inactive,1995
0092430X,,inactive,2004
00924458,,inactive,2016
00924563,,inactive,2022
00924873,,inactive,2003
00925578,,inactive,1969
00925632,,inactive,1951
00925640,,inactive,1937
00925659,,inactive,1983
00926116,,inactive,1975
00926213,,inactive,1994
0092699X,,inactive,1963
00927023,,inactive,1951
00928615,21649200,inactive,2013
00928623,23314419,inactive,1997
00929395,23313161,inactive,1980
00929867,,inactive,1979
00930415,,inactive,2002
0093061X,,inactive,1979
00930970,,inactive,1965
00931705,,inactive,2004
00931748,,inactive,1977
00931853,,inactive,2012
00932205,,inactive,1976
00932213,,inactive,1990
00932914,,inactive,1947
00933058,,inactive,2002
00933341,,inactive,1999
00933546,,inactive,1981
00934127,,inactive,1946
00934437,,inactive,1994
00934445,,inactive,1997
00934488,,inactive,1992
00934658,,inactive,1999
00934666,,inactive,2022
00935107,,inactive,2017
00935387,,inactive,1992
0093609X,,inactive,2006
00936391,,inactive,1978
00936405,,inactive,1982
00937002,,inactive,1988
00937061,,inactive,1976
00937312,,inactive,1976
00937347,,inactive,2016
00938343,26900750,inactive,1978
00939978,,inactive,1988
00940216,,inactive,1975
00940267,,inactive,1979
00940585,,inactive,1978
00941689,,inactive,1989
00942065,,inactive,2016
00942499,19364563,inactive,2003
00943509,15337294,inactive,2023
0094369X,,inactive,1980
00944076,,inactive,2003
00944548,,inactive,1982
00945102,,inactive,1978
00945331,,inactive,1970
0094534X,,inactive,2003
00945579,2331463X,inactive,1977
00945617,,inactive,2002
00945714,,inactive,2004
00946575,,inactive,2008
00946591,,inactive,1994
00947245,,inactive,1977
00947474,,inactive,1998
00947598,23787651,inactive,2010
00947733,,inactive,1997
00947768,,inactive,1985
0095036X,,inactive,2016
00950963,,inactive,2001
00951390,,inactive,2009
0095148X,,inactive,1976
00951544,,inactive,1983
0095182X,15341828,inactive,2012
00952338,15205142,inactive,2004
00952656,,inactive,1982
00953814,,inactive,1994
00954403,,inactive,2000
00955183,,inactive,1976
0095571X,,inactive,2002
00956562,,inactive,2014
00958301,,inactive,2016
00958522,,inactive,1965
00958654,,inactive,1975
00958808,,inactive,2004
00958891,,inactive,1967
00958948,,inactive,2019
00959006,,inactive,1966
00959030,,inactive,1949
00959065,,inactive,1962
00959146,15415759,inactive,1957
00959502,23313439,inactive,1961
00959510,23313420,inactive,1946
00959545,,inactive,1999
00959561,,inactive,1960
00959618,,inactive,1965
0095974X,,inactive,1951
00959774,,inactive,1924
00959839,,inactive,1948
00959863,23750839,inactive,1970
00959871,19383215,inactive,1954
00959898,15530809,inactive,1965
00959901,,inactive,1961
0095991X,,inactive,1959
00960179,,inactive,1958
00960217,,inactive,1969
00960225,,inactive,1960
00960241,,inactive,1965
00960284,23750855,inactive,1966
00960446,,inactive,1988
00960551,,inactive,2002
00960616,21681600,inactive,1963
00960632,,inactive,1961
00960667,,inactive,1966
00960764,,inactive,1992
00960802,,inactive,1998
00961000,21682712,inactive,1962
00961019,21621349,inactive,1962
00961108,,inactive,1969
00961515,,inactive,1981
00961620,15582663,inactive,1965
00961639,23310804,inactive,1960
00961647,23310812,inactive,1962
00961655,21681635,inactive,1962
00961663,,inactive,1962
00961736,,inactive,1995
00961760,,inactive,1962
00961779,23311649,inactive,1959
00961868,,inactive,1965
00961884,21680817,inactive,1962
00961957,23749547,inactive,1965
00961973,15583643,inactive,1962
00961981,21682984,inactive,1962
0096199X,15583651,inactive,1962
00962007,23313854,inactive,1962
00962015,23749814,inactive,1962
00962147,,inactive,1948
00962236,,inactive,1950
00962244,21622132,inactive,1962
00962260,21681902,inactive,1962
00962414,23749539,inactive,1965
00962422,21681708,inactive,1962
00962430,23798661,inactive,1962
0096249X,21682852,inactive,1967
00962503,21516278,inactive,1966
00962511,23311630,inactive,1962
0096252X,23311657,inactive,1962
00962651,,inactive,1997
00962732,,inactive,1978
00962929,,inactive,1953
00962945,,inactive,1949
00963070,,inactive,2003
00963518,,inactive,1992
0096364X,,inactive,1959
00963771,,inactive,1950
00963860,,inactive,1951
00964174,,inactive,1957
00964484,15414655,inactive,1946
00964522,,inactive,2006
00965286,,inactive,1966
00965294,,inactive,1964
00965332,,inactive,1968
00965359,23756772,inactive,1960
0096543X,,inactive,1960
00965448,,inactive,1954
00965502,,inactive,1965
0096557X,,inactive,1965
00965588,,inactive,1959
0096560X,,inactive,1950
00965979,23756780,inactive,1955
00965995,,inactive,2002
00966029,23763760,inactive,1952
00966339,2374765X,inactive,1960
00966347,,inactive,1947
00966622,,inactive,1952
00966630,,inactive,1962
00966665,,inactive,1955
00966703,,inactive,1954
00966711,,inactive,1960
00966738,,inactive,1954
00966754,23309628,inactive,1959
00966819,,inactive,1952
00966843,,inactive,1960
00966886,,inactive,1958
00966894,23756802,inactive,1960
00966908,23763566,inactive,1960
00966983,,inactive,1963
00967017,,inactive,1951
00967114,,inactive,1952
00967149,,inactive,1962
00967165,,inactive,1964
00967807,,inactive,1992
00968056,,inactive,2009
0096820X,,inactive,1957
00968390,21626634,inactive,1962
00968420,,inactive,1971
0096848X,,inactive,2016
00968501,,inactive,1962
0096851X,,inactive,1964
00968714,,inactive,2000
00968765,,inactive,1984
0096882X,,inactive,2006
00968994,23742976,inactive,1955
00969230,,inactive,1948
00969362,,inactive,1949
00970050,,inactive,1990
00970085,,inactive,1981
00970107,,inactive,1962
00970115,,inactive,1970
00970298,,inactive,2009
00970352,23770147,inactive,1929
00970506,,inactive,1949
00970522,,inactive,1935
00971049,21680795,inactive,1960
00971197,,inactive,1993
00971383,,inactive,1965
00971634,,inactive,1949
00971650,,inactive,1959
00971790,,inactive,1952
00972002,2331088X,inactive,1962
00972460,23796766,inactive,1962
00972762,,inactive,1968
00973157,,inactive,2020
00973912,,inactive,1969
00974544,15582450,inactive,1965
00974552,21682801,inactive,1962
00974943,,inactive,1985
00975427,,inactive,1976
00975842,,inactive,1956
00975990,,inactive,1993
00976601,,inactive,1965
00976628,2151626X,inactive,1961
00977063,,inactive,1971
0097711X,,inactive,1973
00977403,19392184,inactive,2014
00978043,,inactive,2020
00978388,,inactive,1995
0097840X,,inactive,1987
00978485,,inactive,2002
00978930,,inactive,2011
00979554,,inactive,2003
00979783,,inactive,2006
00979805,,inactive,2021
00979937,,inactive,1998
00980366,,inactive,1983
00981133,,inactive,1998
00981273,15429385,inactive,1984
00981486,21635412,inactive,2016
00981532,1096911X,inactive,2003
00981559,,inactive,1982
0098180X,,inactive,2021
00981818,19374658,inactive,2021
00982067,,inactive,1981
00982164,,inactive,1981
00982571,,inactive,1991
0098261X,23277556,inactive,2022
00983039,,inactive,1978
00983721,18791565,inactive,1968
00984094,,inactive,1998
00984108,,inactive,1997
00984329,,inactive,1999
00985961,,inactive,2003
00986097,,inactive,1968
00986127,,inactive,1998
00986151,19451997,inactive,2021
00986259,,inactive,1998
00986569,,inactive,1998
00986577,,inactive,2011
00986631,,inactive,1990
00986909,,inactive,1995
00987107,,inactive,1974
00987115,,inactive,1949
00987123,,inactive,1987
00987298,,inactive,1983
00987522,,inactive,1964
00987786,,inactive,1998
00988243,15591190,inactive,2010
00988383,,inactive,1979
00988421,15518221,inactive,2005
0098843X,,inactive,1973
00988448,,inactive,1967
00988456,,inactive,1964
0098860X,,inactive,1975
00988898,,inactive,2015
00989053,,inactive,2011
00990027,,inactive,1989
00990248,,inactive,1988
00990329,,inactive,2001
0099037X,,inactive,1996
00991708,,inactive,1979
0099183X,,inactive,2003
00993964,,inactive,1972
00994480,,inactive,2004
00994502,,inactive,1949
00994553,,inactive,1963
00994561,21682836,inactive,1962
00994944,,inactive,1960
00995657,,inactive,1964
00995665,,inactive,1964
00996157,,inactive,1962
0099636X,,inactive,1949
00996653,,inactive,1949
00996866,,inactive,1958
00996963,,inactive,1932
00997374,,inactive,1940
00997501,,inactive,1949
00998125,,inactive,1956
0099815X,,inactive,1963
00998354,,inactive,1950
00998826,,inactive,1968
00999490,,inactive,1978
00999598,,inactive,1997
00999660,,inactive,2006
00999695,,inactive,1969
01000004,,inactive,1977
01000160,,inactive,1982
01000195,,inactive,1979
01000519,,inactive,1980
01003569,,inactive,2003
01004158,16784677,inactive,2007
01006843,,inactive,1949
01006932,,inactive,2002
01007386,,inactive,2002
01008358,,inactive,2020
01008455,,inactive,1997
01008692,18095267,inactive,2021
0100929X,21761892,inactive,2020
01012061,1678457X,discontinued,2023
01013122,,inactive,2012
0101322X,,inactive,1997
01013793,,inactive,2004
01014331,,inactive,1999
01016083,1806938X,discontinued,2023
01017772,,inactive,2017
01018108,,inactive,2011
01018175,,inactive,2008
01018469,,inactive,2000
01019880,,inactive,2011
0102129X,,inactive,1986
01022105,,inactive,1982
01023586,,inactive,1992
01025902,,inactive,1990
01026283,,inactive,1996
01027646,,inactive,1998
0102843X,,inactive,1991
01028839,18069452,inactive,2009
01029010,,inactive,2009
01029304,18062881,inactive,2013
01029460,19806523,inactive,2019
01030663,,inactive,1990
01031759,,inactive,2012
01033131,,inactive,2001
01033212,,inactive,1995
01033948,19833083,inactive,2015
0103507X,19824335,inactive,2023
01035657,21787875,inactive,2019
01035665,,inactive,2021
01036734,,inactive,1996
01036971,19818637,inactive,2016
01037021,,inactive,2006
0103944X,19834071,inactive,2018
01040898,,inactive,2011
01041843,22141235,inactive,2016
01043285,,inactive,2008
01043579,19844905,inactive,2015
01045652,,inactive,1997
01045687,1809399X,inactive,2010
01047930,,inactive,1998
01049275,,inactive,2000
01049631,,inactive,1998
01050028,,inactive,1951
01050397,,inactive,2001
01051423,,inactive,2011
01051938,,inactive,1989
01056263,13652605,inactive,2012
01059327,,inactive,1984
01061607,,inactive,2005
01064339,,inactive,1987
01064347,,inactive,1987
01068040,,inactive,2017
01068350,16017617,inactive,1998
01069543,,inactive,2002
01071092,,inactive,2001
01074083,,inactive,1997
01078593,,inactive,2001
01080164,,inactive,1987
01080180,,inactive,1987
01080202,,inactive,1987
01081675,1600549X,inactive,2006
01082701,16005759,inactive,2013
01087673,16005724,inactive,2015
01087681,16005740,inactive,2013
01089684,,inactive,1989
01092502,,inactive,1999
01095110,,inactive,1999
01100718,,inactive,2000
0110327X,,inactive,1979
01111485,,inactive,2007
0111199X,,inactive,1996
01114042,,inactive,1989
01118129,,inactive,1997
01119176,,inactive,1997
01119435,,inactive,1998
0111946X,,inactive,2001
01119508,,inactive,2000
01125966,,inactive,1986
01127438,2423012X,inactive,2014
01129597,,inactive,1998
01135244,,inactive,1989
01137492,,inactive,1997
01142402,,inactive,1994
01143727,,inactive,1997
01166069,,inactive,1999
01170163,,inactive,1996
01173375,,discontinued,2020
01177796,,inactive,2000
01202650,,inactive,2014
0121618X,,inactive,2002
01220977,,inactive,1998
01232576,25007106,inactive,2023
01234676,,inactive,2002
01245481,,discontinued,2019
01250035,,inactive,1971
01250078,,inactive,1982
0125152X,,inactive,1980
01251759,,inactive,1997
01256718,,inactive,1985
01258370,,inactive,2015
01260472,20874634,inactive,2017
01266209,,inactive,2019
01271474,,inactive,1998
01277324,15055337,inactive,2008
01281976,22894365,inactive,2024
01283863,,inactive,2000
01290533,,inactive,2004
01291122,,inactive,2011
01291564,17936438,discontinued,2025
01294776,,inactive,1995
01295721,,inactive,2017
01295977,,inactive,2012
01300997,,inactive,2005
01302906,,inactive,2004
01303082,,inactive,2004
01305395,,inactive,2005
01309013,,inactive,2005
01311336,,inactive,1989
01311611,,inactive,2005
01311646,,inactive,2016
01319582,,inactive,2004
01323423,,inactive,2015
0132344X,,inactive,2005
01323474,,inactive,2004
01324160,,inactive,2005
01324624,,inactive,1992
01326244,,inactive,2011
01326422,,inactive,1987
01326651,,inactive,2004
01328867,,inactive,1980
01330276,,inactive,2002
01331728,,inactive,1983
01331736,15882837,inactive,2009
01332546,,inactive,2014
01333127,,inactive,1989
01336215,,inactive,1998
01340719,20642857,inactive,1983
01343475,,inactive,1997
01345486,19382553,inactive,2023
01370782,,inactive,2005
0137107X,,inactive,2008
01371223,,inactive,2010
01371320,,inactive,2003
01372440,,inactive,1997
01375083,,inactive,2009
01379798,,inactive,1995
01380109,,inactive,1997
01380117,,inactive,1997
01380125,,inactive,1997
01380141,,inactive,1996
0138015X,,inactive,2007
01384988,,inactive,2003
01394495,,inactive,1991
01397656,,inactive,1993
01397893,,inactive,2019
01399608,,inactive,1990
01400460,,inactive,2005
0140072X,,inactive,1983
01401033,,inactive,2005
01401327,,inactive,1979
01401335,,inactive,1979
01401599,,inactive,2001
01401750,,inactive,1991
01404067,,inactive,2004
0140427X,,inactive,1996
0140511X,,inactive,2004
01405284,,inactive,1986
01405543,20568118,inactive,1972
01406728,14701359,inactive,1995
01407686,,inactive,1999
01409050,,inactive,1992
01409174,,inactive,2009
01410814,,inactive,2010
01411195,,inactive,1990
01412205,20568126,inactive,1981
01412760,,inactive,2004
01412949,,inactive,1996
01413473,,inactive,1994
01414283,,inactive,1981
01414607,,inactive,1986
01415425,,inactive,1993
01415530,,inactive,1982
01416219,,inactive,1990
01416952,,inactive,1979
01417037,,inactive,1995
01418033,,inactive,1990
01418602,,inactive,2003
01418610,14606992,inactive,2002
01418637,,inactive,1991
0141867X,,inactive,2008
01419536,,inactive,1999
01419854,13652257,inactive,2006
01419862,,inactive,1982
01419951,,inactive,2007
01420356,1935181X,inactive,1982
01420453,,inactive,1998
01420496,,inactive,1995
01420798,,inactive,2019
01420933,,inactive,1979
0142095X,,inactive,1980
01420968,,inactive,1980
01422367,,inactive,2007
01422413,14772892,inactive,2006
01422456,,inactive,1989
01423304,,inactive,2016
01424688,,inactive,2001
01425919,,inactive,2002
01427245,,inactive,1985
01427849,,inactive,2001
01428853,,inactive,2001
01429345,,inactive,1996
01429442,,inactive,1997
01430084,,inactive,1990
01430815,,inactive,1992
01431471,18780709,inactive,1986
0143148X,,inactive,1986
01432060,,inactive,1989
01432516,,inactive,1981
01432826,,inactive,1998
01433083,,inactive,2003
01433180,,inactive,1986
01435337,,inactive,2003
01435698,,inactive,2000
01436147,,inactive,1992
01436236,,inactive,1985
01436481,,inactive,1991
01436902,,inactive,1996
0143702X,,inactive,1993
01437038,,inactive,1993
01437046,,inactive,1994
01437054,,inactive,1993
01437062,,inactive,1993
01437070,,inactive,1990
01437089,,inactive,1991
01437097,,inactive,1985
01437100,,inactive,1990
01437127,,inactive,1985
01437852,,inactive,1991
01438174,,inactive,1987
01438700,,inactive,1993
01439073,23970944,discontinued,2018
01439294,,inactive,2002
01441795,,inactive,2001
0144221X,,inactive,1997
01442449,,inactive,1997
01442600,,inactive,2003
01442880,,inactive,1986
01442945,,inactive,2005
01443186,,inactive,1991
01444069,,inactive,1984
01444565,,inactive,1990
01445154,,inactive,2022
01445170,,inactive,1997
0144557X,,inactive,1995
01445871,,inactive,2001
01445952,,inactive,1995
01445979,13652281,inactive,2001
01446045,,inactive,1990
01446622,,inactive,1992
01447521,,inactive,2003
01447823,,inactive,1988
01448196,,inactive,1993
01448625,,inactive,2001
01448722,,inactive,2019
01448757,,inactive,1989
01449281,,inactive,2001
01450743,,inactive,1982
01451456,,inactive,1983
0145224X,,inactive,1978
01452339,19391846,inactive,1920
01452347,,inactive,1925
01453068,,inactive,1978
01453300,,inactive,1977
01453378,,discontinued,2016
0145448X,,inactive,2002
01455508,,inactive,1990
01455680,1165158X,discontinued,2025
01456008,15300277,inactive,2022
01456245,,inactive,1983
01456296,,inactive,2004
01456652,,inactive,1974
01457217,15546063,inactive,2020
01457624,,inactive,1984
01459228,,inactive,1979
01460641,,inactive,1980
01460706,,inactive,1991
01460749,,inactive,1996
01460862,1521043X,inactive,2015
01461052,23751010,inactive,1979
01461257,,inactive,1976
01461737,,inactive,1987
01462520,,inactive,2000
01462776,,inactive,1985
01462806,15356280,discontinued,2024
01463535,,inactive,1990
01463616,,inactive,1990
01464108,,inactive,1992
01464132,,inactive,1990
01464604,,inactive,1989
01464779,,inactive,1981
0146521X,23314613,inactive,1998
01465422,,inactive,2019
01465724,,inactive,1993
01465945,,inactive,2013
01466283,25761056,inactive,2020
01466291,,inactive,1985
01466313,,inactive,1961
01466364,,inactive,1980
01466402,,inactive,1994
01466518,,policy,2017
01466623,,discontinued,2017
0146664X,,inactive,1982
01467611,,inactive,1980
01470353,,inactive,1990
01470701,23768878,inactive,1976
01471473,,inactive,1996
01471988,,inactive,1983
01472194,,inactive,2016
01472496,,inactive,1989
01472917,,inactive,1979
01473700,,inactive,1983
01473956,,inactive,2008
01473964,,inactive,1997
01474863,,inactive,2000
01475975,,inactive,1995
01476041,,inactive,2017
01477439,,inactive,1998
01477552,,inactive,1977
01478001,,inactive,1979
0147829X,,inactive,1979
01479032,2327445X,inactive,2016
01479857,,inactive,1999
0148012X,,inactive,1978
01480227,21562202,inactive,2017
01480685,,inactive,1981
01480812,,inactive,1994
01481029,,inactive,2019
0148382X,,inactive,1998
01483919,,inactive,1996
01483927,,inactive,1981
01484419,,inactive,2013
01484443,,inactive,1990
01484737,,inactive,2008
01484869,,inactive,1978
01484893,,inactive,2015
01485016,15210375,inactive,2007
01485806,23313986,inactive,1988
01486403,19302398,inactive,1997
01486411,15583082,inactive,1993
01486608,,inactive,1990
01487280,,inactive,1989
01487299,10968628,inactive,2002
01488287,,inactive,1991
01488384,23750073,inactive,1986
01489062,,inactive,2000
0148916X,1544581X,inactive,2005
01489496,,inactive,1986
01489615,,inactive,1978
0148978X,,inactive,1961
01489836,,inactive,1994
01489895,,inactive,1982
01489909,,inactive,1983
01490370,,inactive,2019
01490397,,inactive,1991
0149046X,,inactive,1986
01492594,,inactive,1978
01492608,,inactive,1987
01492632,,inactive,2016
01492640,,inactive,1983
01492888,,inactive,1977
0149290X,,inactive,1980
0149337X,,inactive,2020
01494147,,inactive,2007
01495267,,inactive,2010
01495720,,inactive,1989
01496123,,inactive,2004
01496204,,inactive,1996
01497944,,inactive,2006
0149936X,,inactive,1988
01499386,,inactive,2007
01499483,,inactive,2001
0150536X,,inactive,1996
01505505,,inactive,2003
01506463,,inactive,1989
01510193,21010218,inactive,2023
01516655,,inactive,1982
01516973,,inactive,1989
01525425,,inactive,2004
01529668,,inactive,2003
01536540,,inactive,1983
01539329,,inactive,2008
01539337,,inactive,2018
01548344,19696779,inactive,2019
01549014,,inactive,1996
01550438,,discontinued,2016
01553399,,inactive,2001
01554093,,inactive,2013
01554131,,inactive,2020
01560417,,inactive,2017
01560972,,inactive,1978
01561316,18351794,inactive,2014
01567365,,inactive,1995
01571532,18395244,inactive,2000
01580728,,inactive,2022
01581570,,inactive,2012
01584960,,inactive,1991
01585231,,inactive,1992
01589938,18795447,inactive,2020
01591185,,inactive,1998
01601652,,inactive,2011
01601741,,inactive,1989
01601997,,inactive,1985
01602551,,inactive,1986
01602764,,inactive,2022
01602780,,inactive,1984
01603450,,inactive,1995
01603930,,inactive,1987
01604074,,inactive,1983
01604112,,inactive,1981
01604198,,inactive,1994
01604341,,inactive,2017
01604953,20545592,inactive,2018
01605402,,inactive,1991
01606433,,inactive,2007
01607413,,inactive,1980
01607480,,inactive,2016
01607782,,inactive,2003
01607952,,inactive,1994
01607979,,inactive,1981
01607987,,inactive,1981
01607995,,inactive,1981
01608002,,inactive,1981
01608266,,inactive,2020
01608347,,inactive,2005
01609009,15360334,discontinued,2016
01610007,,inactive,1984
01610457,19328745,inactive,2023
01611194,15581586,discontinued,2017
01611364,,inactive,1990
01611844,,inactive,2002
01611852,,inactive,2002
01611879,,inactive,2002
01611933,,inactive,1980
01614576,,inactive,2001
01614630,,inactive,1982
01615149,,inactive,2005
01615246,,inactive,1983
0161570X,,inactive,1987
01616382,,inactive,2002
01616439,,inactive,1978
01617095,,inactive,1979
01617354,,inactive,1985
01617478,,inactive,1980
01617567,,inactive,1984
01618431,,inactive,1981
01619152,15744647,inactive,2016
01619284,,inactive,2017
01620177,,inactive,1999
01620886,,inactive,1991
01621416,,inactive,1982
01621831,,inactive,1999
01623095,,inactive,1996
01623109,,inactive,2000
01623192,,inactive,1981
01623885,,inactive,2007
01624075,19447388,inactive,1999
01624105,,inactive,2000
01626566,,inactive,1985
01627155,,inactive,1982
01627546,,inactive,1988
01628771,,inactive,2007
01628941,,inactive,2000
01629360,,inactive,1985
01629700,,inactive,1987
01629719,,inactive,1987
01630350,15360199,inactive,2009
01630571,,inactive,1986
01630784,,inactive,1997
01631047,,inactive,1994
01631322,,inactive,1986
01631829,,inactive,2002
01631942,,inactive,2011
01633767,,inactive,2010
01634089,,inactive,2004
01634380,,inactive,1974
01634992,,inactive,1995
01635565,,inactive,1980
01635840,,inactive,2003
01637134,,inactive,1977
01637169,,inactive,2019
01637851,,inactive,2022
01637878,,inactive,1996
0163898X,,inactive,2004
01639269,15444546,inactive,2017
01639358,,inactive,1983
01639366,15408566,inactive,2010
01639633,,inactive,1992
01639803,23767200,inactive,1981
01640259,,inactive,1994
01640305,,inactive,1984
01640364,,inactive,2015
01640399,,inactive,1978
01640534,,inactive,1986
01640933,,inactive,2012
01641239,,inactive,1991
01641263,19425473,discontinued,2018
01642340,15502449,inactive,2006
0164310X,,inactive,2010
0164324X,,inactive,2010
01644238,,inactive,1995
01644386,,inactive,1983
01645080,,inactive,1979
01645242,,inactive,1986
01647865,,inactive,1983
01648322,,inactive,1999
01648470,,inactive,2001
01649442,,inactive,2016
01650173,18726321,inactive,2011
0165022X,,inactive,2008
01650475,,inactive,1985
01650513,,inactive,1996
01650572,,inactive,1992
01651110,,inactive,1996
01651161,,inactive,1996
01651188,18765637,inactive,1996
01651218,,inactive,1996
01651250,,inactive,2007
01651269,,inactive,1983
01651404,2214708X,inactive,1994
01651633,,inactive,1991
01651838,,inactive,2000
01652281,,inactive,1983
01653253,,inactive,1998
01653806,,inactive,2005
01654608,18734456,inactive,2010
01654888,16134117,inactive,2012
01655817,,inactive,1998
01656074,,inactive,1996
01656090,,inactive,1997
01657208,,inactive,2002
01660918,,inactive,2010
01661116,,inactive,1998
01661280,,inactive,2010
01662031,,inactive,1982
01662112,,inactive,2007
01662635,,inactive,2009
01663097,,inactive,1987
01664115,,inactive,2008
01664794,,inactive,1983
01665294,,inactive,2011
01665766,,inactive,2010
01666622,,inactive,1993
01669834,18733867,inactive,1992
01670115,18731686,inactive,2014
01671618,,inactive,1983
01671731,22147055,inactive,1996
0167188X,,inactive,1991
01672088,,inactive,2002
01672231,,inactive,1995
0167238X,18756824,inactive,1996
01672436,18765998,inactive,2000
01672487,,inactive,1991
01672584,,inactive,1993
01672878,,inactive,1998
01672894,,inactive,1996
01673157,,inactive,1986
01673785,,inactive,2007
01673858,,inactive,1980
01674137,,inactive,2007
0167420X,,inactive,1988
01674501,,inactive,2006
01674528,,inactive,2006
01674781,,inactive,2007
01674838,,inactive,2002
01675060,,inactive,2005
01675087,,inactive,1990
01675117,,inactive,1999
01675419,,inactive,1989
01675648,,inactive,2006
01675699,,inactive,2000
01675788,,inactive,2001
01675826,,inactive,1988
01675931,,inactive,2004
01676253,,inactive,2001
0167644X,,inactive,1988
01676555,,inactive,1992
01676695,,inactive,1984
01676784,,inactive,1993
01676865,,inactive,1997
01676881,,inactive,2001
01676989,,inactive,1988
01677306,,inactive,2007
01677314,,inactive,1990
01677675,,inactive,2000
01677861,22147225,inactive,1988
01677977,,inactive,1990
01678000,,inactive,2006
01678051,,inactive,1985
01678493,,inactive,1990
01678817,,inactive,1988
01678922,,inactive,2004
0167899X,,inactive,1987
01679031,,inactive,1991
01679244,,inactive,2010
01679295,15730794,inactive,2023
01679309,,inactive,2023
01679368,,inactive,1990
01679899,,inactive,2001
01679902,,inactive,1997
01679945,,inactive,1997
01681176,,inactive,1998
01681753,,inactive,1998
01682024,,inactive,2004
01685597,,inactive,1998
01686054,,inactive,2008
01686178,,inactive,1997
01686240,,inactive,1999
01686275,,inactive,2000
01686291,15730654,inactive,2011
0168647X,,inactive,2020
01686526,,inactive,2022
01687069,,inactive,2007
01687336,,inactive,1990
01687875,,inactive,1996
01687972,,inactive,2003
01688170,,inactive,1994
01688472,,inactive,1995
01688561,15693910,inactive,2007
01688774,,inactive,1981
0168938X,,inactive,1988
01689622,,inactive,1992
01689827,,inactive,1997
01689959,25657348,inactive,2020
01690078,,inactive,2022
01690965,14640732,inactive,2013
01691015,15685683,inactive,2009
01691112,15685691,inactive,2007
01691163,,inactive,1999
0169121X,,inactive,2001
01693107,,inactive,1999
01693158,,inactive,2005
0169328X,,inactive,2005
0169345X,,inactive,1997
01694146,,inactive,1996
01694197,,inactive,2001
01694294,,inactive,2001
01694758,,inactive,2001
01694839,,inactive,2010
01695185,,inactive,2003
01696009,,inactive,1994
01696149,15730875,inactive,2023
01696238,,inactive,2017
01696424,,inactive,1998
01696548,,inactive,2005
01697331,,inactive,2015
01697447,,inactive,2017
01697552,,inactive,2000
01699008,,inactive,2016
01699520,,inactive,2022
01699652,,inactive,2008
01699717,,inactive,2012
01701703,,inactive,1989
01701711,,inactive,1989
0170172X,,inactive,1989
01701789,,inactive,1990
01701991,,inactive,2000
01702041,,inactive,1994
01703331,,inactive,2002
01704044,,inactive,1989
01704060,,inactive,2007
01704818,,inactive,2019
01706241,,inactive,2023
01706977,,inactive,1997
01708287,,inactive,1999
0170950X,,inactive,1985
01709577,,inactive,1988
01709739,14315858,inactive,1997
01709925,,inactive,1987
01711091,,inactive,1992
01711113,,inactive,2001
01711741,,inactive,1983
01713124,,inactive,1969
01714511,,inactive,1990
01715747,,inactive,1987
0171791X,,inactive,1993
01718649,,inactive,1998
01719750,,inactive,1998
01721984,,inactive,1989
01724029,,inactive,2002
01724495,,inactive,2001
01724606,,inactive,1992
01725599,,inactive,1981
01725602,,inactive,1980
01726390,,inactive,2015
01727362,,inactive,2023
01728113,14321963,inactive,2022
0172908X,,inactive,2000
01730339,,inactive,2014
01730541,,inactive,1990
01731629,,inactive,1983
01731734,,inactive,1996
01731807,,inactive,2006
0173184X,,inactive,1997
01732129,,inactive,2009
01732315,,inactive,1983
01733338,,inactive,1993
01736973,,inactive,1982
0173783X,16129237,inactive,2021
01738593,,inactive,1982
01739980,,inactive,2017
0174108X,,inactive,2005
01741098,,inactive,2006
0174173X,,inactive,1988
01741837,,inactive,1990
01742817,,inactive,1983
01743015,,inactive,1988
01743082,,inactive,1990
01743384,,inactive,2006
01743597,,inactive,1998
01744542,,inactive,1969
01744879,,inactive,1994
01744895,,inactive,1990
01745980,,inactive,1988
01746189,,inactive,1982
01746979,,inactive,2007
01747371,,inactive,1994
0174738X,,discontinued,2017
01747398,,inactive,1994
0174870X,,inactive,2003
01753851,,inactive,2011
01755315,,inactive,1997
0175758X,,inactive,1990
01757784,,inactive,1989
01759418,,inactive,2002
0176148X,,inactive,2017
01761625,,discontinued,2017
01762265,,inactive,1988
01764101,,inactive,2008
01764772,,inactive,2003
01765175,,inactive,2001
01766287,,inactive,1950
01766724,,inactive,1989
01768638,,inactive,1990
01769243,,inactive,1991
01770438,,inactive,1991
01772392,,inactive,1995
01773348,,inactive,2023
01773593,,inactive,1998
01774182,,inactive,2018
01774204,,inactive,1997
01774832,,inactive,2003
01774875,,inactive,1994
01775146,,inactive,1992
01775154,,inactive,1899
01775227,,inactive,2011
01775537,1433044X,inactive,2022
01776150,,inactive,1986
01777955,,inactive,2000
01779214,,inactive,1996
01779990,14219808,inactive,2008
01780026,,inactive,1991
01783564,09492925,inactive,2007
01784609,,inactive,1989
0178515X,,inactive,2000
01787683,14315866,inactive,1997
01787896,,inactive,2018
01793098,,inactive,1996
01793187,,inactive,2011
0179616X,,inactive,1970
01796437,18620000,inactive,2015
01798456,,inactive,1985
01799738,,inactive,1991
01799770,,inactive,1934
01799789,,inactive,1938
01805738,,inactive,1990
01809210,,inactive,1988
01810154,,inactive,1975
01810626,,inactive,1989
01810642,,inactive,1996
01811576,,inactive,1998
01811797,,inactive,1992
01811916,,inactive,2006
01819801,17730376,inactive,2016
01820745,,inactive,2007
01823329,,inactive,1990
01824295,,inactive,2022
01832980,22149473,discontinued,2017
01850148,,inactive,1984
01850458,,inactive,2013
01851063,,inactive,2016
01851918,2448492X,discontinued,2020
01852108,,inactive,2001
0185254X,,inactive,1996
01852590,,inactive,1996
01854038,,inactive,2021
01855093,,inactive,2000
01856073,,inactive,2022
01864076,,inactive,2009
01865102,,inactive,1995
01865897,,inactive,2018
01870491,,inactive,1961
01874640,,inactive,2009
01875337,,inactive,2015
01876562,,inactive,1996
01877550,,inactive,1997
01877585,,inactive,2017
01882198,,inactive,2018
01890565,,inactive,1975
0189160X,,inactive,2020
01892657,,inactive,2015
01900439,,inactive,1978
01900447,,inactive,1983
01900471,,inactive,1985
01901206,,inactive,1981
01901575,,inactive,1984
01902024,,inactive,1986
01902040,,inactive,1983
01902350,,inactive,1981
01903187,,inactive,2010
01904094,,inactive,1982
01905279,,inactive,1999
01906593,,inactive,2004
01907034,,inactive,1995
01908286,,inactive,2007
01908294,,inactive,1982
01909177,,inactive,1992
0191085X,,inactive,2002
01911813,,inactive,1989
01912542,,inactive,1996
01912607,,inactive,1991
01912771,,inactive,1981
0191278X,,inactive,1990
01913239,,inactive,1982
01913271,,inactive,1982
01913581,,inactive,1980
01913751,,inactive,1978
01913905,,inactive,1986
01914588,,inactive,2007
01914642,,inactive,2003
0191538X,,inactive,1981
01915401,,inactive,1992
01916319,,inactive,2007
01916351,,inactive,1979
0191765X,,inactive,1986
0191815X,,inactive,1988
01918877,,inactive,1985
01919016,,inactive,1984
01919040,,inactive,2003
01919059,,inactive,1989
01919067,,inactive,1985
01919873,,inactive,1980
01920561,,inactive,2000
01920812,,inactive,2006
01921541,,inactive,2012
01921878,,inactive,1999
01922262,,inactive,2001
01922521,,inactive,1988
0192253X,,inactive,1999
01924311,,inactive,1981
0192432X,,inactive,1981
01924486,,inactive,1997
01925008,,inactive,2002
01926020,,inactive,2020
01926179,,inactive,1986
01926365,19301405,inactive,2023
01926802,,inactive,1996
01927051,,inactive,1981
01928562,,inactive,2002
01929720,,inactive,2002
01929755,,inactive,1993
01929763,,inactive,2000
01930818,,inactive,1994
01931105,,inactive,1979
01931903,,inactive,2006
01932683,,inactive,1982
01934120,,discontinued,2020
01934406,,inactive,1998
01935615,19374402,inactive,1992
01936700,,inactive,1991
01937197,15480577,inactive,1994
01937758,23262222,inactive,2018
01938576,,inactive,1992
01939416,15584453,inactive,2001
01941453,,inactive,1994
01941720,,inactive,1984
01942468,,inactive,1997
01942514,,inactive,2000
0194259X,,inactive,2008
01943243,,inactive,2006
01943960,,inactive,2008
01945181,,inactive,1995
01946595,10959262,inactive,2007
0194844X,,inactive,2017
01950282,,inactive,1984
01950576,,inactive,2001
01950738,15288994,inactive,2024
01952269,,inactive,1998
01952307,,inactive,1994
01953184,,inactive,2018
01953842,,inactive,2002
01954148,,inactive,2010
01954350,,inactive,1983
01956116,,inactive,1990
01957643,,inactive,2003
01957732,15409473,inactive,2004
01957775,,inactive,2003
01958402,,inactive,1996
01958631,,inactive,2009
01959271,15729559,inactive,2008
01959417,,inactive,2009
01959883,,inactive,1979
01960075,15409511,inactive,2013
01961365,,inactive,1991
01961748,23747412,inactive,1988
01962094,,inactive,2004
0196335X,,inactive,1981
01963368,,inactive,1981
01963627,23806907,inactive,1991
01963635,19394640,inactive,2012
01963716,,inactive,2007
01964305,,inactive,1986
01964313,,inactive,1986
01964321,,inactive,1986
01964763,10970320,inactive,2004
01964895,,inactive,2014
01964933,,inactive,1990
01965336,,inactive,1965
01966383,,inactive,1994
01966774,10902678,inactive,2009
01969617,,inactive,1982
01969846,,inactive,1984
0197002X,01966030,inactive,1959
01970070,,inactive,1991
01970216,,inactive,1990
01971522,,inactive,2000
01971859,,inactive,1999
01971905,,inactive,1985
01972456,,inactive,2004
01972510,,inactive,2016
01972839,,inactive,1983
01973118,,inactive,2003
01973355,,inactive,1986
01973681,,inactive,1984
01974327,,inactive,2015
01974483,,inactive,2014
01974564,,inactive,2002
01975110,,inactive,1993
01975706,23310839,inactive,1962
01975838,,inactive,2007
01976370,23798653,inactive,1954
01976389,,inactive,1953
01977520,,inactive,1985
01978357,,inactive,1994
01979140,,inactive,1994
01979922,,inactive,2008
01979981,,inactive,1995
01980149,,inactive,1992
01980211,,inactive,1993
01980238,,inactive,1989
01987097,,inactive,2016
01987593,,inactive,1986
01988212,,inactive,2006
01988778,,inactive,1994
01988794,19444036,inactive,2018
01990071,,inactive,1999
01991884,,inactive,1985
01993178,,inactive,1994
01994646,,inactive,2004
01994786,,inactive,1996
01995103,,inactive,1990
01995308,,inactive,1985
0199610X,,inactive,2008
01997343,,inactive,1994
01999680,,inactive,1949
02017296,,inactive,2005
02017385,,inactive,2005
02018462,,inactive,1993
02018470,,inactive,2014
02018489,,inactive,1993
02020491,,inactive,1997
02024977,,inactive,2005
02030306,,inactive,2001
02031272,,inactive,2004
02033119,,inactive,2006
02043467,,inactive,2003
02043556,,inactive,2005
02043580,,inactive,1973
02047209,,inactive,1985
02047543,,inactive,1977
02073528,,inactive,2005
0207401X,,inactive,2006
02080613,,inactive,2016
02085089,,inactive,1956
02086425,,inactive,2022
0209164X,,inactive,1992
02091712,,inactive,2011
02100010,15766578,policy,2024
02100266,,policy,2024
02100800,,inactive,2009
02101521,15754367,inactive,2009
02102064,,inactive,2013
02103591,,inactive,1967
02105020,,inactive,2016
02105187,,inactive,2021
02106345,,inactive,2018
0210721X,,inactive,1988
02107309,,inactive,2006
02108054,,inactive,2002
02108348,,inactive,2005
02108755,,inactive,2002
02109778,19883307,inactive,2017
02109832,,inactive,1984
02112299,,inactive,1998
02112558,,inactive,1996
02113465,,inactive,2007
02113503,,inactive,1977
02115557,16968298,discontinued,2018
02116529,,inactive,2001
02116901,,inactive,1999
02118173,,inactive,2012
02118343,,inactive,1984
02121565,,inactive,2007
02121808,,inactive,2001
02121972,,inactive,1983
02124688,,inactive,1989
02125730,,inactive,2015
02126583,,inactive,1998
02126982,1578200X,inactive,2011
02127113,16970748,discontinued,2017
02127199,,inactive,2008
02128241,15782115,inactive,2008
02128292,,inactive,1999
02129701,,inactive,1989
02129744,,inactive,2006
02129787,,inactive,1998
02130599,,inactive,2009
02131145,,inactive,1998
02132397,20146000,inactive,2021
02133717,18866581,inactive,2019
02134101,,inactive,1997
02136937,,inactive,2012
02137429,,inactive,2006
02138190,,inactive,1991
02138204,23404108,inactive,1992
02138514,,inactive,1999
02138530,,inactive,1997
02139626,,inactive,2014
02140896,,inactive,2009
02140934,,inactive,2010
02141477,,inactive,1999
02144042,,inactive,2002
02144565,19882874,inactive,2023
02144697,,inactive,2012
02144735,,inactive,1997
02145987,,inactive,1996
02147378,,inactive,1997
0214753X,,inactive,1989
02147831,,inactive,2017
02148668,,inactive,1991
02148927,,inactive,2007
02169223,,inactive,2023
02171112,,inactive,2011
02174472,,inactive,1992
02179687,,inactive,2006
02179822,19930615,inactive,2014
02181444,,inactive,1996
02183048,,inactive,2009
0218396X,17936489,inactive,2017
02185180,,inactive,2012
02186543,,inactive,2010
02188104,17936535,inactive,2015
02189941,,inactive,2003
02190494,14798077,inactive,2007
02191091,,inactive,2010
02192659,17936713,discontinued,2023
02196336,17936888,inactive,2020
02208482,,inactive,1983
02210363,17730384,inactive,2011
02213796,,inactive,1997
02218747,,inactive,1984
02220776,,inactive,1999
02225069,,inactive,1981
02233711,,inactive,2022
02234335,,inactive,1989
02235706,,inactive,1999
02256363,,inactive,2009
02265788,,inactive,1989
02265923,,inactive,1999
02268043,,inactive,2021
02268787,,inactive,1987
02268841,,inactive,2016
02288699,14818523,inactive,2015
0229480X,,inactive,1996
02312522,15882918,inactive,2014
02313146,,inactive,1986
0231424X,15882683,inactive,2016
0231441X,,inactive,1993
02314428,,inactive,1994
02314614,,inactive,1999
02314622,,inactive,1993
02315955,,inactive,2023
02317044,,inactive,1995
02319004,,inactive,1997
02320274,,inactive,2000
02321513,,inactive,1991
02324393,,inactive,1993
02327295,,inactive,1990
02327384,,inactive,1994
0232766X,,inactive,1991
02329298,10294902,inactive,2003
02331608,,inactive,1992
02332159,,inactive,1933
02337525,,inactive,1987
02342758,25002341,inactive,2021
02348241,,inactive,1999
02350106,,inactive,2005
02353474,,inactive,2005
02357119,,inactive,2005
02357224,20290586,inactive,2015
02365278,15882594,inactive,2006
02365286,,inactive,1994
02365383,1588256X,inactive,2018
02365391,,inactive,1992
02365758,,inactive,1993
02367130,,inactive,1988
02376261,,inactive,1991
02380161,15882527,inactive,2013
02397277,,inactive,2003
02397285,,inactive,2005
0240172X,,inactive,2006
0240642X,19585454,discontinued,2016
02408007,,inactive,1969
02408813,,inactive,2011
02408937,,inactive,1996
02411407,,inactive,1986
02421283,,inactive,1995
02421828,,inactive,1991
02425017,,inactive,1984
0242648X,,inactive,2016
02429462,,inactive,1986
02433354,,inactive,1984
02437651,,inactive,1987
0243766X,,inactive,1989
02437678,,inactive,1989
02446014,,inactive,2003
02455552,,inactive,1999
02458292,,inactive,1992
02459914,,inactive,1955
02460122,,inactive,1983
02461641,,inactive,1994
0247039X,,inactive,2006
02478390,,inactive,2013
02480018,,inactive,1997
02489430,,inactive,2011
02493136,,inactive,2006
02494744,17775795,inactive,2021
02495627,12979643,inactive,2005
02496208,,inactive,2019
02496216,,inactive,1984
02496402,,inactive,1983
02496429,,inactive,1997
02497026,,inactive,1997
02497395,,inactive,2018
02497581,,inactive,2001
02499185,,inactive,2005
02500213,,inactive,1981
02500868,,inactive,2005
02501589,,inactive,2009
02502836,21488320,inactive,2017
02503298,,inactive,1985
02503751,16622790,inactive,2021
02504642,,inactive,1981
02504693,16471377,inactive,2016
0250474X,19983743,discontinued,2022
02504766,,inactive,1986
02504936,,inactive,1999
02504952,,discontinued,2018
02504960,,inactive,2004
02505444,,inactive,1983
02505525,,inactive,2000
0250636X,,inactive,2016
02506432,,inactive,2017
02506505,,inactive,2014
02506793,,inactive,1981
02506874,,inactive,1989
0250698X,10125019,inactive,1998
02507803,,inactive,2004
02507870,,inactive,1985
0250863X,,inactive,2013
02509555,,inactive,2002
02510960,,inactive,1988
02511088,15732991,inactive,2013
0251110X,,inactive,2010
02511193,,inactive,1996
02511266,,inactive,1988
02511649,,inactive,2005
0251172X,24914428,inactive,2016
02511789,,inactive,1999
02511894,,inactive,2009
02512432,,inactive,1998
02514710,,inactive,1999
02515342,16622995,inactive,2020
02516365,,inactive,2013
02517329,,inactive,2000
0251737X,,inactive,2023
02521059,,inactive,1995
02521903,,inactive,1988
02523639,,inactive,1999
02527308,,inactive,1985
02528843,,inactive,2021
02529289,,inactive,2005
02529424,,inactive,1998
0252953X,,inactive,2008
02529564,,inactive,1985
02529769,,inactive,2003
02529939,,inactive,2019
02530465,,inactive,2016
02531097,,inactive,2016
02531151,15613003,inactive,2015
02531453,,inactive,2010
02531801,,inactive,1991
02532123,,inactive,2007
02532662,,inactive,1997
02532689,,inactive,1986
02532743,,inactive,2003
02533170,,inactive,1989
02533316,,inactive,1986
02533650,,inactive,1985
02533995,,inactive,1995
02534126,,inactive,2005
02534134,,inactive,2003
02534177,,inactive,2008
02534290,,inactive,1985
02534347,,inactive,1989
0253438X,,inactive,1985
02534517,,inactive,2002
02534754,,inactive,1998
02535076,,inactive,1988
02535823,,inactive,1988
02535831,,inactive,1988
02536099,,inactive,2003
02536803,,inactive,2014
02537184,19983816,inactive,2017
02537214,,discontinued,2022
02537494,,inactive,2003
02537508,,inactive,2000
02538768,,inactive,1999
02539683,,inactive,1992
02539756,,inactive,1998
02540029,,inactive,1988
02540150,,inactive,2006
02540533,,inactive,1998
02540770,,inactive,2018
02540819,,inactive,1988
02541319,,inactive,2008
02541637,,inactive,2015
02541858,,inactive,1999
02542307,,inactive,2001
02543052,,inactive,2007
02543591,,inactive,2000
02544059,19935005,inactive,2017
02544121,,inactive,2004
02544326,,inactive,2009
02544407,,inactive,2019
02544725,,inactive,2013
02545020,16622812,inactive,2017
02545861,,inactive,2022
0254587X,,inactive,2001
02545934,,inactive,2007
02546272,,inactive,2007
02546310,,inactive,1990
02547600,,inactive,1991
02548712,22356622,inactive,2010
0254881X,,inactive,1986
02549034,,inactive,1991
02549522,,inactive,1988
02549670,,inactive,2001
02550822,16097491,inactive,1996
02550962,,inactive,2016
02552930,,inactive,2016
02553910,,inactive,1989
02556030,,discontinued,2018
02556588,,inactive,2001
02556596,,inactive,2001
02556693,,inactive,2008
02556960,,inactive,1990
02557193,09744509,discontinued,2020
02557975,,inactive,1989
02557983,,inactive,1992
02558637,,inactive,2006
02559625,,inactive,2004
02560054,19420773,inactive,2014
02561514,,inactive,2001
02561654,,inactive,2006
02561751,,inactive,1941
02561859,,inactive,2005
02562804,,inactive,1997
02562855,,inactive,2013
02563118,,inactive,2014
02565145,,inactive,2004
02565331,,inactive,1996
0256596X,16084780,inactive,2003
02565986,,inactive,1992
02566869,,inactive,2000
02567008,,inactive,1999
02567660,,inactive,1989
0257019X,,inactive,1997
02572389,,inactive,2019
02572761,,inactive,1989
02572788,,inactive,1989
02573199,,inactive,1990
02573423,,inactive,2011
02573431,,inactive,2011
0257344X,,inactive,2011
02574411,,inactive,2011
0257442X,,inactive,2011
02574438,,inactive,2011
02574829,,inactive,2000
02575655,,inactive,2006
02576708,,inactive,2011
0257716X,,inactive,2001
02577305,,inactive,2000
02577615,,inactive,2002
02577712,,inactive,2002
02578050,,discontinued,2021
02578131,,inactive,2001
02578700,,inactive,2019
02579669,,inactive,1997
02579731,,inactive,2022
02580144,,inactive,1996
02580322,,inactive,1993
02580330,,inactive,1998
02580659,,inactive,2002
02582058,,inactive,2011
02582589,,inactive,1969
02583186,,inactive,1988
02584913,,inactive,1997
02585979,,inactive,1999
02586428,,inactive,1997
02587661,,inactive,2015
0258798X,,inactive,1998
02588404,,inactive,1964
0258879X,,inactive,2022
02591278,,inactive,1992
0259210X,,inactive,2001
02592282,,inactive,1992
0259238X,15644278,inactive,2017
02594323,,inactive,2021
02596334,,inactive,1998
02596563,,inactive,2014
02597454,,inactive,2010
02598582,,inactive,1997
02599147,,inactive,1991
02601338,,inactive,1988
02601362,13600605,inactive,1995
02601818,14604760,inactive,2013
02601826,,inactive,2013
02602814,,inactive,1987
02603799,,inactive,2014
02604639,,inactive,1986
02604779,,inactive,1990
02605317,,inactive,1983
02605805,,inactive,1997
0260647X,,inactive,1990
02606518,,inactive,1990
02607417,,inactive,1995
02607840,,inactive,1989
02608235,,inactive,1988
02609827,,inactive,1991
02610345,,inactive,1985
02611279,14740559,inactive,2023
02611813,,inactive,1985
02612097,,inactive,2007
02612429,,inactive,1998
02613131,,inactive,2009
02613166,17468272,inactive,2009
02613182,,inactive,1985
02614286,,inactive,2002
02617277,,inactive,1986
02618028,,inactive,2003
02619180,,inactive,1990
02619873,,inactive,1986
02619881,,inactive,1986
0261989X,,inactive,1987
02619946,,inactive,2008
02619997,20568134,inactive,1993
02621746,,inactive,1987
0262401X,,inactive,1999
02624230,,inactive,2022
02624761,,inactive,1982
02625075,,inactive,1989
02625091,,inactive,2004
0262642X,,inactive,1998
02628104,17563488,policy,2026
02628546,,inactive,1982
02628759,,inactive,1990
02628767,,inactive,1997
02629909,,inactive,1998
02630060,,inactive,1988
02630257,,inactive,1997
0263080X,17586844,inactive,2016
02630923,,inactive,1999
02631008,,inactive,1998
02631474,,inactive,2007
02634546,,inactive,1985
02635933,14737116,inactive,2006
02636050,,inactive,2007
02636131,,inactive,2008
02636476,,inactive,1991
02637103,,inactive,1998
02637138,,inactive,1987
02637146,,inactive,1990
0263774X,14723425,inactive,2017
02637855,,inactive,1997
0263788X,,inactive,1991
02638290,,inactive,1988
02638495,,inactive,1987
02639327,,inactive,1991
02639513,,inactive,2004
02640236,,inactive,1994
02640325,,inactive,2008
02640821,,inactive,1990
02641615,,inactive,2016
02642506,,inactive,2007
02643413,19351836,inactive,1985
02643421,19351828,inactive,1985
02643774,,inactive,2004
02644835,,inactive,1998
02644924,,inactive,1993
02645033,2047900X,inactive,2021
0264522X,,inactive,1997
02645491,,inactive,1995
0264682X,,inactive,1988
0264715X,,inactive,2018
02647494,,inactive,1986
02648172,18734073,inactive,2026
02648709,,inactive,1997
02648733,,inactive,1989
02649047,,inactive,2001
02649160,,inactive,2011
02649187,,inactive,1996
02649373,,inactive,1984
02650193,,inactive,1999
02650584,,inactive,1994
02650673,,inactive,1996
02650746,,inactive,2002
02650762,,inactive,1989
02650916,,inactive,1996
02651068,17522692,inactive,2016
02651351,,inactive,1988
02651440,,inactive,1949
02651602,20493665,inactive,2021
02651904,,inactive,1990
0265203X,14645122,inactive,2026
02653036,,inactive,1991
02653656,,inactive,2003
02653818,,inactive,2008
02654490,,inactive,2007
02655527,14682311,inactive,2015
02655640,,inactive,2001
02656027,,inactive,2006
0265637X,,inactive,2007
02656582,15576841,inactive,2008
02656647,13652532,inactive,2000
02656868,,inactive,2002
02656973,,inactive,2009
02657651,,inactive,2016
02658135,14723417,inactive,2016
0265928X,,inactive,1989
02659999,,inactive,1994
02660970,,inactive,2010
02661055,,inactive,1951
02661330,,inactive,1984
02662078,,inactive,2008
02662442,26334208,inactive,2022
02663082,,inactive,1988
02663244,,inactive,1989
0266349X,,inactive,1990
02663880,,inactive,1990
02664151,,inactive,2005
02664348,,inactive,1997
0266447X,,inactive,1994
0266612X,,inactive,1991
02666154,,inactive,1989
02666480,,inactive,1996
02666502,,inactive,1972
0266688X,21688230,inactive,2022
02667061,,inactive,1997
02667185,,inactive,1992
02667320,,inactive,2002
02667606,,inactive,1992
02667681,15322211,inactive,2007
02668130,,inactive,2005
02668394,,inactive,2023
02668645,,inactive,1948
02669315,,inactive,1991
02669536,,inactive,2001
0266982X,,inactive,1956
02669838,,inactive,1996
0266996X,,inactive,1994
02671034,,inactive,1962
02671085,,inactive,1990
02671689,,inactive,1988
02671700,,inactive,1994
02672073,,inactive,1988
02673762,,inactive,1988
02673932,,inactive,1993
02674440,,inactive,2003
02674653,,inactive,2000
02674823,,inactive,1997
02674874,,inactive,1999
02675331,2047721X,inactive,2013
02675900,,inactive,1989
02676192,,discontinued,2024
02676605,,inactive,1994
02676834,,inactive,2015
02677806,,inactive,2023
02679264,,inactive,1987
02679337,,inactive,1999
02680165,,inactive,1989
02680688,,inactive,1986
02680882,,inactive,1999
02680890,,inactive,2008
02681099,,inactive,1988
02681110,,inactive,1999
02681145,14774615,inactive,2014
02681218,,inactive,1998
02682621,19448279,inactive,2020
02682966,,inactive,2008
02683091,,inactive,2009
02684055,,inactive,1992
02684225,,inactive,1995
02684535,,inactive,1993
0268652X,,inactive,1999
02686961,,inactive,1996
02687615,,inactive,2018
02688867,,inactive,1997
02689235,,inactive,2002
02689499,,inactive,1999
02690004,,inactive,1995
02690136,,inactive,1990
02690144,,inactive,2001
02692139,,inactive,2003
02692333,,inactive,1993
02693798,,inactive,1996
02695030,20537816,inactive,2001
02697475,,inactive,1988
02697483,,inactive,1990
02698579,,inactive,1990
02698595,14699281,inactive,2017
02698951,,inactive,2000
02699079,,inactive,1989
0269915X,14740605,inactive,2006
02700255,,inactive,1987
02700611,,inactive,2002
02701170,,inactive,1991
02701197,,inactive,1996
02701456,,inactive,2004
02702010,,inactive,1993
02703092,,inactive,1986
02703106,,inactive,1991
02703114,2374877X,inactive,1995
02703173,,inactive,1983
02703211,,inactive,2003
02704056,,inactive,1985
02704145,,inactive,2000
02704684,,inactive,1986
02705230,,inactive,1992
02705664,,inactive,2008
02706210,,inactive,2006
02706377,,inactive,2006
02706636,,inactive,1981
02706679,,inactive,1994
02707780,,inactive,1990
02708019,,inactive,2011
0270854X,,inactive,2004
02711206,,inactive,1995
02711575,,inactive,1984
02712253,,inactive,2002
02714159,,inactive,2017
02715198,,inactive,1996
02715384,,inactive,1981
02715392,,inactive,1981
02716585,,inactive,1985
02716607,19382642,inactive,2018
02717123,,inactive,1981
02718057,15730603,inactive,1994
02718529,,inactive,2019
02720590,,inactive,1997
02720701,,inactive,2006
02721708,23749385,inactive,2011
02721724,15581705,inactive,2002
02722380,,inactive,1985
02723425,,inactive,1987
02723921,,inactive,1984
0272457X,,inactive,2001
02724936,14653281,inactive,2011
02724987,14640740,inactive,2005
02724995,14641321,inactive,2005
02725533,,inactive,1950
02726122,,inactive,2016
0272684X,15413519,inactive,2021
02727587,,inactive,1987
02727749,,inactive,1983
02727838,,inactive,1993
0272846X,,inactive,1993
02729504,,inactive,1981
02731045,,inactive,1950
02731371,,inactive,2020
02731959,2379867X,inactive,1953
02732238,,inactive,2003
02733072,19433468,inactive,2021
02733250,,inactive,1999
02733463,,inactive,1984
02734117,,inactive,1998
02736608,,inactive,1990
02738139,,inactive,2018
02738457,,inactive,1994
02738481,,inactive,2005
02739550,,inactive,2004
02739976,,inactive,1991
0274497X,,inactive,1999
02744996,,inactive,2005
02745429,,inactive,1982
0274631X,,inactive,1982
0274726X,,inactive,2000
02747529,,inactive,2002
0274774X,,inactive,2002
02748096,,inactive,2003
02749696,,inactive,2007
02750279,,inactive,1998
02750287,,inactive,2008
02751380,,inactive,1987
02751429,,inactive,1994
02752220,,inactive,1986
0275262X,,inactive,1998
02753723,15471748,inactive,1981
02754622,,inactive,1978
02755416,,inactive,1984
02757257,,inactive,2001
02758555,,inactive,1999
02758687,,inactive,2003
0275911X,,inactive,1994
02759128,,inactive,2001
02759144,,inactive,1984
02759632,,inactive,1987
02761173,23311614,inactive,1955
02761599,,inactive,2002
02762374,15414493,discontinued,2026
02763605,,inactive,2016
02763893,1540353X,inactive,2019
02763915,15452522,inactive,2017
02764652,,inactive,1995
02765047,,inactive,1990
02765284,,inactive,1994
02765497,,inactive,1983
02765608,,inactive,1980
02765683,21691452,inactive,2019
02768291,,inactive,2004
02770180,14680076,inactive,1997
02770326,,inactive,2001
02770865,,inactive,2007
02770938,,inactive,1994
02771926,,inactive,1985
02772973,,inactive,1966
0277318X,,inactive,1997
02773627,,inactive,1991
02773635,,inactive,1999
02774216,,inactive,1990
02774275,,inactive,2017
02774488,,inactive,1986
02775379,,inactive,1991
02776243,21622140,inactive,1955
0277626X,,inactive,1959
02776766,,inactive,1990
02777010,,inactive,1988
02777126,21532990,discontinued,2018
02777746,,inactive,1990
02778033,15734943,inactive,2003
02778068,23748001,inactive,1993
02778270,,inactive,1991
02778459,,inactive,1992
02779366,,inactive,1985
02779382,,inactive,1993
02779390,,inactive,1993
02780054,23768797,inactive,1991
02780240,18758630,discontinued,2023
0278095X,15736547,inactive,2021
02780984,,inactive,2006
0278145X,,inactive,1996
02782316,,inactive,1993
02782634,,inactive,1983
02782677,,inactive,1993
02782723,,inactive,1984
02783479,,inactive,1995
02784092,,inactive,1999
02784327,,inactive,1993
02784416,,inactive,2001
02784491,15475921,inactive,2008
02784513,15494632,inactive,1992
02785226,,inactive,2006
02785234,,inactive,2012
02785994,,inactive,2007
02786117,,inactive,2003
02786222,,inactive,1988
02786273,14763516,inactive,2010
02786281,,inactive,1989
02786419,19348428,discontinued,2017
02787261,,inactive,2017
0278839X,,inactive,2023
02789434,,inactive,2007
02789523,23747013,inactive,1984
02789647,,inactive,1999
02793091,,inactive,1988
02793466,,inactive,1982
02793547,,inactive,1997
02794799,,inactive,1986
02794802,,inactive,1986
02795957,,inactive,1996
02797720,,inactive,1999
02797976,,inactive,1993
02799529,,inactive,1993
02802791,,inactive,1997
02804123,,inactive,1983
02810662,,inactive,2003
02810999,,inactive,1997
02813033,,inactive,2018
02815737,,inactive,1998
02817527,,inactive,1987
02840448,,inactive,2007
02844311,16512073,inactive,2009
02845717,,inactive,2001
02846020,,inactive,2002
02850362,,inactive,2015
02852314,,inactive,2016
02853175,,inactive,1996
02855313,,inactive,1994
02856905,,inactive,1996
0285726X,,inactive,1999
02864215,,inactive,1997
02870517,,inactive,2002
02870592,,inactive,2015
02872420,,inactive,2023
02875330,21858888,inactive,1997
02878429,,inactive,1994
02882043,18625274,inactive,2008
02890011,,inactive,2002
02892863,,inactive,1997
02895447,,inactive,1986
02896214,,inactive,2001
02898055,,inactive,1999
02898063,,inactive,2012
02930757,,inactive,2019
02939274,,inactive,2022
02939908,,inactive,1996
02940337,17775914,discontinued,2018
0294037X,,inactive,1997
02940736,,inactive,2013
02941414,,inactive,2006
02941759,,inactive,2020
02943506,,inactive,2018
02962918,,inactive,1988
02963981,,inactive,2002
02978148,,inactive,1994
02983850,,inactive,1994
02986027,,inactive,2001
02986663,,inactive,1988
02999781,,inactive,2005
03000621,,inactive,1974
03000818,,inactive,2000
03000877,,inactive,1978
03000885,,inactive,1981
03000893,,inactive,1981
03001156,,inactive,1980
03001237,,inactive,1999
03001318,,inactive,1979
03001350,,inactive,1978
0300158X,,inactive,1974
0300175X,,inactive,1998
03002977,,inactive,2020
0300306X,,inactive,2013
03003396,,inactive,1982
0300340X,26122316,inactive,2023
03003418,,inactive,2009
03004015,,inactive,1996
03004112,,inactive,2017
0300418X,,inactive,1999
03004414,,inactive,2002
03004554,,inactive,2000
03004864,15737381,inactive,2006
03004910,,inactive,1984
03004953,,inactive,2015
03005038,,inactive,2014
03005062,,inactive,1998
03005089,,inactive,1986
03005143,,inactive,2003
03005178,,inactive,2007
03005208,,inactive,1997
03005224,,discontinued,2017
03005275,,inactive,1999
03005364,,inactive,2001
03005410,,inactive,1984
03005623,14340879,inactive,2013
03005704,,inactive,1983
0300581X,,inactive,1994
03005860,14351285,inactive,2005
03005925,,inactive,1987
0300595X,,inactive,1986
03008037,,inactive,1998
03008045,,inactive,2002
0300807X,,inactive,1994
03008134,18843964,inactive,2016
03008169,,inactive,2016
03008347,,inactive,1986
03008495,,inactive,2017
03008533,,inactive,2012
03008592,,inactive,1990
03008622,,inactive,2000
03008649,,inactive,1978
03008665,,inactive,2006
0300869X,,inactive,2000
03008703,,inactive,1973
0300872X,,inactive,1975
03008738,,inactive,2010
03008746,,inactive,1973
03008789,,inactive,1973
03008827,,inactive,2005
03008835,,inactive,1998
03008843,,inactive,1991
03008878,,inactive,2003
03008886,,inactive,2008
03008894,,inactive,1970
03008924,,inactive,1985
03008967,,inactive,1996
03008991,,inactive,1975
03009017,,inactive,1972
03009106,,inactive,1974
03009130,14338580,inactive,2001
03009149,18845185,inactive,2016
03009157,,inactive,2003
03009165,,inactive,1996
03009238,,inactive,1989
03009254,,inactive,1998
0300936X,,inactive,1984
03009416,,inactive,1975
03009432,,inactive,1978
03009467,,inactive,1993
03009513,,inactive,2001
03009599,,inactive,1989
03009610,,inactive,1997
03009629,,inactive,1994
03009637,,inactive,1973
03009653,,inactive,1971
03009661,,inactive,1980
0300967X,,inactive,1995
03009688,,inactive,1979
03009696,,inactive,1970
0300970X,,inactive,1979
03009718,,inactive,1974
03009726,,inactive,2005
03009750,,inactive,1993
03009777,,inactive,1987
03009785,,inactive,1985
03009815,,inactive,1991
03009874,,inactive,1976
03009920,,inactive,1977
03009998,,inactive,1983
03010015,20512163,inactive,1973
03010023,,inactive,1991
03010147,,inactive,2001
03010163,14230046,inactive,2009
03010171,,inactive,2002
03010236,,inactive,1976
03010244,,inactive,1992
03010279,,inactive,1983
03010457,,inactive,1997
03010473,,inactive,1984
03010481,,inactive,2002
03010503,,inactive,1986
03010538,,inactive,1978
03010597,,inactive,1991
03010651,,inactive,1986
03010813,,inactive,1981
03010821,,inactive,1977
03010902,,inactive,2000
03011119,,inactive,1976
0301150X,,inactive,2010
03011518,,inactive,1983
03011534,,inactive,1982
03011542,,inactive,1997
03011585,,inactive,1971
03011607,,inactive,1969
0301164X,,inactive,1967
03011658,,inactive,1961
03011860,,inactive,1991
03012204,,inactive,1993
03012255,,inactive,1982
0301228X,,inactive,1999
03012298,13386786,inactive,2015
03012514,,inactive,2000
03012603,18821251,inactive,2020
03012662,,inactive,1987
03013081,,inactive,1995
03013243,,inactive,1974
03013286,,inactive,1969
0301357X,,inactive,1968
03013685,,inactive,1970
03013693,,inactive,1980
03013847,15027740,inactive,2012
03013944,,inactive,1978
03014193,16642570,inactive,2014
03014541,,inactive,1954
03014711,,inactive,1981
03014770,,inactive,2005
03014894,18801129,inactive,2016
03015017,,inactive,1974
03015092,20075472,inactive,2013
03015149,,inactive,2000
03015157,,inactive,1976
03015246,,inactive,1962
03015254,,inactive,1961
03015521,,inactive,1988
03015548,,inactive,2000
03015564,,inactive,1994
03015912,,inactive,1978
0301620X,20445377,inactive,2013
03016226,,inactive,2005
03016323,,inactive,2005
03016757,,inactive,1974
03016811,,inactive,1995
03016943,,inactive,1997
0301696X,,inactive,1981
03017028,,inactive,2003
03017303,,inactive,1974
03017311,,inactive,1998
0301732X,07176201,inactive,2016
03017362,,inactive,1997
03017516,,inactive,2017
03017664,,inactive,1972
03017826,,inactive,2010
03018202,,inactive,2012
03018636,,inactive,1974
03020029,,inactive,2007
03020665,16623754,inactive,2015
0302072X,,inactive,1985
03020738,,inactive,1990
03020797,,inactive,2017
03020800,,inactive,1999
03021688,,inactive,1984
0302184X,,inactive,1990
03022129,,inactive,1984
03022137,,inactive,1988
03022404,,inactive,2010
03022471,,inactive,1975
03022528,,inactive,1996
0302265X,,inactive,1978
03022773,,inactive,1988
03022781,,inactive,1978
03022803,,inactive,1984
03022927,,inactive,1974
03022986,,inactive,1997
03022994,,inactive,2002
03023524,,inactive,1988
03024342,,inactive,2002
03024350,14389428,inactive,2018
03024369,,inactive,1988
03024377,,inactive,1985
03024466,,inactive,1984
03024598,,inactive,2001
03024717,,inactive,1990
03024725,,inactive,1990
03025144,16622782,inactive,2023
03025268,,inactive,1992
03026469,,inactive,2011
03026477,,inactive,1984
0302671X,,inactive,2011
03027600,,inactive,1979
03028291,,inactive,1951
03028585,,inactive,1996
03028984,,inactive,1979
03029263,,inactive,1995
03029271,,inactive,1963
03029530,,inactive,1989
03029824,,inactive,1980
03031268,,inactive,1980
03031829,,inactive,1998
03032264,,inactive,1990
03032434,,inactive,2002
03033910,21580812,inactive,2015
03034135,27196666,inactive,2017
03034194,,inactive,1954
03034208,,inactive,1984
03034240,16175786,inactive,2018
03034305,,inactive,1992
03034461,,inactive,2000
03034534,,inactive,1990
0303464X,,inactive,2021
03036200,,inactive,1979
03036251,,inactive,1986
03036286,,inactive,1997
03036456,,inactive,1987
03036464,,inactive,1990
03036480,,inactive,1996
0303657X,,inactive,1991
03036847,,inactive,1991
03036936,,inactive,1981
03036995,,inactive,2009
03037495,,inactive,1996
03037762,,inactive,1981
03037851,,inactive,1975
03037924,,inactive,1982
0303805X,,inactive,1999
03038173,15632571,inactive,2004
03038181,,inactive,2004
0303822X,,inactive,1974
03038246,,inactive,2000
03038408,1420911X,inactive,2006
03038416,,inactive,1990
03038432,,inactive,1990
03038874,,inactive,2007
03039153,13747886,inactive,2009
03039692,,inactive,1998
03039935,,inactive,2001
03040208,,inactive,2008
0304095X,,inactive,1996
03041131,,inactive,1982
03041328,,inactive,1982
03042693,,inactive,1982
03043479,18783678,inactive,2023
03043568,,inactive,1989
03043746,,inactive,1983
03043762,,inactive,1984
03043843,15729540,inactive,2023
03043908,,inactive,1980
03043924,,inactive,1986
03043967,,inactive,1981
03044009,,inactive,1986
03044157,,inactive,2000
03044173,,inactive,1991
03044211,,inactive,1985
03044246,16622901,inactive,2000
03044513,,inactive,2001
03044564,,inactive,1978
03044629,,inactive,2023
03044750,,inactive,1981
03044815,,inactive,2001
03044920,26660059,inactive,2023
03045102,,inactive,1994
03045250,,discontinued,2021
03045609,07181620,inactive,2019
03048616,,inactive,1986
03049523,,inactive,2014
03049558,,inactive,2007
03049566,,inactive,1993
03049876,,inactive,2010
03050491,,inactive,1987
03050718,17505976,inactive,2021
03050920,17516900,inactive,2020
03051811,,inactive,1990
03052109,,inactive,2002
03052222,,inactive,1980
03053091,,inactive,1985
03054470,13616447,inactive,2006
03054608,,inactive,1988
03054616,,inactive,1988
03054624,,inactive,1988
03054829,,inactive,2004
03055728,14741032,inactive,2015
03055914,,inactive,1997
03056139,,inactive,1991
03056252,,inactive,1997
03056651,,inactive,1986
03057097,,inactive,1975
03057232,,inactive,1999
03057399,,inactive,1984
03057526,,inactive,1984
03057631,,inactive,1996
03057879,,inactive,1995
03058018,,inactive,2014
03058107,20568142,inactive,1991
03058190,,inactive,1997
03058336,,inactive,1986
0305876X,,inactive,2020
03058913,,inactive,1980
03059421,,inactive,1983
03059979,,inactive,2023
03060209,,inactive,2023
03060233,,inactive,1988
0306039X,,inactive,1979
0306042X,,inactive,1988
03060632,,inactive,1993
03060748,,inactive,2000
03060845,,inactive,1979
03060985,,inactive,2007
03061353,,inactive,1984
03061396,,inactive,1979
0306168X,,inactive,2007
03062465,,inactive,1993
0306252X,,inactive,1979
03062848,,inactive,1995
03062856,,inactive,1988
0306333X,,inactive,2003
03063356,,inactive,1986
03063453,,inactive,1984
03063534,,inactive,1975
03063623,,inactive,2001
03063631,,inactive,2002
03063704,,inactive,1981
03063747,18735312,policy,2024
0306395X,,inactive,2023
0306400X,,inactive,2018
03064069,,inactive,1989
03064492,,inactive,1995
03064581,,inactive,1980
03065073,,inactive,1980
0306526X,,inactive,1984
03065456,,inactive,2001
0306610X,,inactive,2014
03066444,,inactive,2010
03066452,,inactive,1983
03066479,,inactive,1996
03066746,,inactive,1980
03067297,,inactive,2007
03068471,,inactive,1983
03068552,,inactive,1998
03068854,,inactive,1989
03068919,1572817X,discontinued,2024
03069443,20581114,inactive,1996
03069532,,inactive,1988
03069575,,inactive,1991
03069699,,inactive,1989
03069931,,inactive,1988
03070913,,inactive,1997
03071367,,inactive,1980
03071693,,inactive,1984
0307174X,14782405,inactive,2018
03071820,,inactive,1975
03071871,,inactive,1967
03072363,,inactive,1980
03074412,,inactive,2000
03074463,,inactive,2011
03074749,,inactive,1967
03074803,,inactive,2016
03075451,,inactive,2012
03075494,,inactive,1990
03075508,,inactive,2011
03075966,,inactive,2005
03076490,,inactive,2016
0307661X,,inactive,2018
03076792,,inactive,1987
03076857,,inactive,1998
0307692X,,inactive,1995
03077357,,inactive,1987
0307742X,,inactive,1986
03077683,,inactive,1999
03077772,13652273,inactive,2004
03077896,,inactive,1988
03077942,,inactive,2005
03077950,,inactive,2006
03078353,,inactive,1991
03078361,,inactive,1991
03079007,,inactive,1989
03079023,,inactive,1977
03079414,,inactive,1980
03079422,,inactive,1980
03080234,,inactive,1988
03080242,,inactive,1993
03080838,,inactive,2018
03081346,,inactive,2005
03082164,,inactive,1984
03082245,,inactive,1970
03082261,,inactive,1986
03082342,13645560,inactive,2003
03083039,,inactive,2017
03083098,,inactive,1990
03083616,,inactive,1992
03084086,23748028,inactive,1981
03084205,,inactive,2003
03084329,,inactive,1981
03084590,,inactive,1986
03084922,,inactive,1983
03085864,,inactive,1997
03085953,,inactive,1978
03086356,,inactive,1989
03086593,,inactive,1976
03086631,,inactive,2015
03086917,,inactive,1989
03086968,,inactive,1979
03086976,,inactive,1979
03087654,,inactive,1990
03088448,,inactive,2003
03088855,,inactive,1982
0308888X,,inactive,2006
03089142,,inactive,1985
03089541,,inactive,1988
03090590,,inactive,2011
03091635,,inactive,1982
03091651,,inactive,1992
03092445,,inactive,2019
03092984,,inactive,1997
03093018,,inactive,1982
0309314X,,inactive,1990
03093891,13652737,inactive,1995
03093913,,inactive,2016
03094189,,inactive,2002
03094227,,inactive,2007
03094561,,inactive,1989
0309586X,,inactive,1986
03096300,,inactive,1992
03096858,,inactive,1990
03096866,,inactive,2003
03097501,,inactive,1989
03097846,,inactive,2010
03098230,,inactive,1977
03100367,,inactive,2010
0310138X,,inactive,2022
03104303,,inactive,2006
03106810,,inactive,2001
03107833,,inactive,1989
03107841,,inactive,2001
03109089,,inactive,1987
03109682,,inactive,1984
0311306X,,inactive,2018
03118002,,inactive,2019
03118223,,inactive,1998
0311905X,,inactive,2002
03123685,14756080,inactive,2018
03125033,,inactive,2013
03125211,,inactive,1997
0312794X,,inactive,1976
0312875X,,inactive,1999
0312956X,,inactive,1979
03129608,,inactive,1993
03134555,,inactive,1984
03135934,,inactive,2017
03137384,,inactive,1995
03140024,,inactive,1989
03147533,,inactive,1990
03149021,,inactive,1990
03152022,,inactive,1995
03152081,,inactive,1983
03153681,,policy,2024
03154149,,inactive,2007
03158934,,inactive,1978
03159981,,inactive,1999
03160300,,inactive,2004
0316411X,,inactive,1977
03164403,,inactive,1953
03165957,,inactive,1968
03170209,,inactive,1985
03170802,,inactive,2023
03170926,,inactive,2005
03174301,,inactive,1949
03174956,,inactive,2009
03176282,,inactive,2013
03177645,,inactive,1991
0317882X,,inactive,1990
03181006,,inactive,1987
03186431,,inactive,2023
03189201,,inactive,2011
03190110,,inactive,2009
03194434,,inactive,1986
03195759,,inactive,2011
03207102,,inactive,2005
03207919,,inactive,2004
03208168,,inactive,1992
03209725,,inactive,2005
03210626,,inactive,2002
03212165,,inactive,1979
03215040,,inactive,1991
03230465,1336040X,inactive,2019
03231046,13384295,inactive,2016
03231844,25709429,inactive,2022
03233790,,inactive,2002
03234320,1521401X,inactive,2006
03234347,,inactive,1990
03234398,,inactive,1991
03234932,,inactive,1992
03234983,,inactive,2004
03235580,,inactive,1984
03236056,,inactive,1981
03236145,,inactive,1942
03237648,,inactive,1999
03237982,,inactive,2014
03239179,,inactive,1997
03239357,,inactive,1988
03239950,,inactive,2003
03240959,,inactive,2016
03241300,,inactive,2002
03241718,,inactive,1996
03244229,,inactive,1948
0324427X,,inactive,1956
03244326,,inactive,1963
03246000,15873781,inactive,2011
0324833X,20802218,inactive,2017
03248534,,inactive,1989
03248542,,inactive,1998
03248763,,inactive,1997
03249395,,inactive,2000
03249492,,inactive,2006
0324962X,,inactive,2013
03249875,,inactive,2010
03250938,15153347,inactive,2009
03251713,,inactive,1979
03252531,,inactive,1961
03252787,,inactive,2018
03252809,,inactive,1996
03252957,,discontinued,2017
03256197,17535352,inactive,2016
03262383,,discontinued,2024
03263142,,inactive,1992
03264610,18513034,discontinued,2017
03266656,,inactive,1990
03267237,18527744,inactive,2017
03267458,,inactive,2018
03272745,,inactive,1999
03276139,,inactive,2016
03276309,,inactive,1999
03276716,18517951,discontinued,2020
03281205,1851779X,inactive,2015
03292177,,inactive,1997
03321029,,inactive,1836
03321851,,inactive,1983
0332270X,,inactive,2017
03325334,1500709X,inactive,2001
0332544X,,inactive,1990
0332768X,,inactive,1997
03327698,,inactive,1997
03327701,,inactive,1998
03335925,,inactive,2022
03337308,,inactive,2015
03341402,,inactive,1991
03341534,,inactive,1987
03342190,,inactive,1988
03342700,,inactive,2000
03343804,,inactive,2003
03345807,,inactive,2018
03347575,,inactive,1986
03350800,,inactive,1978
03354997,,inactive,2018
03357368,20499817,inactive,1976
03357457,,inactive,2008
03359581,,inactive,1990
03369994,,inactive,2003
03370208,,inactive,1966
03381684,,inactive,1996
03384535,,inactive,1988
0338487X,,inactive,2019
03389898,,inactive,2005
0339722X,,inactive,2006
03400026,,inactive,1979
03400239,,inactive,1964
03400336,,inactive,1973
0340076X,,inactive,1990
03400794,,inactive,1985
03400824,,inactive,2007
03400964,,inactive,1976
03401022,,inactive,2017
03401057,,inactive,1983
03401162,,inactive,1998
03401227,,inactive,1982
03401588,,inactive,1989
03401766,21903824,inactive,1989
03401782,,inactive,1965
03401952,,inactive,1990
03402061,14320568,inactive,2006
03402118,,inactive,1978
0340224X,,inactive,1980
03402290,,inactive,1976
0340241X,,inactive,1997
0340255X,14378027,inactive,2013
03402592,14330563,inactive,2022
03402649,2944568X,inactive,1999
03402827,,inactive,2017
0340305X,,inactive,1991
03403157,,inactive,1990
03403211,,inactive,1948
03403343,,inactive,1994
03403521,,inactive,2003
03403572,,inactive,1990
03403793,,inactive,2025
0340384X,,inactive,1974
03403920,,inactive,1974
0340398X,,inactive,1979
03404161,,inactive,2022
0340434X,,inactive,1984
03404404,,inactive,2023
03404560,,inactive,2001
03404684,,inactive,1994
03404811,,inactive,1986
03404927,,discontinued,2015
0340529X,,inactive,1983
03405338,,inactive,1975
03405370,,inactive,2021
03405613,,inactive,1999
03405664,,inactive,1986
03405672,,inactive,1986
03405699,,inactive,1975
03405702,,inactive,1987
03406075,,inactive,1993
03406725,23650109,inactive,1980
03406806,25688847,inactive,2022
03406997,,inactive,2002
03407047,,inactive,1980
03407330,,inactive,1998
03407403,,inactive,2013
03407462,,inactive,1979
03407845,,inactive,2003
03407896,,inactive,2008
03408159,,inactive,2005
0340837X,,inactive,1979
03408671,,inactive,2006
0340904X,,inactive,1979
03409422,,inactive,1997
03409961,,inactive,2006
03410145,21935513,inactive,2017
03410196,,inactive,1981
03410382,,inactive,1983
03410390,,inactive,2006
03410471,,inactive,1973
03410552,,discontinued,2018
03410773,,inactive,2013
03410781,,inactive,2002
0341101X,,inactive,2012
03411052,,inactive,1983
03411362,,inactive,1969
03412350,14393859,inactive,2020
03412660,,inactive,2022
03412679,,inactive,1989
03412717,,inactive,2003
03412903,,inactive,2003
03413063,,inactive,1990
03413098,,inactive,1999
03414116,,inactive,2008
03414248,,inactive,2010
03415589,,inactive,2003
03415694,,inactive,1984
03415775,,inactive,1996
03416593,,inactive,2009
03417131,,inactive,2006
03417255,,inactive,2017
03418537,,inactive,1996
03419142,,inactive,2023
03419290,,inactive,1996
03419312,,inactive,2013
0342068X,,inactive,1996
03421147,,inactive,1968
03421279,,inactive,2016
03421287,,inactive,2019
03421430,,inactive,2018
0342202X,,inactive,1991
03422046,,inactive,2007
03422062,,inactive,1997
03422380,18681069,inactive,2016
03422747,,discontinued,2017
03422836,,inactive,1979
03423026,14390477,inactive,2018
03424022,,inactive,1988
03425622,,inactive,2021
03427196,,inactive,1980
03427498,,inactive,1988
03427978,,inactive,1981
03428427,,inactive,2010
03432432,,inactive,1999
03433137,,inactive,1991
0343334X,,inactive,1989
0343379X,,inactive,2018
03435539,,inactive,1986
03436098,,inactive,1985
0343706X,,inactive,1995
03437256,,inactive,1998
03437329,,inactive,1939
03438554,,inactive,1996
03440338,16180631,discontinued,2024
03441369,,inactive,2023
03444325,14322196,inactive,2006
03444880,,inactive,1996
03446360,,inactive,1962
03446948,,inactive,2003
03447138,,inactive,1988
03447618,,inactive,1978
03448444,,inactive,1988
03448657,,inactive,2023
03449327,,inactive,2014
03451011,,inactive,1988
03452328,,inactive,2015
0345469X,20024827,inactive,2023
03454770,,inactive,1975
03455564,,inactive,2001
03462722,,inactive,1981
03466787,,inactive,2011
03466868,,inactive,2000
0346718X,,inactive,2006
03468577,,inactive,2003
03468720,,inactive,2000
03469395,,inactive,1997
03470504,,inactive,2003
03470911,,inactive,1998
03478998,,inactive,1996
03479595,03479609,inactive,1996
03479994,,inactive,2016
03484416,,inactive,1997
03485196,,inactive,1984
03486672,,inactive,2015
03496287,,inactive,1996
0349652X,,inactive,1986
03501361,,inactive,2023
03502309,,inactive,2002
03505596,18543871,discontinued,2025
03506614,,inactive,2007
03507149,18491170,inactive,2025
03509559,,inactive,1990
03510042,,inactive,2015
03511642,,inactive,1996
03511693,,inactive,2008
03511731,,inactive,2002
03511871,18460828,inactive,2015
03512851,21996067,inactive,2022
03513254,,inactive,2012
03513564,,inactive,1998
0351580X,,inactive,1990
03516083,22172521,inactive,2025
0352082X,,inactive,1991
03523861,,inactive,2011
03525406,,inactive,2000
03525503,,inactive,1991
03525562,,inactive,1991
0352664X,,inactive,1987
03529630,23036141,inactive,2016
03534790,,inactive,2015
03538842,,inactive,2015
03538893,,inactive,2007
03539296,,inactive,1998
03539474,,inactive,2016
03542440,,inactive,2012
03543447,14528193,inactive,2006
03543870,,inactive,2011
03544265,,inactive,2002
0354950X,24060887,inactive,2014
03551253,,inactive,2018
03551407,,inactive,2000
03551628,,inactive,2002
03552705,,inactive,2002
03552721,,inactive,2000
03554651,,inactive,1993
03559521,,inactive,2001
03559874,,inactive,2000
03561437,,inactive,1993
03563456,,inactive,1992
03566528,,inactive,2017
03567133,,inactive,1995
03575632,,inactive,1989
03579387,,inactive,2011
03597024,,inactive,2014
03600335,,inactive,1984
03600343,,inactive,1980
0360120X,,inactive,1984
03601218,,inactive,1986
03601226,,inactive,1994
03601242,,inactive,1995
03601269,19318065,inactive,1980
03601358,,inactive,1982
0360151X,,inactive,2001
03601676,,inactive,1967
03601684,,inactive,1957
03601846,,inactive,2016
03602133,23790180,inactive,1992
03602141,23790229,inactive,1996
03602451,,inactive,1985
03602540,,inactive,2002
03602559,15256111,inactive,2019
03603164,,inactive,2010
03604004,,inactive,1980
03604217,,inactive,1998
03604969,,inactive,1986
03605043,,inactive,1992
03605280,,inactive,1997
03605361,,inactive,1983
03605949,15330699,inactive,2022
03605973,,inactive,1981
03606384,,inactive,1988
03607275,,discontinued,2020
03607615,,inactive,1981
03608298,,inactive,2004
0360859X,,inactive,2023
03608867,,inactive,1991
03608905,19360959,inactive,1985
03608999,,inactive,2007
03609294,,inactive,1978
03609936,,inactive,2007
03610209,,inactive,1987
0361090X,15251500,inactive,2009
03611000,15582469,inactive,1977
03611124,,inactive,1979
03613496,,inactive,1979
03613658,,inactive,1987
03613674,,inactive,1980
03614050,,inactive,2004
03614085,,inactive,1976
03614336,,inactive,1997
03614409,,inactive,2020
03614441,15482464,inactive,2010
03614573,,inactive,1977
03615952,,inactive,1980
03615960,,inactive,1987
03616428,,inactive,1995
03616851,,inactive,1983
03616967,,inactive,1982
03617742,,inactive,1998
03618765,,inactive,2002
03618773,,inactive,2003
03619621,,inactive,2005
03620034,,inactive,1988
03620565,,inactive,1985
03621332,15549852,inactive,2007
03621340,,inactive,2018
03621588,,inactive,2023
03621626,,inactive,1986
03621669,,inactive,1982
03621677,,inactive,1982
03621693,,inactive,1982
03622428,,inactive,1994
03623505,,inactive,1980
03624021,15733386,inactive,2004
03624064,19383851,discontinued,2018
03624331,,inactive,2007
03625060,,inactive,1956
03625478,,inactive,1978
03625486,,inactive,1978
0362773X,,inactive,1981
03628558,,inactive,1980
03628892,,inactive,1998
03630153,,inactive,1975
0363020X,,inactive,1982
03630277,,inactive,2016
03630307,,inactive,2003
03630404,,inactive,1992
03630803,,inactive,1949
03630951,,inactive,2003
03631605,,inactive,1980
03631907,,inactive,1988
03632792,,inactive,1982
03633586,,inactive,1996
03634655,15421945,discontinued,2017
0363468X,,inactive,1994
03635872,,inactive,1976
0363602X,,inactive,2004
03636038,,inactive,1997
03636100,,inactive,1979
03636127,,inactive,2026
03636399,,inactive,1999
03636550,14754975,inactive,2019
03636836,,inactive,1998
03638235,,inactive,1981
03638855,15503275,discontinued,2016
0363891X,,inactive,1999
03640396,,inactive,1998
03642321,,inactive,1989
03642356,,inactive,1992
03643107,15444376,inactive,2013
03643387,,inactive,2001
03644308,,inactive,2011
03646017,,inactive,2002
03646408,,inactive,1998
03646807,,inactive,1987
03647722,,inactive,1981
03648117,,inactive,1989
03649229,,inactive,1991
03650138,,inactive,2000
03650375,,inactive,2014
03650618,,inactive,1960
03650634,,inactive,2008
03650642,,inactive,1963
03650677,,inactive,1965
03650723,,inactive,1999
03650731,,inactive,1954
03650766,,inactive,1949
03650820,,inactive,1969
03650863,,inactive,1954
03650979,,inactive,1996
03651045,,inactive,1967
0365110X,,inactive,1987
03651487,,inactive,1964
0365169X,,inactive,2004
03651789,,inactive,1968
03652157,,inactive,1948
03652203,,inactive,1966
03652556,,inactive,2003
03652564,,inactive,1972
03652610,,inactive,1965
0365267X,,inactive,2018
03652807,07176333,inactive,2007
03652858,,inactive,1957
03653056,,inactive,1964
03653129,,inactive,1958
03653285,,inactive,1960
03653307,,inactive,1966
0365351X,,inactive,1966
03653609,,inactive,1964
0365365X,,inactive,1952
03653668,,inactive,1949
03653773,,inactive,1969
03654117,,inactive,1965
03654125,,inactive,1925
03654184,,inactive,1981
03654362,,inactive,1968
03654540,,inactive,1958
0365463X,,inactive,1988
03654680,,inactive,1954
03654842,,inactive,1951
03654877,,inactive,2000
03654907,,inactive,1949
03654958,,inactive,1948
03655067,,inactive,1959
03655164,18753019,inactive,1966
03655237,,inactive,2007
03655423,,inactive,1969
03655490,,inactive,1839
03655547,,inactive,1970
03655555,,inactive,1969
03655563,,inactive,1982
0365558X,,inactive,1951
03655598,,inactive,1959
03655660,,inactive,1976
03655741,,inactive,1964
03655822,,inactive,1964
03655954,,inactive,2008
03656217,,inactive,1966
03656403,,inactive,1960
03656527,,inactive,1995
03657000,,inactive,2006
03657051,,inactive,1952
03657140,,inactive,1965
03657183,,inactive,1954
03657299,,inactive,1958
03657426,,inactive,1969
03657515,,inactive,1949
03657531,,inactive,1965
03657574,,inactive,1961
03657604,,inactive,1964
03657612,,inactive,1964
03657655,,discontinued,2017
03658066,,inactive,2000
03658341,,inactive,2008
03658414,,inactive,1990
03659402,07176325,inactive,2001
03659496,27492567,inactive,1918
03659615,,inactive,2000
03659631,,inactive,1953
03660443,,inactive,1949
03660613,,inactive,1953
03660680,,inactive,1957
03660753,,inactive,1967
0366077X,,inactive,2005
03660796,20565186,inactive,1946
03660826,,inactive,1969
03660842,,inactive,1952
03660869,,inactive,1958
03661334,,inactive,1968
03661369,,inactive,1965
03661644,,inactive,2003
03661695,,inactive,1966
03662128,,inactive,2011
03662446,,inactive,1970
0366256X,,inactive,1969
03662845,,inactive,1950
03663140,,inactive,1960
03663159,,inactive,1961
03663272,,inactive,1997
03663485,,inactive,1947
0366368X,,inactive,1965
03664589,,inactive,1950
0366483X,,inactive,1984
03664872,,inactive,1961
03665313,,inactive,1969
03666077,,inactive,1984
0366662X,23365544,inactive,1958
03667170,,inactive,1964
0366743X,,inactive,1950
03668096,,inactive,1959
0366810X,,inactive,1957
03668576,,inactive,1965
03668681,,inactive,2000
0366886X,,inactive,1950
03668886,,inactive,1984
03668940,,inactive,1968
03669092,,inactive,2001
03669270,,inactive,1951
03669297,,inactive,1998
03669378,,inactive,1957
03669459,,inactive,1949
03670023,,inactive,1944
03670031,,inactive,1969
0367004X,,inactive,1970
03670112,,inactive,1968
03670228,,inactive,1969
03670503,,inactive,1955
03670643,,inactive,1994
03670716,,inactive,1988
03671003,,inactive,1966
03671038,,inactive,1954
03671216,,inactive,1969
03671305,,inactive,1981
03671402,,inactive,1982
03671488,,inactive,1974
03672204,,inactive,1988
03672239,,inactive,1955
03673014,,inactive,1994
03673189,,inactive,1988
03673294,,inactive,1999
03673480,,inactive,1967
03673952,,inactive,1957
03674223,14390345,inactive,2023
03674274,,inactive,1949
03674355,,inactive,1963
03674541,,inactive,1952
03674622,,inactive,1965
03674800,,inactive,1955
03675149,,inactive,1965
03675289,,inactive,1955
03675505,,inactive,1980
03675513,,inactive,1969
03675653,,inactive,1949
03675793,,inactive,1997
03675947,,inactive,2002
03676102,,inactive,2016
03676382,,inactive,1947
03676765,,inactive,2004
0367682X,,inactive,1962
03676870,,inactive,1963
03677508,,inactive,1967
03677524,21486042,inactive,2016
03678253,24054348,inactive,1960
0367827X,,inactive,2018
03678326,,inactive,2002
03678377,,inactive,2017
03678393,0975105X,inactive,2021
03679012,,inactive,2021
03679020,,inactive,1975
03679950,,inactive,1962
03679977,,inactive,1969
03679993,,inactive,1995
03680150,,inactive,1964
03680355,,inactive,1987
03680789,,inactive,2000
03681319,,inactive,1969
03681408,,inactive,1947
03681416,,inactive,1998
03681459,,inactive,1964
03681556,,inactive,1954
03681645,,inactive,1925
03681653,,inactive,2008
03681742,,inactive,1963
03681769,,inactive,1965
03681947,,inactive,1964
03682242,,inactive,1959
03682315,17730430,inactive,2016
03682595,,inactive,1981
03682781,,discontinued,2017
03682897,,inactive,1997
03682927,17473411,inactive,1968
03682986,,inactive,1950
03683001,,inactive,1967
03683095,,inactive,1950
03683109,,inactive,1970
0368315X,,inactive,1962
03683206,,inactive,2012
03683230,,inactive,1966
03683265,,inactive,1961
03683281,,inactive,1966
03683397,,inactive,1951
03683494,15552039,inactive,1968
0368394X,,inactive,1959
03683966,,inactive,1979
03683974,1747342X,inactive,1968
03684229,,inactive,1962
03684466,,inactive,1997
03684504,,inactive,1921
03684679,,inactive,1960
03684946,,inactive,1931
03685152,,inactive,1981
03685276,,inactive,1978
03686450,,inactive,1993
03686590,,inactive,1961
03686698,,inactive,1969
03687066,,inactive,1991
03687147,,inactive,2005
03687260,,inactive,1950
03687546,,inactive,1998
03688291,,inactive,1969
03689204,,inactive,1967
03689220,,inactive,1967
03689255,,inactive,1959
03689271,,inactive,1965
0368931X,,inactive,1956
0368945X,,inactive,1976
03689638,,inactive,2003
03689719,,inactive,1962
03690261,,inactive,1949
03690288,,inactive,1965
03690458,,inactive,1962
03690504,,inactive,1965
03691187,,inactive,1952
03691519,,inactive,1956
03691632,,inactive,1999
03692698,22145249,inactive,1957
03693775,,inactive,1988
03694305,18814883,inactive,2016
03694577,21850925,inactive,2002
03694739,,inactive,1997
03695417,,inactive,1998
03695700,,inactive,1977
03695808,,inactive,1971
0369643X,,inactive,1958
03697290,,inactive,2005
03697428,,inactive,1948
03697592,,inactive,1961
03697606,,inactive,1965
03697843,,inactive,2001
03698076,,inactive,1955
03698114,17683114,inactive,2015
03698300,,inactive,1951
03698394,,inactive,1979
03699463,,inactive,1990
03699471,18811345,inactive,1957
03699579,,inactive,2000
03700089,,inactive,1986
03700267,,inactive,1967
03700291,,inactive,1997
03700380,,inactive,1984
03700461,17472741,inactive,1968
0370047X,,inactive,2015
03700798,03249670,inactive,2013
03701565,,inactive,1963
03701778,17473446,inactive,1953
03701786,17473454,inactive,1944
03701859,,inactive,2011
03701956,,inactive,1967
03702952,,inactive,1965
03702979,,inactive,1948
03703657,,inactive,1982
0370372X,,inactive,2000
03703770,,inactive,1965
03703843,,inactive,1963
03704106,07176228,inactive,2021
03704173,,inactive,1959
03704343,,inactive,1965
03704386,,inactive,1960
03704467,,inactive,2020
03704475,,inactive,1987
03704602,,inactive,1961
03704688,,inactive,1969
03704726,,inactive,1998
03704793,,inactive,1969
03705579,18821308,inactive,2022
03705609,,inactive,1968
03705633,,inactive,2021
03705781,,inactive,1965
03705811,,inactive,1964
03705943,,inactive,2023
03705986,,inactive,1969
03705994,,inactive,1962
03706249,,inactive,1964
03706303,,inactive,1963
03706311,,inactive,1971
03706346,,inactive,1959
03706354,,inactive,1962
03706435,,inactive,1961
03706494,,inactive,1946
03706591,,inactive,1965
0370663X,,inactive,2002
03706699,,inactive,2003
03707016,,inactive,1959
03707334,,inactive,1955
03707377,23852674,inactive,1999
03708373,,inactive,1959
0370839X,,inactive,1940
03708527,,inactive,1949
03708721,,inactive,1960
03710319,,inactive,1950
03710394,,inactive,1967
03710459,16000692,inactive,2005
03711854,,inactive,2019
03711951,,inactive,1966
03712222,,inactive,1992
03713520,,inactive,2006
03713822,,inactive,1985
0371411X,,inactive,1999
0371439X,,inactive,1964
03714985,,inactive,1961
03715167,,inactive,1998
03715205,,inactive,1965
0371683X,17849721,discontinued,2020
03717208,,inactive,1986
03717364,,inactive,1963
03717453,17432758,inactive,2017
03717682,,inactive,1989
03717836,,inactive,1978
03717844,,inactive,1995
03719553,17432855,inactive,2017
03720187,,inactive,1995
0372042X,,inactive,1964
03722430,,inactive,1968
03722449,,inactive,1963
03724646,,inactive,1949
03725715,,inactive,1998
03726312,,inactive,1974
03727025,2571113X,discontinued,2023
03727653,,inactive,1964
03727718,,inactive,1995
03727726,,inactive,2023
03728005,,inactive,1955
03728110,,inactive,1971
0372820X,,inactive,1913
03728447,,inactive,1959
0372851X,,inactive,1926
03728552,,inactive,1921
03728587,,inactive,1958
03728609,,inactive,1966
03728722,,inactive,1971
03729001,,inactive,1965
0372901X,,inactive,1957
03729052,,inactive,1962
03729192,,inactive,1965
03729389,,inactive,1969
03729419,,inactive,1925
03729516,,inactive,1986
03729702,,inactive,1966
03730050,,inactive,1968
03730069,,inactive,1957
03730174,,inactive,1943
0373031X,,inactive,1971
03730468,,inactive,1997
03731928,,inactive,2022
03732444,,inactive,2018
03732460,17473462,inactive,1954
03733149,22966072,inactive,2022
0373322X,,inactive,2001
03733297,,inactive,1997
03733629,,inactive,2013
03734137,,inactive,1995
03734498,,inactive,2002
03735222,,inactive,1963
03735346,,inactive,2007
03735834,,inactive,1996
03736237,19538138,inactive,2007
03736873,,discontinued,2018
03737160,,inactive,1997
03737187,,inactive,1997
03738493,,inactive,1995
03739031,,inactive,1962
03739627,,inactive,1997
03740056,,inactive,2009
03740676,15872440,inactive,2019
03741338,,inactive,2016
03741842,,inactive,1982
03742393,,inactive,1971
03743012,,inactive,1970
03743225,,inactive,1997
03743527,,inactive,1990
0374356X,,inactive,1988
03743926,,inactive,1970
03744353,,inactive,2006
03744965,,inactive,1996
03745155,,inactive,1923
03745198,,inactive,1961
03745600,,inactive,1998
03746291,,inactive,2011
0374633X,,inactive,1992
03746429,,inactive,1996
03746534,,inactive,1968
03746577,,inactive,1963
03746852,,inactive,1993
03747190,,inactive,1957
03747344,,inactive,1984
03747573,,inactive,1968
0374793X,,inactive,1969
03748014,,inactive,2002
03748405,,inactive,2002
03748545,,inactive,1965
03749118,,inactive,1996
03749320,,inactive,1976
03749444,,inactive,1987
03750418,20565321,inactive,1970
03750434,20565291,inactive,1970
03751325,,inactive,2009
03751368,,inactive,1951
03751562,,inactive,1951
03753050,,inactive,1996
03754774,,inactive,1965
03755320,,inactive,1964
03755355,,inactive,1965
03755924,2682986X,inactive,2020
03755975,,inactive,2009
03757471,,inactive,2023
03757536,21774382,inactive,2012
03757587,18762077,inactive,2015
03757854,,inactive,2012
03758338,,inactive,1991
03758397,,inactive,1969
03758443,,inactive,1970
03758540,23309644,inactive,1960
0375877X,,inactive,1969
03759210,19350554,inactive,1978
03759245,,inactive,1967
0375930X,1827613X,inactive,1985
03759458,,inactive,1966
03759687,,inactive,2012
0375975X,,inactive,1965
03759997,,inactive,1973
03760081,,inactive,2023
03760162,,inactive,1964
03760189,,inactive,1968
03760200,,inactive,1964
03760227,,inactive,1965
03760243,,inactive,1976
03760367,,inactive,1971
03760901,,inactive,1964
03761207,,inactive,1989
03761630,,inactive,1970
03762122,,inactive,1968
03764265,,inactive,2017
03764494,,inactive,1990
03764583,,inactive,1985
03764699,09750983,inactive,2021
03764710,09750975,inactive,2021
03764761,,inactive,1990
03764796,,inactive,1977
03764818,,inactive,1989
03765075,,inactive,1984
03766160,,inactive,1996
03766349,,inactive,1990
03766411,,inactive,2007
03766748,,inactive,1978
0376723X,,discontinued,2017
03767361,,inactive,2023
03767442,18756840,inactive,2015
03767833,,inactive,1994
0377015X,,discontinued,2010
03770478,,inactive,1977
03770516,,inactive,1966
03771202,,inactive,1992
03772497,,inactive,1974
03772802,,inactive,1978
03772969,,inactive,2015
03773205,22145508,inactive,1987
0377497X,,inactive,1990
03774988,,inactive,1988
03775003,,inactive,1990
03775011,,inactive,1998
0377502X,,inactive,1989
03775038,,inactive,1990
03775291,22146075,inactive,2019
03776883,,inactive,2013
03777480,,inactive,2010
03777871,,inactive,1989
03777936,,inactive,1981
03778231,,inactive,2014
03778282,20130368,inactive,2023
0377841X,,inactive,1979
03778436,,inactive,1989
03778711,,inactive,1999
03779254,,inactive,1988
03779343,,inactive,2016
03779459,,inactive,1996
03779688,,inactive,1988
03779750,,inactive,1982
0378004X,,inactive,1991
03780392,,inactive,1999
03780600,,inactive,2017
03780619,,inactive,1997
03780791,,inactive,1988
03781100,,inactive,1990
03781186,,inactive,1979
03782255,,inactive,2004
03782735,,inactive,2000
03782778,,inactive,1999
0378309X,,inactive,1982
03783804,,inactive,1989
03784339,,inactive,1984
03784347,,inactive,2001
03784363,,inactive,1988
03784487,,inactive,1982
03784835,,inactive,2007
0378519X,,inactive,2006
0378584X,14230240,inactive,2013
03785858,,inactive,1987
03785963,,inactive,1985
03786196,,inactive,1977
03786358,,inactive,1997
03786501,,inactive,2005
03787354,16622774,inactive,2015
03787931,,discontinued,2017
03788504,,inactive,1994
03788512,,inactive,1989
03788679,,inactive,1988
03789497,,inactive,1979
03789500,,inactive,1977
03789837,,inactive,1983
03789845,,inactive,1980
03789993,,inactive,2004
03790355,,inactive,2010
03790363,,inactive,1997
03790797,,inactive,1987
03791629,,inactive,2002
03791807,,inactive,1997
03793664,22978348,inactive,2023
03793893,07184026,inactive,2018
03794067,,inactive,2014
03794172,,inactive,2006
03794369,,inactive,2014
03794857,,inactive,1996
03795128,,inactive,2006
03795136,,inactive,2014
0379606X,,inactive,1982
03796787,,inactive,1991
03797678,20729510,inactive,2015
03797724,14698358,inactive,2009
03797864,20688717,inactive,2015
03798070,,inactive,1998
03798305,,inactive,1993
03798402,,inactive,2022
03799514,,inactive,2001
03800903,,inactive,2021
03801721,,inactive,1999
03816419,,inactive,1993
03816605,1708833X,inactive,2008
03817032,28175204,policy,2025
0382232X,,inactive,1991
03828514,,inactive,1979
0382909X,,inactive,2014
03850137,,inactive,1990
03850161,,inactive,1988
03850234,,inactive,2001
03850307,,inactive,1999
03851664,,inactive,2019
03851796,,inactive,1997
03852342,,inactive,2007
03852385,,inactive,2017
03852393,,inactive,2022
03853667,,inactive,2016
03854507,,inactive,1996
03855074,,inactive,1999
03855201,,inactive,1998
03855414,18810942,inactive,2022
03856151,,inactive,1979
03856380,,inactive,1988
03860183,,inactive,2004
03860744,,inactive,2006
03861732,,inactive,1983
03862186,,inactive,2019
03862763,,inactive,2005
03862887,,inactive,1987
03863980,,inactive,1996
03864103,,inactive,2012
03865096,13453041,discontinued,2018
03866831,,inactive,1996
03868311,,inactive,1998
0386846X,,inactive,1992
03868710,,inactive,1997
03870723,,inactive,2014
03871940,,inactive,1998
03872793,,inactive,1998
03875008,,inactive,2013
03875016,,inactive,2013
03875024,,inactive,2013
03875547,,discontinued,2020
03875911,1884569X,inactive,2016
03878805,13498398,inactive,2021
03880486,,inactive,1976
03882861,,inactive,2000
03884252,,inactive,2000
03886174,,inactive,1997
03886182,,inactive,2006
03886298,,inactive,2010
03887588,,inactive,2017
03889475,,inactive,2003
03892328,,inactive,1994
03894118,,inactive,1995
03894304,,inactive,2003
03895386,1883177X,inactive,2008
03897893,,inactive,1994
03899071,,inactive,2023
03900142,20352638,inactive,2023
03900495,,inactive,1990
03901033,,inactive,1985
03905179,,inactive,2007
03905357,,inactive,1979
0390542X,,inactive,1961
03905438,,inactive,1962
03905519,,inactive,1980
03905640,,inactive,1980
0390573X,,inactive,1948
03905748,,inactive,1991
03905845,,inactive,2002
03906000,,inactive,1981
03906035,,inactive,1982
03906892,,inactive,1953
03907740,,inactive,2006
03907759,,inactive,1949
03909417,,inactive,1948
03910393,,inactive,1948
03910474,,inactive,1948
03910970,,inactive,1982
03911535,,inactive,2017
03911772,18271731,inactive,2020
03911977,18271634,inactive,2021
03911993,,inactive,1991
03912000,,inactive,2012
03912221,,inactive,2009
03912248,19725523,inactive,2002
03912566,,inactive,2018
03912698,22811044,inactive,2023
03912825,,inactive,1984
03913341,,inactive,2001
03913872,,inactive,1979
03914089,,inactive,1989
03914186,,inactive,2022
03915352,,inactive,1992
03915611,,inactive,1984
03915654,,inactive,2020
03915859,,inactive,1997
03915883,,inactive,1981
03916510,,inactive,1987
03917029,,inactive,1976
03917258,,inactive,1990
03917525,,inactive,1999
03917789,,inactive,2009
03917835,,inactive,2022
03918645,,inactive,1998
0391898X,,inactive,2004
03918998,,inactive,1998
03919013,19711433,inactive,2019
03919048,19711387,inactive,2008
03919064,,inactive,2018
03919706,,inactive,1988
03919889,,inactive,1996
03920208,,inactive,1990
03920461,11265442,inactive,1999
03920488,18271820,inactive,2021
03920623,,inactive,1996
03920771,18271790,inactive,2013
03920895,22844546,inactive,2023
0392095X,,inactive,2018
0392128X,,inactive,1998
03921344,,inactive,1997
03921360,,inactive,2005
03921395,,inactive,2007
03921417,,inactive,1997
03921921,14677695,inactive,2015
03922227,,inactive,1997
03922936,27090086,discontinued,2021
03922960,,inactive,1986
03923037,,inactive,2007
03923525,,inactive,1989
03924033,,inactive,2007
03924041,,inactive,2007
0392419X,,inactive,2006
03924513,,inactive,2014
03924793,,inactive,1991
03924858,,inactive,2009
03925161,,inactive,2001
03926621,1827188X,inactive,2020
03926699,,inactive,2004
03926737,18269893,inactive,1999
03927156,,inactive,1981
03927261,,inactive,2022
03927636,2240967X,inactive,2011
03927741,,inactive,1986
03928357,,inactive,2013
0392906X,,inactive,1988
03929566,,inactive,1984
03929760,1825652X,inactive,2015
03930157,,inactive,2012
03930394,,inactive,2004
03930645,20396376,inactive,2012
0393067X,,inactive,2012
03931137,,inactive,2002
03931420,,policy,2025
03931447,,inactive,1995
0393196X,,inactive,1992
03931978,,inactive,1999
03932095,,inactive,2011
03932249,18271758,inactive,2020
03932648,,inactive,2000
0393361X,,inactive,1989
03933660,18271812,discontinued,2026
03933679,,inactive,1961
03934551,,inactive,2016
03934780,,inactive,1990
03935264,19713274,inactive,2019
03935310,,inactive,2000
03935582,,inactive,2006
03935930,,inactive,2001
03936066,,inactive,1999
03936384,22839720,discontinued,2023
03936805,,inactive,2020
03937267,,inactive,2016
03937801,,inactive,1990
03937976,,inactive,1997
03938395,,inactive,1998
03938476,,inactive,2009
03938492,,inactive,2009
03939154,,inactive,1998
03939340,,inactive,2005
0393974X,17246083,discontinued,2025
03939960,20396384,inactive,2012
03942287,,inactive,2012
0394249X,,inactive,1997
03942503,,inactive,1991
03942511,,inactive,1999
03943402,17208343,inactive,2004
03943410,18271707,inactive,2021
03943445,,inactive,2014
03943755,,inactive,1997
03943933,,inactive,1994
03944255,,inactive,1988
03944549,,inactive,1987
03945413,,inactive,2009
0394560X,,inactive,2013
03948218,,inactive,1999
03949109,,inactive,1991
03949257,,inactive,2008
03949532,,inactive,1997
03949672,,inactive,1989
0394977X,,inactive,2001
03949826,,inactive,2001
03953890,,inactive,1987
03953904,,inactive,1980
03954374,,inactive,1977
0395501X,,inactive,1999
03959260,,inactive,1976
03962687,,inactive,2000
03968014,,inactive,1998
03970906,,inactive,1979
03972844,,inactive,2001
03974693,,inactive,1976
03977900,,inactive,1970
03977927,,inactive,2017
03978125,,inactive,1987
03979148,,inactive,2006
03979164,,inactive,1977
0397930X,,inactive,1983
03980499,22148116,discontinued,2016
03987604,21105405,inactive,1998
03987620,17730627,inactive,2023
03988023,,inactive,1973
03989771,,inactive,1996
03990311,,inactive,1980
0399032X,,inactive,1987
03990435,,inactive,1980
0399077X,17696690,inactive,2020
03990826,,inactive,2019
03990842,,inactive,1981
03991253,,inactive,1997
03991784,,inactive,2003
03994236,,inactive,1977
03998320,,inactive,2010
04003977,,inactive,1980
04004000,,inactive,1952
04024621,,inactive,1983
04120922,,inactive,2010
04123948,,inactive,2004
04124014,,inactive,1986
04124057,,inactive,1995
04125878,,inactive,1965
04156412,14394359,discontinued,2017
04182642,18818129,inactive,1997
04185412,,inactive,2023
04189698,,inactive,2006
04189744,,inactive,2012
04190238,17589428,inactive,2008
04190254,,inactive,2006
04198859,,inactive,1972
04209036,,inactive,1997
04229894,,inactive,2007
04242513,09764666,discontinued,2024
04248155,,inactive,1999
04248368,,inactive,1984
04248570,,inactive,2005
04251423,,inactive,1970
04282779,25942034,inactive,2012
0428304X,,inactive,2003
04300912,,inactive,1986
04300920,,inactive,1988
04300947,,inactive,1966
04302966,,inactive,1968
04306228,,inactive,2004
04306252,,inactive,2005
04308689,,inactive,1974
04312155,,inactive,1991
04318889,,inactive,1972
04345541,,inactive,1968
04349725,,inactive,1962
04351312,,inactive,1977
04351339,,inactive,1993
04352033,,inactive,1987
04352866,,inactive,2017
04353269,,inactive,1987
04353927,,inactive,2008
04354001,,inactive,2006
0435401X,,inactive,1996
04354281,,inactive,2022
04389573,24594113,inactive,2023
04405749,,inactive,1991
04406052,,inactive,1996
0440730X,,inactive,1965
04408764,,inactive,1993
04408888,,inactive,2016
04409043,,inactive,2014
0441067X,,inactive,2013
04416651,,inactive,2008
04435117,,inactive,2016
04457684,,inactive,1963
04457722,,inactive,2018
04478991,,inactive,1967
04479122,,inactive,1962
04490576,,inactive,2023
04491920,,inactive,1964
04491947,,inactive,1990
04492544,,inactive,1992
04492560,,inactive,2012
0449282X,,inactive,1964
04492951,15426246,inactive,1965
0449296X,15429350,inactive,1985
04492978,15429377,inactive,1985
04492986,15426254,inactive,1983
04492994,19353065,inactive,1986
04493087,,inactive,2001
04494156,,inactive,1989
04495233,,inactive,2014
04495705,,inactive,1976
04502167,,inactive,2016
04523458,18821200,inactive,2016
04531507,,inactive,2007
04532198,,inactive,2007
04533402,,inactive,2023
04534387,,inactive,2021
04537831,,inactive,2011
04539222,,inactive,1990
04541138,,inactive,2018
04546296,,inactive,1998
04550595,,inactive,2005
04552059,,inactive,2003
04573242,,inactive,1958
04574184,,inactive,1997
04581563,,inactive,1988
04585860,,inactive,1996
0459097X,25694383,inactive,2023
04597230,,inactive,2021
04655036,,inactive,1961
0468155X,,inactive,1998
04694236,,inactive,1998
04694759,,inactive,1979
04707893,,inactive,1961
04721446,,inactive,1974
04725131,,inactive,1976
0472514X,,inactive,1969
04734378,,inactive,2003
04746279,,inactive,2011
04747534,,inactive,1981
04747844,,inactive,1996
04751450,,inactive,2016
04752058,,inactive,1999
04783522,,inactive,1959
04791428,,inactive,1963
04797876,,inactive,2021
04802160,,inactive,2001
04812085,,inactive,2000
04817931,,inactive,1960
04825004,18094570,inactive,2017
04825985,15782263,inactive,2008
0482783X,,inactive,1976
04839420,,inactive,2007
04845986,,inactive,1961
04847563,,inactive,1988
0484811X,,inactive,2001
04848454,,inactive,1965
04851439,18820824,inactive,2016
0485893X,,inactive,1991
04860993,,inactive,2015
04862902,,inactive,1989
04864476,,inactive,2000
04882105,,inactive,1954
04896408,,inactive,1953
04901177,,inactive,1974
04911377,,inactive,1965
0491421X,,inactive,1990
04925882,,discontinued,2016
04926749,,inactive,2008
04933079,,inactive,1973
04942639,,inactive,2000
04942736,,inactive,1973
0494464X,2198168X,inactive,2023
04945387,,inactive,1997
0495775X,,inactive,2001
0497137X,,inactive,1993
04972546,,inactive,1978
04999320,,inactive,2006
05007208,,inactive,1957
05025001,,inactive,2018
05028205,,inactive,1959
05062772,,inactive,2001
05064287,,inactive,1968
05075475,,inactive,1992
05075483,,inactive,1995
05083443,,inactive,1969
05123135,,inactive,1993
05123380,,inactive,1962
05131731,,inactive,2000
05133696,,inactive,1983
0514180X,,inactive,1965
05142687,,inactive,1957
05144264,,inactive,2002
05147158,,inactive,1999
05147166,,inactive,1999
05151724,,inactive,1970
05152720,16005430,inactive,2009
05178606,16614011,inactive,2010
05208734,,inactive,1960
05220653,,inactive,2019
05236525,,inactive,1969
0523798X,,inactive,1996
05244994,20493045,inactive,2015
05247403,,inactive,1985
05250889,,inactive,1972
0528600X,,inactive,2016
05289173,,inactive,1955
05289432,,inactive,1992
05291526,,inactive,2007
05315131,,inactive,2007
05319684,,inactive,2020
05319870,20365667,inactive,2014
05326028,,inactive,1997
05331846,,inactive,1968
05331854,,inactive,1968
05333164,1461717X,discontinued,2017
05333288,,inactive,1973
05350867,,inactive,1973
05361028,,inactive,2005
05361516,2374944X,inactive,1965
05361524,23796782,inactive,1964
05361540,21682860,inactive,1970
05361559,23749520,inactive,1965
05361567,21682887,inactive,1971
05362180,,inactive,2001
0537197X,09744460,inactive,2023
05376998,,inactive,1998
05388163,,inactive,1968
05389143,,inactive,2002
05390788,,inactive,1982
05401259,,inactive,2016
05401437,,inactive,1985
05410576,,inactive,1968
0542268X,,inactive,1969
05432499,19376219,inactive,1981
05433002,,inactive,1967
05433177,,inactive,1964
05435749,16066294,inactive,2005
05440424,,inactive,2001
05441269,,inactive,2004
05442540,,inactive,1985
05442656,,inactive,1965
05443733,25309110,inactive,2016
05460352,,inactive,2001
05461731,,inactive,1988
05461766,21878986,inactive,2016
05468191,,inactive,2006
0547051X,,inactive,2003
05476844,,inactive,1996
05493323,,inactive,2016
0549799X,,inactive,2016
05503043,,inactive,1970
05504031,,inactive,1969
05522080,,inactive,1982
05529344,,inactive,2011
05532469,,inactive,1971
05538882,,inactive,2005
05542901,,inactive,2005
05547555,,inactive,1999
05551099,,inactive,2016
05552923,,inactive,2004
05554241,,inactive,1960
05560071,,inactive,1997
0556171X,,inactive,2004
05562813,1089490X,inactive,2015
05562821,,inactive,2006
05563860,,inactive,2023
05566177,,inactive,2009
05566398,,inactive,1987
05566630,,inactive,1996
0556753X,,inactive,1983
05569672,,inactive,1965
05569699,,inactive,1965
05571340,,inactive,1986
05573890,,inactive,1969
05577705,21175683,inactive,2012
05577721,,inactive,2000
05579325,,inactive,2005
05579430,,inactive,1999
05583489,,inactive,1998
05591996,,inactive,1996
05597765,,inactive,2016
05598516,18809413,inactive,2009
05598680,,inactive,2015
05599342,,inactive,1998
05607132,,inactive,1996
05609747,,inactive,1955
05617332,,inactive,2012
05617855,,inactive,2000
05621887,,inactive,2013
05639751,,inactive,2015
05641217,,inactive,1962
05641470,,inactive,2005
05643783,,inactive,2016
05644313,,inactive,1963
05660777,,inactive,1960
05662389,,inactive,1998
05673933,,inactive,1960
05676312,,inactive,2002
0567655X,,inactive,1984
05677386,,inactive,2007
05677408,,inactive,1970
05677416,,inactive,1968
05677440,03652785,inactive,1968
05677505,,inactive,2002
05677734,,inactive,2008
05677815,,inactive,1976
05677823,,inactive,1975
05678056,,inactive,1986
05678064,,inactive,1977
05678250,,inactive,2010
05679877,,inactive,1968
05683408,,inactive,1966
05685230,,inactive,1992
05685281,,inactive,2005
05685303,,inactive,1999
05691338,,inactive,2014
05693799,,inactive,2005
05695554,,inactive,1982
05696054,,inactive,1967
05697891,,inactive,1982
05697948,,inactive,1982
05698030,,inactive,1978
05698073,,inactive,1982
05698081,,inactive,1982
05698197,,inactive,1987
05699894,,inactive,1993
05701619,,inactive,1980
05701732,,inactive,1968
05705169,,inactive,2000
05706955,,inactive,1983
0570734X,,inactive,2016
05715865,,inactive,2017
05718198,,inactive,1962
05719283,,inactive,1970
0572144X,,inactive,1999
05723612,,inactive,1970
0573049X,16625390,inactive,1969
05753317,,inactive,2019
05754941,,inactive,2010
05765544,,inactive,1965
05766370,,inactive,2011
05766656,,inactive,1965
05771471,,inactive,2016
05775752,,inactive,2018
05777496,,inactive,2004
0577750X,,inactive,2015
05781337,,inactive,2003
05781434,,inactive,1998
05781736,,inactive,1989
05785634,,inactive,1988
05792975,,inactive,2005
05792983,,inactive,2003
0579546X,,inactive,1976
05799368,,inactive,2005
05799384,,inactive,2014
05799392,,inactive,2005
05799406,,inactive,1997
05801443,,inactive,2003
05807247,,inactive,2016
05814944,,inactive,1972
05816866,,inactive,1986
05819474,,inactive,1984
05824206,,inactive,1991
05824664,,inactive,2003
05829399,,inactive,2022
05830214,,inactive,2002
05831024,17413184,inactive,2007
0583421X,,inactive,1996
05837510,,inactive,1997
05837731,,inactive,2008
05838517,,inactive,2000
05844215,,inactive,1997
05845807,,inactive,1984
05848539,,inactive,1997
05848555,14651939,inactive,2021
05848687,,inactive,1965
05848776,,inactive,1982
05849667,,inactive,2003
0585430X,,inactive,2005
05859131,,inactive,1998
05864607,,inactive,1997
05865581,,inactive,1986
05865964,,inactive,2016
05869587,,inactive,1996
05873908,,inactive,2016
05875994,,inactive,1995
05883253,,inactive,1997
05888174,,inactive,1967
05900239,,inactive,2008
05905931,,inactive,1975
05905966,,inactive,2001
05908191,,inactive,1978
05908450,,inactive,2020
05912776,,inactive,1997
07003978,,inactive,1986
07009216,,inactive,1988
07011008,17085268,inactive,2016
07020481,,inactive,1996
07028466,,inactive,1990
07031211,,inactive,1996
07039484,,inactive,1981
07039565,,inactive,2001
07045646,,inactive,2019
07049722,,inactive,2003
07053010,,inactive,1998
07057199,1492143X,inactive,2007
07060726,,inactive,1979
07061706,,inactive,2019
07062168,,inactive,2000
0709549X,,inactive,2021
07100868,,inactive,1998
07111150,,inactive,1988
07116780,,inactive,2012
07124813,1875922X,inactive,2012
07126778,,inactive,2011
07133235,,inactive,2014
07135815,,inactive,2017
07146140,,inactive,1983
07147511,,inactive,1985
07153244,,inactive,2017
07158920,,inactive,2008
07160046,07176821,inactive,2010
07160208,0717618X,inactive,2008
07161069,07177178,inactive,2007
07161883,07186851,inactive,2023
07162308,,inactive,2019
07163371,,inactive,1961
07168756,07180764,discontinued,2021
0717201X,07179308,inactive,2023
07173830,,policy,2019
07175698,07177348,discontinued,2016
0717635X,07182791,inactive,2010
07177712,07177704,inactive,2008
07190425,07190433,inactive,2016
07200501,,inactive,1983
07201710,,inactive,1982
07203322,,inactive,2001
07203373,18764495,inactive,2019
07204280,,inactive,1983
0720454X,,inactive,1998
07206003,,inactive,2004
07213859,,inactive,2010
07217250,,inactive,1994
07217269,14320649,inactive,1993
07219415,,inactive,1990
07219571,,inactive,1982
07222211,,inactive,1987
07223277,1431584X,inactive,1997
07224400,,inactive,1989
0722480X,,inactive,2020
07228546,,inactive,1996
07229321,,inactive,1982
0722933X,,inactive,1982
07230192,,inactive,1993
07231520,,inactive,2007
07232276,,inactive,2016
07235003,16156722,inactive,2013
07236557,,inactive,1996
07237537,,inactive,1997
07238045,,inactive,1991
07239874,,inactive,1996
07240031,,inactive,1984
0724438X,,inactive,1987
07244991,,inactive,1991
07245130,,inactive,2010
07246234,,inactive,1997
07246706,,inactive,1996
07246811,,inactive,2001
07247591,,inactive,1990
07247842,,inactive,1969
07247907,,inactive,1991
07249004,,inactive,1993
0725086X,,inactive,1996
07251424,,inactive,1996
07252986,,inactive,2002
07253141,14454866,inactive,2011
0725556X,,inactive,1987
07263139,,inactive,1993
07263864,,inactive,1995
07264240,,inactive,1997
07264550,,inactive,1985
07288433,19425139,inactive,2010
07294352,,inactive,2018
07300077,,inactive,1992
07300085,,inactive,1991
07300913,,inactive,1996
0730188X,,inactive,1947
07302177,23313153,inactive,1995
07302207,,inactive,2022
07302614,,inactive,2006
07303564,,inactive,2005
07304862,,inactive,1987
0730630X,,inactive,1990
07306652,,inactive,1981
0730823X,,inactive,1990
07308396,,inactive,1988
07308876,,inactive,1996
07309147,,inactive,1995
07309538,,inactive,1995
07310455,,inactive,2009
0731177X,,inactive,1983
07313381,,inactive,1999
0731356X,15210502,inactive,2001
07313810,10979875,inactive,2005
07313829,15322505,inactive,2004
07313837,15256057,inactive,2005
07315082,,inactive,2019
07315414,,inactive,1988
07315724,15411087,inactive,2021
07315732,,inactive,2020
07315996,21626626,inactive,1938
07316755,,inactive,2014
07317158,,inactive,1998
07317239,,inactive,1996
07318235,,inactive,1995
07318332,,inactive,1992
07318618,,inactive,2007
07320515,,inactive,1987
07321562,19341520,inactive,2023
07321872,15473562,inactive,2010
07323867,,inactive,1995
07324928,,inactive,2001
07326580,,inactive,1990
07326750,,inactive,2015
07328141,,inactive,1995
07328311,,inactive,1999
07329113,23059931,inactive,2021
07329482,,inactive,1987
0732989X,,inactive,1989
07330707,,inactive,1993
07331290,,inactive,2022
07331924,,inactive,1990
07331959,,inactive,2002
0733222X,,inactive,2000
07332831,,inactive,1992
07333021,,inactive,1988
0733303X,,inactive,1987
07333536,,inactive,2001
07334680,,inactive,2003
07335644,,inactive,1987
07336535,,inactive,1997
07336608,,inactive,2013
07338902,,inactive,2002
07339011,,inactive,1984
07339135,,inactive,2005
07339380,,inactive,1990
07339410,19448368,inactive,1995
07339461,,inactive,1985
0733947X,,inactive,2017
07340338,,inactive,1986
07341679,,inactive,1991
07341768,,inactive,1990
0734189X,,inactive,1990
07342047,,inactive,1988
0734211X,23279877,inactive,1985
07343310,,inactive,2005
07345410,,inactive,1987
07345615,,inactive,2004
0734600X,,inactive,1987
07347685,,inactive,2018
07348584,15338541,inactive,2022
07348630,,inactive,1999
07349165,,inactive,1997
07349343,15455831,inactive,2007
07350007,,inactive,1992
07350120,,inactive,2016
07350147,23786019,inactive,1985
07350651,18782302,inactive,1994
07350732,,inactive,2016
07351232,,inactive,1984
07351917,,inactive,2000
0735245X,,inactive,1993
07353111,,inactive,1986
07354681,,inactive,1983
07355688,,inactive,1982
07356161,,inactive,2023
07356722,,inactive,2008
07356846,21644683,inactive,1997
07357338,,inactive,1963
07357435,,inactive,1961
07357915,,inactive,1990
07357931,,inactive,1987
07358210,,inactive,2001
0735939X,,inactive,1995
07359462,10909966,inactive,2015
07360118,,inactive,1994
07361718,,inactive,1996
07362064,,inactive,1989
07362536,,inactive,2007
07363001,,inactive,1990
07363583,,inactive,1987
07364377,,inactive,2000
07364393,,inactive,1994
07364407,,inactive,1984
07364822,,inactive,1983
07366108,,inactive,1984
07366574,,inactive,2001
07367244,,inactive,1987
07367260,,inactive,1999
07368593,,inactive,2002
07371020,,inactive,2006
07371071,,inactive,2005
07371454,,inactive,1992
07372884,,inactive,2002
07373252,,inactive,1996
07375999,,inactive,1987
07376006,,inactive,1986
07376278,,discontinued,2020
07377266,,inactive,1985
07377797,15411125,inactive,2009
07377908,,inactive,2006
07378939,,inactive,2012
07380232,18783945,inactive,2010
07380666,,inactive,1991
07380895,,inactive,2022
07380917,,inactive,2008
07380984,,inactive,2005
07381441,,inactive,1988
0738145X,,inactive,2003
07381751,,inactive,1992
07382928,,inactive,1985
0738422X,,inactive,2008
0738467X,,inactive,2013
07384947,,inactive,1996
07386028,,inactive,1997
07386168,,inactive,1984
07386192,,inactive,1986
07386532,,inactive,2022
07386583,,inactive,1998
07386729,21968918,inactive,2017
07386974,,inactive,1996
0738713X,,inactive,1995
07387989,,inactive,2012
07387997,,inactive,1996
07391854,,inactive,2020
07393180,,inactive,1994
07393717,,inactive,1990
07394179,,inactive,1996
07395175,19374186,inactive,2010
07395329,23764791,inactive,2025
07395876,,inactive,1989
07396260,,inactive,1992
07396686,19444028,inactive,2020
07398328,15395928,inactive,2003
07398999,,inactive,1989
07399014,,inactive,1991
07399413,,inactive,2002
07399731,,inactive,2005
07399820,,inactive,2002
07401353,,inactive,1985
07401817,,inactive,1996
07402511,,inactive,1992
07402775,19360924,inactive,2018
07403232,,inactive,1993
0740445X,,inactive,1995
07405472,18736483,inactive,2023
07406797,,inactive,2002
07406835,,inactive,2005
07407467,15581284,inactive,1992
07407475,15581918,inactive,2012
07407750,15729931,inactive,2002
07407769,,inactive,2024
0740817X,15458830,inactive,2016
0740820X,,inactive,1995
07408315,,inactive,1989
07409737,,inactive,2006
07409982,,inactive,1986
07410581,,inactive,1991
07412223,10974563,inactive,2006
07412320,,inactive,2004
07415206,15501841,inactive,2022
07415397,,inactive,1987
07415834,,inactive,2015
07416113,,inactive,1988
07416148,,inactive,1990
07416245,,inactive,2016
07416253,,inactive,2016
07419767,,inactive,2000
0741983X,,inactive,1990
07420269,,inactive,1992
07420668,,inactive,1985
07420714,23748826,inactive,1989
07421478,,inactive,2007
07421931,,inactive,2002
07422342,,inactive,1996
07422814,,inactive,1988
07423136,,inactive,2000
07423241,,inactive,1992
07424221,,inactive,1998
07424868,,inactive,1986
07425759,,inactive,1998
07426348,,inactive,2013
07428057,,inactive,1998
07428367,,inactive,2016
07428413,18781942,inactive,1994
0742941X,,inactive,1987
0742969X,,inactive,2001
07429703,,inactive,1990
07431066,,inactive,2000
07431651,,inactive,2005
0743345X,,inactive,1985
07433808,15325970,inactive,2004
07434634,,inactive,1994
07435088,,inactive,1993
07435150,,inactive,1999
07435797,,inactive,1993
07436726,,inactive,1986
07436858,,inactive,2008
07439539,,inactive,1990
07439547,,inactive,1996
07439636,,inactive,1991
07440049,,inactive,2008
07440073,,inactive,1988
0744012X,,inactive,1988
07441479,,inactive,1984
0744396X,,inactive,1998
07446616,07320337,inactive,2011
07447132,,inactive,2000
07451075,,inactive,1993
07451148,,inactive,2002
07451253,,inactive,1996
07452624,,inactive,2007
07452837,,inactive,1984
07452993,,inactive,2018
07454309,,inactive,1987
07454538,,inactive,1987
07454678,,inactive,1989
07455003,,inactive,1984
07456921,,inactive,1988
07456964,,inactive,1996
07456999,,inactive,1996
07457138,,inactive,1996
07457790,15206459,inactive,1997
07459726,,inactive,1988
07459963,,inactive,1986
07460554,,inactive,1996
07461739,,inactive,2022
07462395,,inactive,1996
07463626,,inactive,2007
07463820,,inactive,1994
07463898,,inactive,1986
07465564,,inactive,1998
07467141,,inactive,2010
07468288,,inactive,1996
07468709,,inactive,2016
07468962,,inactive,1996
07469179,,inactive,2018
07469462,,inactive,2013
07470088,,inactive,2020
07471351,,inactive,1989
07471599,,inactive,1992
07473583,,inactive,1991
07473605,,inactive,2007
07475284,26323494,inactive,2023
07476108,,inactive,2003
07477376,,inactive,1996
07477384,,inactive,2001
07477767,,inactive,1986
07477929,,inactive,2002
07477988,,inactive,2008
07478291,,inactive,2015
07479182,,inactive,2018
07479417,,inactive,1996
07480016,,inactive,1998
07481284,,inactive,2022
07481608,,inactive,2001
07481802,,inactive,1989
07481896,,inactive,2001
07481977,,inactive,1997
07483236,,inactive,2002
07483252,,inactive,1985
07483260,,inactive,1980
0748383X,21632456,inactive,2016
0748450X,,inactive,1987
07484623,,inactive,2000
07485204,,inactive,1990
07485514,,inactive,1986
0748612X,23767162,inactive,1984
07486642,,inactive,2014
07487711,19381352,inactive,2016
07487991,,inactive,1991
07488009,,inactive,1995
07488025,15552047,inactive,1992
07488386,,inactive,2000
0748948X,,inactive,2002
07490003,15452514,inactive,1999
07490208,15515036,discontinued,2023
07490232,,inactive,2005
07491425,,inactive,2001
07491565,,inactive,1990
07491611,,inactive,1985
07492448,,inactive,2000
07493223,,inactive,2010
07493878,,inactive,2003
07494025,,inactive,2023
07495331,,inactive,1999
07496036,10963677,inactive,2022
07496524,,inactive,2010
07498055,,inactive,1997
07498470,,inactive,1990
07499477,,inactive,1998
07500785,,inactive,1988
07507186,,inactive,1986
07507240,,inactive,1988
07507658,17696623,inactive,2014
07512708,17775892,inactive,2019
07517149,,inactive,1993
07525370,,inactive,2013
07532830,,inactive,1992
07537417,,inactive,1997
07539053,,inactive,1994
0754023X,,inactive,2022
07540590,,inactive,2008
07542186,,inactive,2023
07553692,,inactive,1965
07556365,,inactive,1986
07557752,,inactive,2016
07581882,22125213,inactive,2013
07586922,,inactive,1990
07592280,17652855,discontinued,2017
0760758X,,inactive,1993
07612486,,inactive,1990
07612494,,inactive,1995
07612516,,inactive,1997
07618417,17762561,inactive,2018
07618980,19516614,inactive,2018
07643470,,inactive,2003
07644442,,inactive,2001
07644450,,inactive,1993
07644469,,inactive,2001
07650019,19585608,discontinued,2023
07655290,,inactive,1997
07657846,,inactive,2005
07661177,,inactive,2014
07661193,,inactive,1994
07661207,,inactive,1989
07665105,,inactive,1997
07665466,,inactive,1999
07665598,,inactive,2018
07665717,,inactive,1987
07672861,,inactive,1996
0767399X,,inactive,1990
07679513,19631006,inactive,2020
0768598X,19619480,inactive,2013
07687559,,inactive,2000
07689179,19538359,inactive,2011
07689829,,inactive,1996
07690886,19552416,inactive,2023
07692609,,inactive,1988
07692617,,inactive,1988
07692625,,inactive,1988
0769489X,,inactive,1997
07700008,,inactive,1960
0770030X,,inactive,1955
07702728,,inactive,1955
07702817,,inactive,2016
07704518,,inactive,2014
0770786X,,inactive,2023
07712367,,inactive,2013
07715420,,inactive,2023
07715684,,inactive,1990
07716524,20322356,inactive,2019
07717571,,inactive,2011
07718187,,inactive,1988
07730543,24064734,inactive,2023
07731922,,inactive,1997
07742908,,inactive,2023
07745141,15699676,inactive,2023
07748396,22952802,inactive,2022
0774935X,,inactive,1997
07753195,,inactive,2010
07760353,,inactive,1996
07767943,,inactive,1998
07783124,,inactive,1994
07784031,17818656,inactive,2010
07786069,1783144X,inactive,2020
07792387,,inactive,2018
07799969,,inactive,2000
07812698,,inactive,1998
07814240,,inactive,2017
07815859,,inactive,1998
0782226X,,inactive,1996
07828535,,inactive,2012
0784395X,,inactive,2000
07857527,,inactive,1998
07858760,,inactive,2019
07863012,,inactive,2012
07865686,,inactive,1998
07883420,,inactive,1965
07886020,,inactive,1996
0789600X,,inactive,1995
0790231X,,inactive,1922
07902328,,inactive,1871
07907702,,inactive,1968
07916167,,inactive,2022
07925077,21910162,inactive,2014
07928483,,inactive,2001
07929935,,inactive,2016
07930291,16875486,inactive,2011
07932952,,inactive,2004
07947348,,inactive,1996
07973403,,inactive,1965
07977808,,inactive,1951
07980264,26107988,discontinued,2022
07980752,,discontinued,2017
07981015,,discontinued,2019
07981171,24779598,discontinued,2022
07984065,,inactive,2017
07987269,,inactive,2015
07989709,,inactive,2018
07989792,,inactive,2018
08001952,,inactive,2004
08002606,,inactive,1986
08002789,,inactive,1984
08008582,,inactive,2002
08028818,,inactive,1996
08029474,,inactive,1993
08029768,,inactive,1992
08029776,,inactive,1994
08032491,,inactive,2023
08035326,,inactive,2011
08038023,,inactive,2008
08039496,15027813,inactive,2001
08039828,,inactive,2000
08041342,,inactive,1994
08044635,,inactive,2011
08048266,,inactive,2006
08050562,,inactive,1998
0805505X,,inactive,2016
08067511,,inactive,1998
08090432,,inactive,2000
08100713,,inactive,2020
08108889,,inactive,2015
08113653,,inactive,2011
08131988,,inactive,2005
0813300X,,inactive,2020
08134839,20497768,inactive,2023
08136289,,inactive,1997
08145725,,inactive,1998
08149763,14401606,inactive,1999
08152195,,inactive,2013
08156409,,inactive,2015
08157251,,inactive,2014
0815936X,,inactive,2016
08161089,,inactive,2008
08164460,,inactive,1986
08165122,18392504,inactive,2015
08168261,,inactive,1983
08169020,1443833X,inactive,2020
08170444,,inactive,2000
08178038,,inactive,2010
0817881X,,inactive,2024
08180164,,inactive,2001
08190259,,inactive,1994
08190887,,inactive,1995
08193355,,inactive,1991
08195331,,inactive,1989
08200750,,inactive,1999
08205450,,inactive,2007
08205930,,inactive,1995
08217556,,inactive,2011
08228558,,inactive,1992
08230269,,inactive,1994
08232105,,inactive,2021
0823650X,,inactive,2019
08249091,,inactive,1999
08251762,,inactive,1954
08266220,,inactive,2010
08271305,,inactive,1998
08280827,,inactive,1997
08286914,,inactive,2005
08287090,,inactive,1995
08288666,,inactive,2017
08289999,,inactive,2023
08292507,19187750,inactive,2010
08312974,,inactive,1998
0831652X,,inactive,1997
08317445,,inactive,2010
08329869,,inactive,2003
0833076X,,inactive,1986
08331235,,inactive,1992
08341494,,inactive,1999
08344825,,inactive,2017
08347824,,inactive,2007
08353026,,policy,2025
08357900,19167237,inactive,2013
08358443,,inactive,2012
08361398,,discontinued,2017
08367310,,inactive,1999
08381925,,inactive,2007
08382638,,inactive,1993
08382948,,inactive,1998
08408688,,inactive,2020
08408750,08434565,inactive,2012
08418233,,inactive,1992
08434611,,inactive,1993
08435561,17187885,inactive,2023
08435812,,inactive,1996
08436061,,inactive,2013
08436096,,inactive,2016
08443718,,inactive,1989
08472645,,inactive,2008
08472971,,inactive,1995
08481970,,inactive,2006
08490767,,inactive,2010
08505780,23087854,inactive,2021
0850797X,,inactive,2008
08563969,,inactive,1998
08566496,,inactive,2007
08568960,,inactive,2013
08576173,,inactive,1999
0857717X,,inactive,2000
08585261,,inactive,2000
08600120,20843828,inactive,2021
08601089,,inactive,1999
08601844,,inactive,2006
08606536,,inactive,1990
08607052,,inactive,2003
08616485,,inactive,2001
08617880,,inactive,2013
08619255,13138235,discontinued,2017
08619883,,inactive,2005
0862030X,,inactive,1955
08624968,,inactive,2003
08626529,,inactive,2010
08629129,,inactive,1992
08631743,,inactive,1991
08634106,,inactive,1995
08634904,,inactive,1991
08635412,,inactive,2006
08640408,,inactive,2016
08644659,16064925,inactive,2001
08648921,,inactive,2006
08660174,17860091,inactive,2017
08669465,,inactive,2016
08670609,,inactive,2012
08670633,,inactive,2020
08670730,,inactive,2012
08670749,,inactive,1997
08674140,,inactive,2000
08675325,,inactive,2013
08676143,,inactive,2021
08676836,,inactive,2001
08677077,,inactive,2016
08677905,,inactive,1997
08678383,,inactive,1993
08694923,,inactive,2007
08694931,,inactive,2005
08695652,,inactive,2005
08695687,,inactive,2021
08695733,,inactive,2004
08695873,,inactive,2004
08696071,,inactive,1997
08696144,,inactive,2001
08696993,,inactive,2004
08697019,,inactive,2005
08700133,,inactive,2022
08708312,,inactive,2017
08708363,,inactive,2002
08709025,21734135,inactive,2016
08712379,,inactive,2013
08712549,,inactive,2010
08713413,,inactive,2015
08720754,,inactive,2008
08722331,,inactive,1999
08723265,,inactive,1999
08727023,,inactive,1997
08732159,21735115,inactive,2018
08734364,,inactive,2015
0873626X,,inactive,2023
08737215,,inactive,2014
08741093,21822387,inactive,2018
08749671,27954455,inactive,2023
08820287,,inactive,2001
08820511,,inactive,1997
08820546,,inactive,2003
08820627,,inactive,1998
08820880,,inactive,2008
08821046,,inactive,2013
08821100,,inactive,2000
08821577,,inactive,2016
08821666,1520684X,inactive,2007
0882228X,,inactive,2013
08823391,2374782X,inactive,1991
08823510,,inactive,1997
08824002,,inactive,1992
08824967,23748710,inactive,1988
08825696,,inactive,1996
0882570X,,inactive,1991
08826404,,inactive,2014
08826447,,inactive,1997
08826498,21688702,inactive,1988
08827729,,inactive,2005
08827753,,inactive,1999
08828032,,inactive,1992
08828083,,inactive,1996
08828121,15738868,inactive,2007
0882889X,,inactive,1999
08829225,,inactive,1996
08829233,,inactive,1998
08829594,,inactive,1988
08830452,,inactive,1995
0883105X,,inactive,1999
08831386,,inactive,1987
08831874,15577767,inactive,2009
08832889,,inactive,1993
08832897,,inactive,1992
08832900,,inactive,2011
08833648,,inactive,2003
08833680,,inactive,1997
08834989,,inactive,1995
08835381,,inactive,2016
08835896,,inactive,1996
08836272,,inactive,1986
08837562,,inactive,1991
08837570,,inactive,2000
08837597,15408574,inactive,2008
08837902,,inactive,2011
08838305,19449186,inactive,2017
08838348,,inactive,1989
08838364,,inactive,1993
08839093,,inactive,1988
08839182,,inactive,1991
08839212,15390691,inactive,2006
08839409,,inactive,2017
08839433,,inactive,1996
08839522,,inactive,1984
08839743,,inactive,2000
08840709,,inactive,1988
08842558,,inactive,1987
08842884,,inactive,1991
08843759,,inactive,2016
08843848,,inactive,2021
08843988,,inactive,1990
08843996,,inactive,1998
08845581,,inactive,1993
08845891,10967451,inactive,2007
08846219,,inactive,1990
08846324,,inactive,1996
08846804,,inactive,2003
08846812,,inactive,2016
08847339,,inactive,1987
0884741X,15390713,inactive,2014
08848181,,inactive,1990
08848297,,inactive,1995
0884903X,,inactive,1988
08849382,,inactive,2021
08849404,,inactive,1999
08849862,,inactive,2003
08850046,,inactive,1997
08850259,,inactive,1997
08850615,,inactive,2006
0885114X,,inactive,2002
08852413,,inactive,1988
0885257X,,inactive,1987
08852731,,inactive,1949
08853126,,inactive,1963
08854505,,inactive,1994
08854734,,inactive,2006
08855838,,inactive,1949
08856028,,inactive,2016
08856095,,inactive,2013
08856249,,inactive,1987
08856265,,inactive,2009
08856672,,inactive,1970
08857059,,inactive,1981
0885713X,,inactive,1992
0885727X,23314052,inactive,1965
08857288,15575047,inactive,2014
08857717,,inactive,1993
08857830,,inactive,1962
08858144,,inactive,1998
0885842X,,inactive,2005
0885856X,,inactive,2002
08859000,23749407,inactive,2000
08859221,,inactive,1992
0885923X,,inactive,1997
08859248,,inactive,2000
08859507,,inactive,1997
0885968X,,inactive,2011
08859744,,inactive,1992
08860238,,inactive,1995
08860246,,inactive,2007
08860335,,inactive,1989
08860467,15438694,inactive,2001
08860483,,inactive,2007
08860572,,inactive,1999
08860882,,inactive,2016
08861064,,inactive,1999
08861242,,inactive,2017
08861544,10970169,inactive,2009
08861633,,inactive,1995
08861641,,inactive,2001
08861714,1522161X,inactive,2004
08863520,,inactive,2016
08863849,,inactive,2001
08864454,,inactive,1994
08864470,1538361X,inactive,2012
08864691,23332433,inactive,2016
08865140,,inactive,2003
08865809,,inactive,1990
08867372,,inactive,2010
08869367,,inactive,1992
08869375,,inactive,2001
08869456,,inactive,1990
08869685,,inactive,2007
08869723,,inactive,1996
0886988X,,inactive,1986
08870292,,inactive,2011
08870373,,inactive,2006
0887137X,,inactive,2016
08871493,,inactive,2016
08872082,,inactive,1996
08872198,,inactive,1989
08872570,,inactive,1990
08873593,,inactive,2011
08873852,,inactive,2005
08874646,,inactive,1997
08875405,,inactive,1951
08876134,,inactive,1990
08876169,,inactive,1993
0887624X,10990518,inactive,2019
08876258,15430472,inactive,1990
08876266,10990488,inactive,2019
08877971,,inactive,1996
08878218,,inactive,2002
08879672,,discontinued,2017
08880352,,inactive,2016
08880786,,inactive,1997
08880816,,inactive,1986
08881294,,inactive,1987
08881979,,inactive,2007
08882401,,inactive,1996
08882479,,inactive,1960
08883068,,inactive,2009
08883076,,inactive,1988
0888319X,,inactive,1997
08883394,,inactive,2002
08884390,,inactive,1998
08884463,,inactive,2008
08885109,23310936,inactive,2018
08885613,,inactive,2015
08886296,,inactive,1990
08886504,,inactive,2001
08886512,,inactive,2000
08887063,,inactive,1999
0888711X,,inactive,1997
08887462,,inactive,2023
08887950,,inactive,1999
08888299,,inactive,2005
08888418,,inactive,1994
08889090,,inactive,1999
08890579,,inactive,1992
08890668,,inactive,2014
08891605,,inactive,1989
08891893,14785498,inactive,2003
08892482,,inactive,1994
08894647,,inactive,1994
08894698,,inactive,2001
08895074,,inactive,2001
08895813,,inactive,1989
08895899,19432720,inactive,2018
08896313,,inactive,2000
08896348,,inactive,2009
08896976,,inactive,1995
08897077,15470164,inactive,2023
08897182,23776501,inactive,2001
08897190,,inactive,1991
08897204,17517117,inactive,2009
08898308,,inactive,1991
08898537,15584259,inactive,2006
08900523,15327728,inactive,2014
08901570,,inactive,1999
08902739,,inactive,1992
08903069,,inactive,2001
08903255,,inactive,2000
08903670,,discontinued,2018
08904111,,inactive,2023
08904332,,inactive,1995
08905215,,inactive,2006
08905363,,inactive,1999
08905452,,inactive,2002
08905460,,inactive,1987
08905533,,inactive,1990
08906564,23748559,inactive,1876
08906599,,inactive,1995
08907064,15408698,inactive,2006
08908524,,inactive,1999
08909016,,inactive,2016
08909768,,inactive,1998
08909970,,inactive,2000
08909997,15338355,inactive,2007
08910049,,inactive,1983
08910162,19382448,inactive,2011
08910200,,inactive,1990
0891060X,16512235,inactive,2009
08910618,18736300,inactive,2024
08910901,,inactive,2009
08911525,,inactive,2005
08911797,,inactive,2012
08912823,,inactive,1993
08913250,,inactive,1994
08913919,,inactive,1959
08914834,,inactive,1996
08915385,,inactive,2012
08915784,,inactive,2004
08916624,,inactive,1998
08916632,,inactive,1993
08916683,,inactive,2004
08917035,,inactive,1996
08917140,15407128,inactive,2007
0891737X,,inactive,1989
08917507,,inactive,1967
08917930,,inactive,2016
08919402,,inactive,1924
08919526,,inactive,2020
08919933,,inactive,2009
08919941,,inactive,1984
08919976,,inactive,2019
08920141,,inactive,1981
0892015X,,inactive,1993
08920354,,inactive,1992
08920915,,inactive,2008
08921059,,inactive,1989
08922055,,inactive,2019
0892211X,,inactive,1999
08922179,,inactive,1988
08922187,,inactive,1999
08922284,,inactive,2006
08922454,,inactive,1991
08922772,,inactive,2005
08923310,,discontinued,2018
08923787,,inactive,2001
08923876,,inactive,1994
08924635,,inactive,1998
0892676X,,inactive,2002
08927049,,inactive,1995
0892743X,,inactive,2014
08927561,,inactive,1989
08927626,,policy,2023
08928290,,inactive,1949
08928762,,inactive,1996
08928959,23332530,inactive,2003
08928967,,inactive,2000
08929270,,inactive,2007
0892953X,,inactive,1996
08929947,,inactive,2001
08930848,23770759,inactive,1990
0893102X,,inactive,1990
08932344,,inactive,1995
08932751,,inactive,1990
08933251,,inactive,1950
08933561,,inactive,1988
08933588,,inactive,2001
0893388X,,inactive,1999
08934282,,inactive,1990
08935068,,inactive,1995
08935300,,inactive,1992
08935688,,inactive,1989
08935785,16000749,inactive,2007
0893603X,,inactive,1993
08936099,,inactive,1995
08936188,,inactive,2012
08936609,15206769,inactive,2004
08936633,,inactive,1992
08936706,21621373,inactive,1963
08937141,,inactive,1962
08937524,15290123,inactive,1998
08937869,23313692,inactive,1961
08937931,,inactive,2011
08938121,,inactive,1991
08938652,15448770,inactive,2005
08940401,,inactive,1969
08940525,21914788,inactive,2013
08940630,,inactive,1989
08940711,,inactive,2001
08940975,,inactive,1993
08941009,,inactive,1995
08941866,,inactive,1998
08942684,15579026,inactive,2007
08943036,,inactive,2000
08943222,,inactive,1989
08944946,,inactive,2007
08946019,,inactive,2018
08947163,,inactive,1994
0894802X,,inactive,2003
08948054,,inactive,2000
08948321,,inactive,1989
08948569,16078462,inactive,2018
08948631,15347591,inactive,2000
08948763,15200450,inactive,2005
0894878X,,inactive,2002
08949077,,inactive,1997
08949255,,inactive,2000
0894959X,,inactive,2014
08949859,,inactive,1997
08949875,15729524,inactive,2006
08950156,15584151,inactive,2002
08950385,,inactive,2004
08950458,,inactive,1988
08952809,,inactive,2000
0895318X,,inactive,1996
08953805,,inactive,2011
08955565,,inactive,1989
08956340,,inactive,1996
08957169,,inactive,1990
08957177,,inactive,2013
08957479,,inactive,1992
08957533,,inactive,2000
08958009,,inactive,1992
08958017,1943362X,inactive,2008
08958211,,inactive,1997
08958831,,inactive,2019
08960615,,inactive,2010
08961107,15729605,inactive,2006
08961263,19447493,inactive,2016
08961549,,inactive,2006
08962863,,inactive,1997
08963576,1544435X,inactive,2006
08963991,,inactive,2002
08964831,,inactive,1997
0896548X,,inactive,2004
08965846,,inactive,2001
08966621,,inactive,2001
08966664,,inactive,1993
08966915,,inactive,1989
08966966,15408582,inactive,2000
08966974,,inactive,1998
08968438,,inactive,2001
08969620,,inactive,2017
08970491,,inactive,2005
08971277,,inactive,2003
08971471,,inactive,1995
08971889,1618727X,inactive,2023
08971986,,inactive,1990
08973660,,inactive,2007
08974365,,inactive,1997
08974446,,inactive,2001
08975353,15404080,inactive,2020
08975507,,inactive,2001
08975957,15273466,inactive,2007
08976007,,inactive,2001
08976627,,inactive,2008
08977186,15404064,inactive,2007
08978026,,inactive,2018
08978336,,inactive,2002
08979685,,inactive,1993
08981647,,inactive,1991
08981655,,inactive,1993
08982090,,inactive,1988
08982759,,inactive,2014
08983135,,inactive,1997
0898316X,,inactive,1997
08983577,,inactive,2005
08984093,,inactive,1995
08984697,,inactive,1995
08985812,,inactive,1993
08985952,19378327,inactive,2022
08986088,,inactive,2007
08986622,,inactive,1999
08986886,,inactive,2000
08986924,,inactive,2002
08987750,,inactive,1996
08988048,,inactive,2000
08988404,,inactive,2003
0898901X,,inactive,1997
08990220,13691651,discontinued,2017
08990956,,inactive,1998
08991499,,inactive,1992
08992851,,inactive,2016
08993289,,inactive,2001
08993718,15437795,inactive,2009
08994811,,inactive,1997
08995869,,inactive,2000
08995893,,inactive,2007
08996210,19435142,inactive,2016
08996237,,inactive,2011
08997403,,inactive,2001
08998213,21635013,inactive,1994
08998221,2163503X,inactive,1993
08998949,,inactive,2001
08998957,,inactive,1989
08999287,,inactive,1998
08999422,,inactive,1995
09005579,,inactive,1991
09010270,,inactive,1995
09019928,,inactive,2003
09019936,,inactive,2000
09020055,1399302X,inactive,2009
09023232,,inactive,1977
09024506,,inactive,2010
09032703,,inactive,1993
0903465X,16005503,inactive,2014
09041850,,inactive,2003
0904213X,,inactive,1999
09044701,,inactive,2003
09056866,,inactive,2006
09059199,,inactive,1999
09065784,16005562,inactive,2004
09072829,,inactive,1999
09074449,13990047,inactive,2015
09078916,16039629,inactive,2011
09084282,15324826,inactive,2013
09085920,,inactive,2005
09086625,,inactive,2007
09086633,,inactive,2002
09097252,,inactive,1958
09101004,,inactive,2016
09102043,,inactive,1990
09105050,18764673,inactive,2002
09105476,,inactive,1998
09106073,,inactive,1992
09108629,,inactive,1987
09110755,,inactive,2000
09110763,,inactive,1988
09110836,,inactive,1997
09114300,13497413,inactive,2017
09118985,,inactive,2001
09119280,13481797,inactive,2018
09120505,,inactive,2021
09122036,,inactive,1994
09125434,,inactive,1996
0913185X,,inactive,1990
09134794,,inactive,2005
09135693,,inactive,2016
09142223,,inactive,2011
09143491,,inactive,2022
09143505,17414520,discontinued,2017
09143777,,inactive,2016
09145621,,inactive,1995
09148108,,inactive,1996
09148809,,inactive,1992
09148817,,inactive,1992
09148825,,inactive,1993
09148922,,inactive,2009
09149201,,inactive,2005
09149260,,inactive,2002
09149465,13491717,inactive,2020
09150544,,inactive,2003
09150560,18842496,inactive,2013
09151478,,inactive,1994
09151753,,inactive,2015
09151869,,inactive,1996
09152326,,inactive,2003
09152334,,inactive,2003
09155287,,discontinued,2017
09156151,,inactive,2000
09156992,,inactive,2011
09159126,,inactive,1997
09159444,,inactive,1997
0915955X,,inactive,2007
09159606,,inactive,2005
09160582,,inactive,1999
09160701,,inactive,1990
09161821,,inactive,2000
09162313,,inactive,1990
09162844,,inactive,1990
09164804,18820476,inactive,2013
0916572X,,inactive,2004
0916782X,,inactive,1999
0916801X,,inactive,2021
09168478,,inactive,1997
09170480,18819664,discontinued,2018
09170553,1467940X,inactive,2019
09175857,,inactive,2017
09184287,1437773X,inactive,2004
09184597,,inactive,2000
09185283,,inactive,2013
09185704,,inactive,1997
09187545,14756781,inactive,2022
09190805,,inactive,2001
09191038,,inactive,2008
09195505,,inactive,2005
09197087,,inactive,2000
09199454,,inactive,2011
09201971,24338915,inactive,2023
09202307,,inactive,1993
09203036,15730514,inactive,2008
09203273,,inactive,1997
09204083,,inactive,2002
09204105,,inactive,2023
09205047,22146814,inactive,1992
0920525X,15730425,inactive,2007
09205268,1573790X,inactive,2017
09205446,,inactive,2012
09206078,,inactive,1961
09206299,15729370,inactive,2008
09208119,,inactive,1997
09208399,,inactive,2008
09208534,,inactive,1992
09210423,,inactive,2003
09210709,,inactive,2005
09210717,,inactive,2022
0921142X,,inactive,2016
09212647,,inactive,1997
09212736,22146954,inactive,1992
0921299X,15738280,inactive,1998
0921318X,,inactive,1998
09213198,,inactive,2007
09213775,,inactive,2002
09214011,,inactive,2005
09214410,,inactive,2005
09215239,,inactive,2013
09215646,,inactive,1996
09215956,18757987,inactive,1992
09217126,,inactive,2024
09217304,,inactive,2006
09218319,,inactive,1993
09218610,,inactive,1996
09218696,,inactive,2002
09218734,,inactive,1996
09218769,,inactive,2006
09218777,,inactive,2001
09218912,18783651,inactive,2003
09219110,,inactive,2008
09219366,,inactive,1998
09223371,,inactive,1990
0922338X,,inactive,1998
09224106,,inactive,1995
09225307,,inactive,1999
09225382,,inactive,2005
09225773,1573109X,inactive,1995
09226567,15730573,inactive,2021
09229833,,inactive,1996
09230408,,inactive,1994
09230459,,inactive,1997
09230467,,inactive,1997
09230750,22121765,inactive,2000
09231137,,inactive,1995
09231730,,inactive,2016
0923179X,,inactive,2001
09232494,,inactive,1998
09232516,,inactive,1998
09232524,,inactive,1997
09232532,18781365,inactive,2013
09233970,,inactive,2014
0923666X,,inactive,2011
09237984,,inactive,1943
09238433,,inactive,1999
09240519,18167977,inactive,2002
09241086,,inactive,1981
09242015,,inactive,2014
09242023,,inactive,1994
09243054,,inactive,1996
09243089,,inactive,1997
09243186,,inactive,1996
09243542,,inactive,1996
09243860,17444241,inactive,2005
09244204,,inactive,2003
09244212,,inactive,1996
09244662,2215034X,inactive,2022
09244867,,inactive,2022
09246118,22136940,inactive,2019
09246509,,inactive,2006
09248099,,inactive,2008
09248196,,inactive,2005
09248455,15737306,inactive,1999
09248625,,inactive,2013
09249303,,inactive,2008
0924980X,,inactive,1998
09249877,,inactive,2003
09250972,1571814X,inactive,2007
09251014,,inactive,1995
09251618,,inactive,1997
09252096,,inactive,1995
09252657,,inactive,2020
09254153,,inactive,2013
09254668,15738450,inactive,2001
09254676,,inactive,2001
09254773,18726356,inactive,2020
09255060,,inactive,1997
09255206,,inactive,1997
09255281,,inactive,1995
09256164,,inactive,1996
09258582,,inactive,1997
09259848,,inactive,1998
09263403,,inactive,2001
09264213,,inactive,1999
09264345,,inactive,2000
09264957,15736954,inactive,2004
09265287,12979708,inactive,2006
09265589,,inactive,2003
09266070,,inactive,2023
09266410,,inactive,2005
09266437,18746322,inactive,2013
09266526,,inactive,1964
09266534,,inactive,1965
09266542,,inactive,1964
09266550,,inactive,1964
09266569,,inactive,1964
09266577,,inactive,1964
09266585,,inactive,1966
09266593,,inactive,1966
09266917,,inactive,1995
09269614,,inactive,2001
09270108,,inactive,1997
09270507,,inactive,2007
09273816,,inactive,2023
09274472,,inactive,2002
09274987,,inactive,2014
09275193,22120785,inactive,2011
09275207,,inactive,2004
09275215,,inactive,2002
09275401,,inactive,1994
09275452,1879808X,inactive,2023
09275908,,inactive,1996
09276513,,inactive,1997
09276947,1572932X,inactive,2008
09277056,,inactive,2004
09280197,,inactive,1998
09280200,,inactive,2001
09281045,15734900,inactive,2007
09281231,1573739X,inactive,2010
09281436,,inactive,2001
09282017,,inactive,2007
09282866,15739023,inactive,2000
0928303X,,inactive,2007
09283420,,inactive,2001
09284257,17697115,inactive,2016
09284346,,inactive,1997
09284869,,inactive,2002
09284931,18730191,inactive,2021
09285040,1878660X,inactive,1995
09288244,1574695X,inactive,2012
09288937,22121390,inactive,2005
09289917,,inactive,1995
09290176,,inactive,1999
09290184,,inactive,2010
09290591,18765599,inactive,1996
09291881,,inactive,1999
09292233,,inactive,2001
09295666,,inactive,2003
09296719,,inactive,1996
09296743,18798098,inactive,2012
09297111,,inactive,2009
09297332,15699919,inactive,2023
09297855,,inactive,1997
09298266,,inactive,2003
09298533,09298525,inactive,2004
09298703,,inactive,1997
09300317,16132580,inactive,2012
0930035X,,inactive,1996
09303847,,inactive,2018
0930486X,,inactive,2009
09306447,,inactive,2010
09307834,1436493X,inactive,2002
09309276,,inactive,2002
09310037,,inactive,1995
09310657,,inactive,2007
09311793,14390450,inactive,2006
0931184X,14390442,inactive,2007
09311955,,inactive,1998
09312447,,inactive,1988
09312838,,inactive,1994
09313990,,inactive,2003
09316221,,inactive,1991
09316795,,inactive,1993
0931704X,,inactive,1991
09317058,,inactive,1991
09318771,,inactive,2002
09319530,,inactive,1988
09319735,,discontinued,2016
09320482,,inactive,1994
09320547,,discontinued,2017
09322205,,inactive,2017
09323147,,inactive,1993
09323708,,inactive,1998
09324747,,inactive,2019
09325611,,inactive,1999
09326073,,inactive,1989
09328610,,inactive,1995
09328629,,inactive,1998
09332316,,inactive,2004
09333347,21917779,inactive,2016
09333630,,inactive,1997
09334548,,inactive,2016
09335854,,inactive,1991
09336540,,inactive,1995
0933811X,14392577,inactive,2015
09340785,,inactive,2015
09340882,14322145,inactive,2012
09343342,,inactive,2009
09343504,18655084,inactive,2010
09344373,,inactive,1999
09345906,,inactive,1994
0934666X,,inactive,2002
09347348,,inactive,2007
09348832,,inactive,1993
09348840,,inactive,2000
09348859,,inactive,1999
09348913,,inactive,2013
0934943X,,inactive,2016
0934960X,,inactive,1962
09350411,,inactive,1996
09351523,,inactive,2006
09351701,,inactive,2002
09353208,,inactive,1997
09353216,,inactive,1997
09353224,,inactive,1997
09353518,21968071,inactive,2023
09355901,,inactive,1993
09356185,14322080,inactive,2022
09356304,,inactive,2000
09356339,,inactive,1992
09359915,18619908,policy,2024
09362002,,inactive,1997
09363076,,inactive,1995
09366652,,inactive,2001
09368671,,inactive,2013
09369902,,inactive,2020
09370420,,inactive,2007
09370633,,inactive,2002
0937289X,14393816,inactive,2006
09374450,,inactive,1995
0937552X,,discontinued,2017
0937583X,,inactive,2016
09376429,18618936,inactive,2010
09377069,,inactive,2001
09377409,14230445,inactive,2025
09378596,,inactive,1992
09379762,,inactive,2008
09380337,,inactive,1996
09381643,,inactive,1998
09385177,,inactive,2002
09386572,,inactive,2008
0938765X,,inactive,2000
09387714,14332973,inactive,2000
09388303,,inactive,1998
09389016,,inactive,2004
09389806,,inactive,1996
09390448,,inactive,1997
09391517,,inactive,2005
09391983,,inactive,2008
0939267X,,inactive,1998
09393072,,inactive,1995
0939351X,,inactive,2016
09394974,,inactive,1997
09395059,,inactive,1996
09395164,,inactive,2000
09396322,,inactive,1998
09396365,,inactive,1995
09396764,,inactive,2003
09396780,,inactive,1998
09397116,16156706,inactive,2012
09397922,14315831,inactive,1997
09398147,,inactive,2000
09398368,23769319,inactive,2021
09398600,,inactive,2007
09399488,,inactive,2001
09400745,,inactive,2014
09402470,,inactive,1996
09402993,16181433,inactive,2017
0940483X,,inactive,1998
09405178,,inactive,2001
09405437,14344467,inactive,2000
09405569,,inactive,2012
09406131,,inactive,1999
09406646,,inactive,2004
09406735,,inactive,2012
0940855X,,inactive,1992
09409599,,inactive,2002
09410198,,inactive,1994
09410295,,inactive,1999
09410589,,inactive,1992
09410635,,inactive,2000
09411046,,inactive,1996
09411216,,inactive,1999
09412131,,inactive,1996
09412530,16173538,inactive,2002
09412670,,inactive,2019
09412905,,inactive,1998
09412921,,inactive,1996
0941293X,14330423,inactive,2022
09413804,,inactive,1998
09414223,,inactive,2021
0941455X,,inactive,2008
09415866,,inactive,2020
09418172,,inactive,2009
09418466,,inactive,2003
09418849,21956405,inactive,2017
09419179,,inactive,2011
09419500,22128581,inactive,2020
09420037,,inactive,2005
09422854,,inactive,1998
09422919,,inactive,2022
0942301X,,inactive,2006
09423060,16183274,inactive,2004
09425276,,inactive,1995
09425403,21906246,discontinued,2021
09426027,,inactive,1995
09426051,,discontinued,2018
09426086,,discontinued,2017
09428925,14320509,inactive,2015
09428992,,inactive,1996
09429387,,inactive,1962
09430083,,inactive,1999
09430105,,inactive,2009
09430938,,inactive,1996
09431268,,inactive,2006
09431675,,inactive,1999
09431837,,inactive,1993
09431853,,inactive,2008
09434798,,inactive,2003
09436677,,inactive,2011
09437312,,inactive,2005
09437444,,policy,2024
09438149,21906289,inactive,2018
0943917X,,inactive,2005
09439382,,inactive,2001
09439404,,inactive,2003
09439676,,inactive,2003
09441018,,inactive,2001
09441166,14360691,inactive,2009
09441921,,inactive,2003
09441948,,inactive,2003
09446419,,inactive,1998
09446486,,inactive,2003
09447067,,inactive,2002
09447105,,inactive,2012
09448160,,inactive,1999
09448918,,inactive,2006
09450084,,inactive,2005
09450459,,inactive,1996
09451129,,inactive,2016
09451145,,inactive,1998
09451412,,inactive,1992
09452419,,inactive,2011
0945358X,16137566,discontinued,2019
09456082,21963096,inactive,2017
09456945,,inactive,2022
09457712,,inactive,1996
09458077,,inactive,2005
09458115,,inactive,2000
09461299,,inactive,2008
09462104,,discontinued,2016
09464115,,inactive,1995
09464832,,inactive,2000
09465146,,inactive,2008
09467211,14392291,inactive,2011
09467475,,inactive,2005
09467718,,inactive,2003
09467998,,discontinued,2018
09469648,,inactive,2012
0947031X,,inactive,2012
09470875,23637013,inactive,2022
09470972,,inactive,2003
09473440,,inactive,1997
09475362,,discontinued,2018
09476075,,inactive,2007
09477128,,inactive,2002
0947823X,,inactive,1998
09478965,14330415,inactive,2022
09480382,,inactive,2003
09481907,15213862,inactive,2015
09484817,,inactive,1994
0948728X,,inactive,2011
09487387,,inactive,2008
09488359,,inactive,2012
09490434,,inactive,2016
0949183X,,inactive,1995
09492321,2047783X,discontinued,2024
09492739,,inactive,2012
09493026,,inactive,2014
09493441,,inactive,2001
09493964,,inactive,1998
09495460,,inactive,2004
09495770,18658458,inactive,2010
09496181,18620019,policy,2024
09498303,,inactive,2002
09498346,,inactive,1999
0949944X,1432041X,inactive,2024
09500448,,inactive,1986
09500707,,inactive,1998
09500790,17477514,inactive,2011
0950107X,,inactive,1993
09501290,,inactive,1969
09501401,,inactive,2012
09501487,,inactive,1994
09501746,,inactive,2018
09501940,,inactive,2001
09502114,,inactive,2008
09503366,,inactive,2002
09503420,,inactive,2000
09503501,,inactive,1998
0950351X,,inactive,1998
09503528,,inactive,1999
09503536,,inactive,1998
09503552,,inactive,1999
09503579,,inactive,1999
09504214,,inactive,1996
09504559,,inactive,2008
09505539,,inactive,1988
09505571,,inactive,2011
09505601,,inactive,1957
0950561X,,inactive,1964
09505652,17473470,inactive,1920
09505814,,inactive,2002
09505911,,inactive,2003
09506098,,inactive,2002
09507035,,inactive,2009
09507671,,inactive,1968
0950821X,,inactive,1994
09509526,,inactive,2003
0951001X,,inactive,2021
0951208X,15736784,inactive,1999
09514309,,inactive,2006
09514600,,inactive,2008
09515240,,inactive,1998
09515305,,inactive,1996
09517359,,inactive,1994
09517383,,inactive,1993
09518312,,inactive,1991
0951953X,,inactive,2022
09519580,,inactive,1996
09519750,,inactive,1995
09520481,,inactive,1992
09520600,,inactive,1996
09520619,,inactive,1991
09520627,,inactive,1996
09520643,,inactive,1993
09521178,,inactive,2008
09521909,14676443,inactive,2022
09521941,,inactive,2010
09522271,,inactive,2016
09523863,,inactive,2002
0952391X,,inactive,1995
09525432,,inactive,1998
09525807,,inactive,1996
09526900,,inactive,1996
09526919,,inactive,1992
09527583,,inactive,1996
09529500,,inactive,1993
09529608,17473489,inactive,1995
09530061,,inactive,2000
09530096,,inactive,1999
09530460,14753308,inactive,2011
09530673,,inactive,2005
09530932,,inactive,2001
09531092,,inactive,2005
09531211,,inactive,1989
09531432,,inactive,1990
09532404,,inactive,1996
09534431,,inactive,2000
09534954,,inactive,2007
09535683,,inactive,2006
09536035,,inactive,2003
09536639,,inactive,2015
09537112,15322033,inactive,2010
09537562,14698102,inactive,2009
09538534,,inactive,1994
09539182,,inactive,2000
09539859,,inactive,1994
09540113,,inactive,1991
09540695,,inactive,2002
09540725,,inactive,2000
09540741,,inactive,1999
0954139X,14735601,inactive,2021
09541446,14640635,inactive,2015
09541497,,inactive,1989
09541810,,inactive,2001
09542299,,inactive,2018
0954254X,,inactive,1991
09542582,,inactive,1995
09543546,,inactive,1990
09544046,,inactive,1986
09544127,13600613,inactive,2002
09544135,,inactive,1979
0954416X,,inactive,1995
0954478X,,inactive,2007
09545824,,inactive,2018
09546529,,inactive,1998
09546642,,inactive,1996
09547649,,inactive,2007
09548602,,inactive,2004
0954898X,13616536,discontinued,2025
09548998,17473861,inactive,1994
09552065,,inactive,1998
09552235,,inactive,1995
09552251,,inactive,2003
09552359,14774674,inactive,2023
09553541,,inactive,1991
09553681,,inactive,1995
09553886,,inactive,2000
09556419,14678616,inactive,2014
09556664,,inactive,1994
09557717,,inactive,2009
09557806,,inactive,2000
09557873,,inactive,2001
09558209,,inactive,2003
09560157,,inactive,1991
09560521,,inactive,1995
09561250,14658933,inactive,2003
09561382,,inactive,2004
09562257,,inactive,2001
09563075,14737752,inactive,2006
09563202,20402066,inactive,2023
09563385,17410460,inactive,2007
0956375X,,inactive,1993
09563768,,inactive,1993
09563776,,inactive,1993
09564233,,inactive,2008
09565000,,inactive,1998
0956523X,,inactive,1996
09566309,,inactive,2001
0956666X,18635377,inactive,2017
09567143,,inactive,1995
09567151,,inactive,1995
0956716X,,inactive,1995
09568115,,inactive,1993
09568700,,inactive,2004
0956960X,,inactive,1996
09569618,,inactive,1996
09569944,17410509,inactive,2007
09570144,,inactive,2002
09571272,,inactive,1993
09571329,,inactive,2006
09573720,23969040,inactive,2019
09574166,1362511X,inactive,2017
09574190,,inactive,2005
09574832,,inactive,2003
09575537,,inactive,2007
09575839,,inactive,2006
09575847,11238178,inactive,2006
09576061,,inactive,2003
09576517,,inactive,1997
0957767X,,inactive,1994
09578080,,inactive,2012
09580433,,inactive,1997
09580581,,inactive,1996
09580956,,inactive,2023
09581383,,inactive,2005
09582118,18734049,policy,2024
09584625,,inactive,1990
09585036,,inactive,1997
09585184,14699478,inactive,2002
09585206,14664275,inactive,2010
09586024,,inactive,2014
09586415,,inactive,1992
09586687,,inactive,2016
09588442,,inactive,1980
09589961,,inactive,2007
0959020X,,inactive,1997
09590587,,inactive,1997
0959230X,,inactive,1994
09592598,14699036,inactive,2015
09593268,,inactive,1993
09593527,18782914,inactive,1990
09594957,,inactive,1996
09596585,,inactive,1988
09596682,19312253,inactive,2017
09597174,13616676,inactive,2004
09598022,18737595,inactive,2000
09598030,,inactive,1996
09598111,,inactive,2001
09598316,,inactive,1998
09598332,,inactive,1996
09599266,,inactive,1998
09599320,,inactive,1990
09599428,13645501,inactive,2012
09599754,10991816,inactive,2002
09599800,,inactive,1985
0960135X,,inactive,2005
09601686,,inactive,1993
09602178,,inactive,2000
09602348,,inactive,1992
09603107,14664305,inactive,2014
09603131,,inactive,2002
0960314X,,inactive,2004
09603964,,inactive,2001
09604405,,inactive,2004
09604529,,inactive,2014
09605290,15570711,inactive,2009
09605371,,inactive,2007
09605428,,inactive,1996
09606440,,inactive,1992
0960667X,,inactive,2013
09607420,13652370,inactive,2004
09607447,,inactive,2004
09607560,,inactive,2006
09607641,20540337,inactive,1994
09607919,17410487,inactive,2008
09610405,10990976,inactive,2008
09610421,,inactive,1997
0961088X,,inactive,1999
09611215,,inactive,2020
09611290,,inactive,2006
09611444,,inactive,1995
09612653,,inactive,1996
09613552,,inactive,1991
09613692,,inactive,1994
0961625X,,inactive,1995
09617930,,inactive,2011
09619275,,inactive,2007
09619526,,inactive,1995
0962029X,,inactive,2002
09621091,13652508,inactive,2002
09621377,,inactive,2021
09621423,,inactive,1997
09621784,,inactive,2017
09621849,,inactive,2010
09622594,,inactive,1994
09622799,,inactive,2003
09624562,14769409,inactive,2006
09627251,19346220,inactive,2015
09627375,,inactive,1875
09628479,,inactive,2000
09628770,14678608,inactive,2021
09628797,14679388,inactive,2012
09629262,,inactive,1992
09629513,,inactive,2011
09629564,,inactive,2006
09629734,,inactive,1994
09631860,,inactive,1997
0963276X,,inactive,1997
09633308,,inactive,2004
09634916,,inactive,1997
0963584X,,inactive,1994
09636935,2633366X,inactive,2020
09637133,,inactive,2002
09637273,,inactive,1997
09637346,,inactive,2002
09638172,,inactive,2001
09639659,,inactive,1998
09641807,,inactive,1999
09641823,,inactive,2012
09641955,,inactive,1997
0964198X,,inactive,2002
09642536,,inactive,1999
09642749,,inactive,2005
09644156,,inactive,2000
09649271,20522940,inactive,2016
09649425,,inactive,2007
09650946,,inactive,2001
09651454,,inactive,1998
0965156X,14693712,inactive,2017
09652302,,inactive,2007
09652310,,inactive,2001
09652590,,inactive,2009
09655395,14695065,inactive,2014
09655433,,inactive,1995
09655751,14759926,inactive,2007
09656812,17488818,inactive,2014
09658343,,inactive,1994
09659757,,inactive,1998
09659773,,inactive,1999
09659986,,inactive,1993
09660941,26342561,inactive,2023
09661646,18758428,inactive,2007
09661719,,inactive,2001
09662847,17440556,inactive,2005
09663487,,inactive,2003
09667822,,inactive,1998
09667954,,inactive,1995
09668349,,inactive,1998
09668454,,inactive,2001
09668519,20532644,policy,2019
09669051,,inactive,1998
09669671,,inactive,2007
09670513,,inactive,2010
09670726,,inactive,1997
09670750,14680351,inactive,2019
09670793,14679426,inactive,2002
09671846,13616390,inactive,1999
09672109,,inactive,2003
09672680,,inactive,1995
09673237,14791862,inactive,2012
09674608,,inactive,2001
09678298,,inactive,2001
09678638,,inactive,2014
09678875,,inactive,2012
09679782,,inactive,2004
09679952,,inactive,1996
0968039X,,inactive,2000
09680519,,inactive,2007
09680624,,inactive,2007
09680861,,inactive,2004
09681302,14770318,inactive,2002
09681655,,inactive,1999
09682864,,inactive,1994
09683321,,inactive,1996
09684654,,inactive,1994
09685227,,inactive,2014
09685677,,inactive,1998
09686053,,inactive,2007
09687688,14645203,inactive,2019
09687769,17411629,inactive,2011
0968784X,,inactive,2006
09687912,,inactive,2008
09688080,14609576,inactive,2018
09688773,,inactive,1995
09690174,,inactive,2018
09691855,,inactive,2006
09694765,18731880,policy,2024
09695990,,inactive,2001
09696113,,inactive,2018
09697012,,inactive,2002
09697667,14701537,inactive,2009
09697950,,inactive,2012
09698078,,inactive,1993
09698086,,inactive,1995
09699163,,inactive,2001
09699252,,inactive,2002
09699775,,inactive,2001
0970020X,22315039,discontinued,2018
09700706,,inactive,1985
09701052,2320317X,policy,2023
09701893,09769420,inactive,2021
09702067,,discontinued,2023
09702083,,discontinued,2017
09702318,,inactive,1998
0970275X,,inactive,2005
09702792,,inactive,1948
09702822,09740120,inactive,2014
09703012,,discontinued,2021
09703888,,inactive,2003
09704027,,inactive,1994
09704205,,inactive,1997
0970423X,,inactive,1998
09704639,,inactive,2015
09705562,,inactive,2002
09706054,,inactive,1999
09708685,,inactive,2000
09708928,,inactive,1999
09709231,,inactive,2023
09709274,24566608,discontinued,2020
0970938X,09761683,discontinued,2018
09709452,,inactive,1997
0970955X,,inactive,1993
09709568,,inactive,1993
09710450,,inactive,2011
09710469,,inactive,2011
0971071X,,discontinued,2022
09710833,,inactive,2008
09712542,,inactive,1997
0971488X,,inactive,1997
09715231,09730788,inactive,2013
09715452,,inactive,1997
09716378,09732551,inactive,2008
09716866,1998362X,inactive,2014
09716874,,inactive,2004
0971720X,09741283,discontinued,2020
0971765X,,discontinued,2021
09717730,,discontinued,2016
09718001,,inactive,2003
09718265,,inactive,1998
09718281,,inactive,1997
09718354,,inactive,1998
09718923,24566756,inactive,2017
09719032,09761691,discontinued,2021
09719237,,inactive,2012
09720073,,discontinued,2016
09720405,,inactive,2013
09720448,09744614,policy,2024
0972057X,,inactive,2019
09720707,09745203,inactive,2023
09721096,,inactive,2007
09721711,,inactive,2000
09722025,,discontinued,2021
0972205X,,inactive,2012
09722688,,inactive,2004
09723005,,discontinued,2018
09723293,,inactive,2008
09723757,24566330,discontinued,2016
09724397,09740805,discontinued,2015
09724443,,inactive,2023
09724907,09744592,inactive,2013
09725075,09761772,discontinued,2021
09725210,25816063,discontinued,2020
09725555,,discontinued,2017
09725768,,inactive,2013
09725849,09750967,inactive,2021
0972592X,,inactive,2009
09725946,,inactive,2011
0972656X,0975072X,inactive,2020
09726721,,inactive,2011
09726802,17584965,inactive,2013
09727272,,discontinued,2017
09727302,,discontinued,2017
09727671,,inactive,2022
0972768X,,discontinued,2016
09728341,,inactive,2017
09729038,,inactive,2021
09729372,,inactive,2010
09729380,,discontinued,2017
09729747,19983573,inactive,2012
09729976,09737294,inactive,2013
09729984,09737308,discontinued,2017
09730516,,inactive,2005
09731024,,inactive,2013
09731229,19984014,inactive,2016
09731245,,discontinued,2016
09731296,09764062,discontinued,2018
09731377,09737545,inactive,2013
09731385,09737537,discontinued,2017
09731555,23487372,inactive,2021
09731768,09739750,discontinued,2016
09731792,09739734,discontinued,2016
09731903,09763392,discontinued,2022
09732039,,discontinued,2019
09732047,,discontinued,2020
09732667,09744827,discontinued,2016
0973290X,,inactive,2008
09733159,19466609,inactive,2022
09734562,09739769,discontinued,2017
09734686,,discontinued,2017
09734945,20909810,inactive,2012
09735089,,policy,2025
09735321,0974021X,policy,2019
09736069,09741828,policy,2019
09736077,09740260,inactive,2013
0973628X,,discontinued,2020
09737006,,discontinued,2017
09737421,,discontinued,2020
09737847,09762787,discontinued,2018
09738258,19984103,discontinued,2018
09738398,1998409X,discontinued,2018
09738517,,inactive,2012
09738622,09763449,discontinued,2018
09739122,09739130,discontinued,2021
09739599,26886669,inactive,2019
09740546,,discontinued,2016
09740570,,discontinued,2021
09740627,,inactive,2011
09741216,09747818,inactive,2011
09742115,,discontinued,2016
09742816,09738363,discontinued,2017
09743154,,discontinued,2021
09744290,,discontinued,2016
09744304,,discontinued,2016
09744630,09756965,discontinued,2020
09745572,,discontinued,2016
09745823,,discontinued,2022
09745904,,discontinued,2016
09746013,09751602,inactive,2013
09746773,14773163,policy,2025
09746846,09745645,discontinued,2016
09747435,,discontinued,2014
09747788,0974925X,inactive,2011
09748571,,discontinued,2021
09748822,,inactive,2012
09749233,09751599,inactive,2023
09751483,09751505,discontinued,2018
09752870,22787119,inactive,2017
09753583,09762833,discontinued,2021
09758364,22493255,discontinued,2020
09758453,09762779,discontinued,2020
09759042,09761705,discontinued,2016
09760245,09765506,discontinued,2019
09760423,09762302,inactive,2010
0976044X,,discontinued,2016
09760911,22498818,discontinued,2021
09762884,09762892,inactive,2016
09763104,,discontinued,2016
09763961,0976397X,discontinued,2016
09764836,09748490,discontinued,2018
09764879,09757406,discontinued,2024
09765166,22313850,discontinued,2022
09766308,09766316,discontinued,2019
09766340,09766359,discontinued,2019
09766480,09766499,discontinued,2020
09766502,09766510,discontinued,2020
09766545,09766553,discontinued,2021
09766634,24566764,discontinued,2020
09769234,22297723,discontinued,2022
09769668,22297707,policy,2025
09803483,,inactive,2010
09809090,,inactive,1988
09811095,,inactive,1990
09827870,,inactive,1987
09853111,17783593,inactive,2020
09866124,19589239,inactive,2014
09892737,21010188,inactive,2002
09893105,,inactive,1998
09898972,,inactive,1992
09900632,11525428,inactive,2017
09923039,,inactive,1992
09924361,,inactive,1998
0992499X,19585748,discontinued,2024
09927158,17188598,inactive,2020
0992986X,21194130,inactive,2015
09939857,17730473,inactive,2010
09943919,,inactive,2015
09945679,,inactive,1961
09945687,,inactive,1963
09947590,,inactive,1996
09948090,,inactive,2014
09956794,,inactive,2018
09959882,,inactive,1951
09995714,,inactive,1993
10001220,,inactive,2003
10001255,,inactive,2003
10001271,,inactive,1989
10001433,,inactive,1998
10001484,,inactive,1992
10001506,,inactive,2004
10001557,,inactive,2002
10001662,,inactive,1998
10001808,,inactive,1986
10001948,18764797,inactive,2013
10001972,,inactive,2005
10001999,,inactive,2001
10002405,,inactive,2001
1000243X,,inactive,2000
10002537,,inactive,2006
10002588,,inactive,2005
10003231,,inactive,2007
10003401,,inactive,1998
1000372X,,inactive,2003
10003762,,inactive,1998
10003932,,inactive,2006
10003959,,inactive,2003
10003983,,inactive,1998
10004432,,inactive,2015
10004459,,inactive,2002
10004602,,inactive,2003
1000467X,1944446X,inactive,2017
10004963,,inactive,2017
10005013,,inactive,2003
10005188,,inactive,2003
10005404,,inactive,2021
10005625,,inactive,2003
10005870,,inactive,2005
10005900,,inactive,2003
10006761,,inactive,2009
10007180,,inactive,1998
10007393,,inactive,1998
10007806,,inactive,1999
10007849,,inactive,2003
10008020,,inactive,2016
10008144,,inactive,2017
10008365,,inactive,2006
10008616,,inactive,2001
10008756,,inactive,2002
10009043,,inactive,1990
10009116,19931344,inactive,2008
10009221,,inactive,2003
1000923X,,inactive,2002
10009426,19930364,inactive,2015
10009442,,inactive,1997
10009450,,inactive,1994
10009574,,inactive,1998
10009752,,inactive,2005
10009930,,inactive,2004
1001053X,,inactive,2014
10011250,,inactive,2003
10011579,,inactive,2003
10011749,,discontinued,2019
10011781,,inactive,2018
10012052,,inactive,1994
10012206,,inactive,1998
1001232X,,inactive,2003
10013814,,inactive,1998
10014020,,inactive,2003
10014179,,inactive,2003
10014454,,inactive,2017
10014985,,inactive,2003
10015078,,inactive,2003
10015361,,inactive,2004
10015485,,inactive,2003
10015728,,inactive,2017
10015884,,inactive,2003
10015906,,inactive,2005
10016031,,inactive,1997
10016511,,inactive,1995
1001652X,,inactive,2001
10016538,18619541,inactive,2014
10017208,,inactive,2003
10017305,,inactive,2002
10017755,,inactive,2002
10017844,18767966,inactive,2016
10018212,,inactive,2003
10018352,,inactive,2003
10018689,,inactive,2017
10018891,,inactive,1998
10019278,,inactive,2003
10019464,,inactive,1989
10020705,,inactive,2008
10020829,,inactive,2018
10020837,,inactive,2006
1002087X,,inactive,2003
10022104,,inactive,2014
10023208,,inactive,2003
10025618,,inactive,1996
10026495,,inactive,2019
10028501,,inactive,2003
10028587,,inactive,2002
10030603,,inactive,2016
10030808,,inactive,2010
10033874,,inactive,1998
10034595,,inactive,2000
10035370,,inactive,2016
1003739X,,inactive,2003
10038213,,inactive,2008
10038620,,inactive,2003
10039953,,inactive,2012
10040676,,inactive,2003
10041338,,inactive,2003
10041648,,inactive,2013
10042822,,inactive,2002
10043012,,inactive,1998
1004423X,,inactive,1999
10045503,,inactive,2022
10052402,,inactive,1998
10052763,,inactive,2003
10053085,,inactive,2003
10053883,,inactive,2003
10056254,,inactive,2009
10057854,,inactive,2003
10058850,,inactive,2008
10059490,,inactive,2006
10059539,,inactive,2003
10059784,19930666,inactive,2012
10059792,,inactive,2004
10061088,,inactive,2003
10061266,,inactive,2008
1006155X,,inactive,2003
10062343,,inactive,2003
10062599,,inactive,2003
10065431,,inactive,2005
10066497,,inactive,1996
10066780,,inactive,2002
10067140,,inactive,2003
10067191,21941289,inactive,2025
10067329,,inactive,2008
1006768X,,inactive,2005
10069097,18666566,inactive,2013
1006916X,,inactive,2010
10069283,,inactive,2009
10069291,,inactive,2009
10069305,18622798,inactive,2009
10069313,18622801,inactive,2009
10069321,1862281X,inactive,2009
10069798,,inactive,2003
10072640,,inactive,2003
10072985,,inactive,2003
10073124,,inactive,2005
10074112,,inactive,2002
10074252,,inactive,2014
10074376,18764819,inactive,2009
10074740,,inactive,1997
10076417,,inactive,2011
10078738,,inactive,2016
10080848,,inactive,2015
10080872,,inactive,2004
10081321,19930372,inactive,2012
10091963,17414199,inactive,2007
10092587,,inactive,2020
10092757,18622836,inactive,2010
10093087,,inactive,2016
10093095,,inactive,2006
10093443,,inactive,2017
10099271,,inactive,2008
10100423,,inactive,1999
10103090,,inactive,1948
10105409,,discontinued,2021
10107355,,inactive,1997
10107606,,inactive,1993
10107630,,inactive,1993
10107649,,inactive,1993
10108246,,inactive,1999
10108424,,inactive,1994
10109099,,inactive,1992
10109161,,inactive,2020
10110054,,inactive,2020
10110186,,inactive,2005
10110283,,inactive,1996
10112367,19765517,inactive,2020
10112499,,inactive,2015
10112723,,inactive,2000
10114181,,inactive,1990
10114386,,inactive,1991
10114793,,inactive,1996
1011484X,,inactive,1996
10116206,,inactive,1989
10116524,,inactive,1995
10116583,29451922,discontinued,2024
10116788,,inactive,1998
10116877,,inactive,2009
10116966,,inactive,1991
10116974,,inactive,1993
1011789X,,inactive,1991
10117970,,inactive,2012
10118861,,inactive,1996
10121587,,discontinued,2020
10121692,,inactive,1996
10122508,,inactive,2023
10125655,,inactive,1996
10126244,,inactive,2000
10126694,,inactive,1992
10128069,15645568,inactive,1996
10128204,,inactive,1991
10128417,,inactive,2004
10128433,,inactive,1992
10128689,,inactive,1997
10128832,,inactive,2013
10129545,,inactive,1997
10130047,,inactive,2014
10131469,,discontinued,2019
10132058,,inactive,2009
10133119,,discontinued,2018
10133194,,inactive,1990
10137424,,inactive,1995
10137696,,inactive,2000
10137785,,inactive,1994
10138064,,inactive,1996
10144307,,inactive,1985
10144579,,inactive,1998
1014711X,,inactive,1989
10148221,,inactive,2002
10148485,,inactive,1999
1014885X,,inactive,1999
1014952X,,inactive,1999
10149562,,inactive,2022
10150145,,inactive,2002
10150684,16637607,inactive,2017
1015079X,,inactive,2010
10150889,,inactive,2008
10150951,,inactive,2005
10155007,,inactive,1995
10155856,,inactive,2022
10156321,,inactive,2014
10157867,,inactive,2014
10158138,,inactive,2014
10158146,,inactive,2016
10158383,,inactive,2012
10158618,19922647,discontinued,2017
10158782,22201084,inactive,2016
10159592,,inactive,2003
10159657,16800745,inactive,2007
10160922,,inactive,1997
10161015,,inactive,2009
10161562,,inactive,1998
10162356,,inactive,2014
10163158,,inactive,1997
10165126,,inactive,2008
10165134,,inactive,2011
10165142,,inactive,2004
10165150,,inactive,2018
10166017,,inactive,2005
10167536,,inactive,2000
1016796X,,inactive,2018
10168974,,inactive,2000
10169008,,inactive,2015
10170510,,inactive,2008
10170669,21517606,inactive,2012
10171274,,inactive,2023
10171584,,inactive,1994
10173293,,inactive,2000
10174087,,inactive,1949
10174370,,inactive,2003
10174699,,inactive,1999
10175644,,inactive,1995
10175989,16623886,inactive,2020
10176020,,inactive,1995
10176721,,inactive,1998
10177833,13029657,inactive,2016
10179216,,inactive,1999
1018046X,,inactive,1991
10180532,,inactive,1994
10181857,,inactive,2016
10182152,,inactive,2000
10183469,,inactive,1998
10184325,,inactive,2008
10184619,,discontinued,2021
10184627,,inactive,1996
10185275,,inactive,1997
10185291,,inactive,1996
10185992,,inactive,1997
10186689,,inactive,2006
10187057,,inactive,2000
10187782,,inactive,2002
10188843,,inactive,2009
10188916,,inactive,1998
10188940,,inactive,2016
10190465,,inactive,2000
10190473,,inactive,2013
1019066X,16809416,inactive,2007
1019083X,,inactive,2007
1019214X,13086294,inactive,2017
10193103,,inactive,2009
10195297,,inactive,2015
10195815,,inactive,1997
10196102,,inactive,1999
10196773,,inactive,1996
10196838,,inactive,2015
10197788,,inactive,1996
10198466,,inactive,2002
10199500,,inactive,2019
10200010,1564460X,inactive,2000
10204148,,inactive,2023
10206167,,inactive,2013
10207635,15645150,inactive,2010
10208135,,inactive,2005
1020895X,,inactive,2009
10210989,,inactive,2018
10212000,,inactive,2007
10213619,,inactive,2022
10215182,,inactive,1999
10215824,,inactive,2019
10217096,14219999,inactive,1999
10219056,,inactive,2014
10220178,,inactive,1999
10220666,,inactive,2005
10222812,,inactive,1998
10224742,24088757,inactive,2016
10226265,,inactive,2001
10226680,16628985,discontinued,2014
10226699,,inactive,1996
10227091,,inactive,2002
10228659,,inactive,2005
1022890X,,inactive,1998
10229272,,inactive,2006
10230904,16809394,inactive,2007
10231218,,inactive,1996
10232028,,inactive,1997
10232044,,inactive,2017
1023294X,25043684,inactive,2016
10233091,,inactive,2005
10233903,,inactive,2000
10234462,,inactive,2004
10236090,16809424,inactive,2023
10236104,,inactive,2012
10236171,16078586,inactive,2001
1023618X,,inactive,1997
10236228,,inactive,1998
10236368,,inactive,2013
10236597,,inactive,2001
10236732,,inactive,2003
10237763,16809408,policy,2017
10238654,,inactive,2014
10239022,,inactive,1997
10239332,,inactive,2003
10240098,1680936X,discontinued,2017
10240845,22284893,inactive,2023
1024123X,15635147,inactive,2024
10241752,,discontinued,2021
10242430,,inactive,2002
10242651,16623940,inactive,2010
10245251,,inactive,1999
10245359,22146636,inactive,2016
10246215,,inactive,2005
10246541,,inactive,1997
10246592,,inactive,2002
10247106,,inactive,2005
10248072,15635082,inactive,2002
10248684,,inactive,2012
10249087,,inactive,2001
10249435,15612880,inactive,2012
10249559,,inactive,2000
10252339,18136885,inactive,2019
10253106,,inactive,2005
10253823,17563976,inactive,2008
1025403X,,inactive,1998
1025448X,20756674,inactive,2014
10255508,,inactive,2012
10255818,,inactive,2003
10256008,,inactive,2000
10256059,,inactive,2015
1025627X,,inactive,2000
10256873,,inactive,2002
10258140,,inactive,2002
1026115X,,inactive,1999
10262121,,inactive,2009
10262954,,inactive,1996
10263470,,inactive,2016
10263497,,inactive,1969
10263535,,inactive,2005
10263543,,inactive,2016
10263721,26636190,discontinued,2026
10266461,,inactive,2000
10270256,,inactive,2001
10273646,,inactive,1996
10273662,16078578,inactive,2005
10273956,,inactive,2015
10275193,,inactive,2015
10276599,,inactive,2001
10277358,,inactive,2019
1027779X,,inactive,2004
10280979,,inactive,2005
10282092,,discontinued,2018
10282327,16809378,discontinued,2016
10283315,,inactive,1997
10284001,14422034,inactive,2004
10285229,,inactive,2001
10285636,,inactive,2001
10285911,,inactive,2000
10285954,,inactive,2016
10286276,23641819,inactive,2022
10286284,,inactive,2011
10286624,,inactive,2012
10287825,20430469,inactive,2011
10287957,,inactive,2003
10288945,,inactive,2002
10289623,,inactive,2005
10289852,20721951,inactive,2005
10290540,,inactive,2016
10291962,,policy,2023
10292659,,inactive,2012
10293256,,inactive,1999
10293507,,inactive,2009
10293574,,inactive,1999
10293620,,inactive,2004
1029368X,,inactive,1999
10294414,,inactive,2010
10294864,,inactive,2014
10295097,,inactive,2010
10295925,,inactive,2006
10295933,,inactive,2009
10298622,,inactive,2005
10298770,,inactive,2005
10300112,18336914,inactive,2017
10300481,,inactive,2009
10302646,18328318,inactive,2018
1031170X,,inactive,2000
10313176,,inactive,1996
10321012,,inactive,2001
10321195,,inactive,2005
10323449,,inactive,2000
10325298,,inactive,2017
10331522,,inactive,2008
10336893,,inactive,2003
10338306,,inactive,2011
10338330,,inactive,2011
10344438,,inactive,2022
10346783,,inactive,2001
10347674,18348610,inactive,2014
10350772,20497776,inactive,2020
10351132,,inactive,2000
10353704,,inactive,2010
10356851,14422026,inactive,2003
10357319,,inactive,1995
10364005,,inactive,1997
10367128,,inactive,2016
10369708,,inactive,1995
10370544,15738590,inactive,1999
10372091,,inactive,1993
10372105,,inactive,2005
1037258X,,inactive,2017
10372911,18392520,inactive,2014
10373748,,inactive,2009
10375783,,inactive,2017
10381643,,inactive,2015
10382569,18394914,inactive,2013
10386807,,inactive,2018
1039091X,,inactive,2001
10392645,,inactive,1996
10394788,,inactive,2010
10397116,,inactive,2011
1039723X,,inactive,2010
10399712,,inactive,1999
10400257,,inactive,2003
10400486,,inactive,2003
10401237,15473325,inactive,2023
10401466,,inactive,2000
10402519,23310960,inactive,1998
10403108,,inactive,2000
10403973,,inactive,1990
1040550X,,inactive,2000
10405704,,inactive,1996
10405925,,inactive,1982
10406166,,inactive,1993
10406263,,inactive,1995
10407286,,inactive,1999
10407421,,inactive,1998
10407480,,inactive,2006
10407685,,inactive,2001
10407952,,inactive,1999
10408304,,inactive,2002
10408371,,inactive,2002
1040838X,,inactive,1992
10408460,,inactive,2016
10408827,,inactive,1996
10408878,,inactive,1997
10409564,18819885,inactive,2009
10411178,,inactive,1949
10411232,,inactive,2008
10412336,,inactive,2019
10412344,,inactive,2003
10412972,17457599,inactive,2013
10413235,,inactive,2002
10413480,,inactive,1996
10413499,,inactive,2003
10413766,,inactive,2013
10414665,,inactive,1998
10415505,26886855,inactive,2016
1041696X,,inactive,2011
10417826,,inactive,2020
10417958,,inactive,2005
10419918,15317005,inactive,2008
10420711,19306555,inactive,2010
10420967,15206440,inactive,2007
10421122,,inactive,2023
10421467,,inactive,2001
10421882,,inactive,2015
10422250,,inactive,2008
10422722,,inactive,2000
1042296X,2374958X,inactive,2004
10423915,1532172X,inactive,2013
10425179,10292365,inactive,2008
10426337,,inactive,2018
10426531,,inactive,1998
10426922,,inactive,1992
1042749X,,inactive,2008
1042752X,,inactive,1991
10428143,,inactive,1994
10428224,,inactive,2000
10429565,,inactive,1991
10429611,,inactive,1991
1042962X,,inactive,1994
10430652,,inactive,2002
10430733,,inactive,1991
10431543,15370844,inactive,2010
10431721,,inactive,1998
10431942,,inactive,1999
10432558,,inactive,2003
1043321X,18781918,inactive,2016
10433309,,inactive,1994
10434070,15353605,inactive,2012
10434356,,inactive,1993
10434518,,inactive,1993
10434542,15328457,inactive,2021
10434682,,inactive,1995
10435166,,inactive,1973
10435239,,inactive,2008
10437320,,inactive,1997
10437347,10990534,inactive,2001
10437932,,inactive,2023
10438092,,inactive,2017
10439366,,inactive,2001
10439471,,inactive,1996
10440046,15407578,inactive,2012
10440054,15407365,inactive,2007
10441891,,inactive,1995
10441980,,inactive,1991
10442030,,inactive,1991
10442057,19111568,inactive,2021
10443746,,inactive,2007
10443797,,inactive,1993
10444017,,inactive,2016
10444122,,inactive,2002
10444300,15414183,inactive,2013
10444386,,inactive,2006
10445471,,inactive,2004
10445765,10981284,inactive,1998
10445773,,inactive,1998
10445781,,inactive,1995
10446419,,inactive,2004
10446672,,inactive,2002
1044677X,21657254,inactive,2021
10447393,21688729,inactive,1998
1044758X,,inactive,2007
1044789X,,inactive,2009
10448403,,inactive,1998
10449167,,inactive,2016
10449442,,inactive,2004
10449493,,inactive,2007
10449523,,inactive,2002
10450203,,inactive,2000
10450483,,inactive,2014
10450920,,inactive,2020
10451765,,inactive,1997
10451870,,inactive,2006
10452699,15227111,inactive,1997
10452877,,inactive,2000
10453695,,inactive,2014
10453830,19391560,inactive,2019
10454241,,inactive,2005
10454411,15441113,inactive,2004
10454861,15499316,inactive,1995
10455418,,inactive,1997
10455485,,inactive,2001
10457828,,inactive,2008
10457984,,inactive,1996
10458077,,inactive,2017
10459227,,inactive,2011
10459235,15582620,inactive,1991
1045926X,10958533,inactive,2018
10460756,17454573,inactive,2010
10460764,,inactive,1992
1046199X,,inactive,2003
10463607,,inactive,1997
10464328,,inactive,2001
10464352,,inactive,1996
10464360,,inactive,1998
1046669X,15407039,inactive,2020
10466703,,inactive,1997
10466770,,inactive,2001
10466789,,inactive,2013
10467041,21694133,inactive,2016
10467386,,inactive,2002
10467394,,inactive,2016
10467459,,inactive,2002
10467467,,inactive,1994
10467475,,inactive,1992
10468595,,inactive,2005
10468641,,inactive,1990
10469095,,inactive,1992
10469354,,inactive,1995
10469516,,inactive,1999
10470336,,inactive,1992
10470387,,inactive,2000
10470719,,inactive,2010
10471928,,inactive,1953
10473149,,inactive,1992
1047322X,,inactive,2003
10473289,,inactive,2014
10474552,15271935,inactive,2018
10474749,,inactive,1999
10474757,15468356,inactive,2009
10474781,,inactive,1997
10475141,,inactive,2006
10475192,,inactive,2022
10475311,,inactive,2005
10475567,,inactive,1998
10475699,,inactive,1995
10477306,,inactive,2003
10477624,,inactive,1992
1047773X,,inactive,2001
10478892,,inactive,1997
10479325,,inactive,2019
10479422,,inactive,2003
10479627,,inactive,1993
10480293,,inactive,2006
10480935,,inactive,2000
10481842,,inactive,1991
10481990,,inactive,2001
10482687,,inactive,2000
10483055,,inactive,1997
10483624,,inactive,2004
10483632,,inactive,2004
10483640,,inactive,2003
10483799,,inactive,2004
10483802,,inactive,1998
10483810,,inactive,2004
10483888,,inactive,2004
10484167,,inactive,1995
10484396,,inactive,2006
10484477,,inactive,1992
10484876,1556486X,inactive,1995
10485317,,inactive,2016
10486690,,inactive,2009
10488251,,inactive,2007
10489533,16872177,inactive,2009
10489886,,inactive,2002
10490248,,inactive,2002
10490833,,inactive,1997
1049233X,,inactive,1999
10492364,,inactive,1997
10494871,,inactive,1992
10495118,,inactive,2003
10495150,,inactive,2002
10496467,15407357,inactive,2004
10496483,15286967,inactive,2009
1049801X,,inactive,2012
10498834,,inactive,1994
10498907,,inactive,2003
10499156,,inactive,2018
10499652,,inactive,1994
10499660,,inactive,1994
10501606,,inactive,2002
10501827,,inactive,1997
10502289,,inactive,2004
10502556,15404811,inactive,2023
10502947,10941622,inactive,2016
10503862,,inactive,1999
10505261,,inactive,2009
1050530X,,inactive,1988
10505636,,inactive,2004
1050575X,,inactive,2000
10505881,,inactive,2000
10506438,15344916,inactive,2016
10506586,15396290,inactive,2008
10506918,,inactive,1996
10507051,15410897,inactive,2009
10508414,15327108,inactive,2016
10509135,19381441,inactive,2014
10509267,,inactive,2009
10509364,,inactive,2009
1050964X,,inactive,1997
10509674,15408558,inactive,2024
10509844,,inactive,1998
10511733,,inactive,1996
10512144,15399192,inactive,2010
10512292,,inactive,1998
10512446,,inactive,1998
10515313,1943510X,inactive,2016
10515526,,inactive,1999
10516794,,inactive,1999
10517200,,inactive,2000
10517235,,inactive,2001
10517324,,inactive,2018
10517472,,inactive,1965
10518207,15582329,inactive,2000
10518266,,inactive,1998
10519831,,inactive,2005
10519858,,inactive,1997
10519998,10294929,inactive,2009
10520015,,inactive,1997
10520457,,inactive,2018
10520600,,inactive,1998
10521062,,inactive,1998
10521372,,inactive,2019
10521453,,inactive,2000
10521577,15575616,inactive,2016
1052214X,,inactive,1998
10522883,,inactive,1997
10522905,,inactive,2002
1052309X,,inactive,2000
10523359,,inactive,2003
10523421,,inactive,2003
10523901,,inactive,1996
10523928,,inactive,2019
10524207,,inactive,2007
10524231,,inactive,1998
10524924,,inactive,2005
10525572,,inactive,2011
10526781,,inactive,1997
10528040,,inactive,1995
10528776,,inactive,2000
10529306,,inactive,1994
10529411,15210677,inactive,2005
10529551,15334066,inactive,2015
10529950,,inactive,1998
10530495,15728870,inactive,2005
10530789,1573658X,inactive,2021
10530800,15733467,inactive,1996
10530894,,inactive,2015
10532528,,inactive,2007
10534180,,inactive,1995
10534245,14765519,inactive,2005
10534385,,inactive,2011
10534725,,inactive,1998
10535330,,inactive,2005
10535357,,inactive,2014
10535586,,inactive,2001
10535632,,inactive,1992
10536426,14350637,inactive,1998
1053749X,,inactive,1996
10537899,,policy,2024
1053816X,21684626,inactive,2016
10538348,,inactive,2010
10538550,,inactive,2004
10538720,15404056,inactive,2023
10538798,21687005,inactive,1996
1053881X,21687846,inactive,2005
10539557,,inactive,1995
10540407,,inactive,2009
1054044X,,inactive,1993
1054187X,,inactive,2009
1054206X,,inactive,1997
10542353,,inactive,2005
10543074,,inactive,2002
10543414,,inactive,2003
10545913,,inactive,1994
10547541,,inactive,1996
10548289,15501558,inactive,2021
10548505,,inactive,1994
10548793,,inactive,1997
10549692,,inactive,1993
10549714,,inactive,2003
10549803,,inactive,1995
10550305,,inactive,2001
1055050X,,inactive,2001
10551379,,inactive,2005
10551387,,inactive,2004
10553045,,inactive,1993
10553134,,inactive,2016
10556001,23750588,inactive,1995
10556699,,inactive,2000
10556818,,inactive,1996
10556877,15582604,inactive,1992
10556915,,inactive,2002
10557172,,inactive,1993
10557466,,inactive,1997
10557601,,inactive,1993
10558330,,inactive,1996
1055937X,,inactive,2005
10559612,10292322,inactive,2003
10562044,,inactive,1996
10562176,,discontinued,2016
10563466,,inactive,2002
10564764,,inactive,1998
10564772,,inactive,1994
10564942,,inactive,1999
10564950,,inactive,2001
10565477,,inactive,1994
10565884,,inactive,1998
10566163,15382982,inactive,2019
10567151,,inactive,1994
10567194,,inactive,2012
10567909,,inactive,1997
1056800X,,inactive,1994
10568077,,inactive,2006
10568670,,inactive,2001
10568700,15454266,inactive,2007
10568751,15398560,inactive,2008
10569014,,inactive,1999
10569170,,inactive,2019
10569189,,inactive,1997
10569219,17588529,inactive,2015
10569286,,inactive,2000
10570608,,inactive,2003
10570802,,inactive,2002
10572732,,inactive,1997
10572805,,inactive,1994
10573291,,inactive,2009
10573321,15470660,inactive,2008
10573526,,inactive,1998
10575022,,inactive,2012
10575634,10292349,inactive,2002
10575723,,inactive,2004
10576614,,inactive,2000
10577122,15581268,inactive,2003
10577130,1558125X,inactive,2004
10577629,23332379,inactive,2006
10577939,,inactive,2006
10578315,,inactive,2001
10578323,,inactive,1996
10579257,10990712,inactive,2000
10579389,,inactive,1992
10580271,,inactive,2000
10582452,15407012,inactive,2016
10583661,,inactive,1997
10583912,,discontinued,2017
10584323,,inactive,2001
10585095,,inactive,2002
10585885,,inactive,2001
10586628,,inactive,1999
10586687,,inactive,1994
10586741,1557797X,inactive,1994
1058708X,,inactive,2011
10587195,14679353,inactive,2009
1058725X,,inactive,2003
10587268,,inactive,2001
10587454,,inactive,2011
10587829,,inactive,2000
10587845,,inactive,1992
10588108,,inactive,2002
10588337,,inactive,1998
10589074,,inactive,1993
10589139,,inactive,1994
10589244,1875919X,discontinued,2023
10590501,15324095,inactive,2019
10590927,,inactive,2000
10591052,,inactive,2003
10591494,,inactive,2006
10591516,,inactive,2002
10592725,,inactive,1996
10593489,,inactive,1996
10594280,,inactive,2004
10594531,,inactive,2010
10595031,,inactive,2007
10597115,,inactive,1999
10597514,,inactive,1996
10597565,,inactive,2002
10599231,15286940,inactive,2023
10599258,,inactive,1996
10600051,,inactive,2002
10600558,,inactive,2005
1060071X,,inactive,2023
10601333,15322521,inactive,2016
1060135X,,inactive,2020
1060149X,,inactive,2019
10601694,,inactive,1875
1060278X,,inactive,1996
10603441,,inactive,2009
10603999,,inactive,2009
10604456,,inactive,1997
10605487,,inactive,2018
10605851,,inactive,1995
10606823,,inactive,2004
1060913X,,inactive,1997
10609172,,inactive,1997
10609393,15580423,inactive,2019
10611452,,inactive,2010
10611940,15580962,inactive,2022
10611959,,inactive,2020
10611967,15580431,inactive,2022
10611975,19447167,inactive,2020
10611991,,inactive,1999
10612009,,inactive,2002
1061222X,,inactive,1995
10613528,,inactive,1997
10613706,,inactive,1998
10613846,,inactive,2012
10615369,,discontinued,2015
10615385,10267883,inactive,2001
10616128,,inactive,1999
10617361,,inactive,1995
10617655,,inactive,1996
10619259,15326527,inactive,2006
10619364,,inactive,2005
10619526,,inactive,2001
10620249,,inactive,2009
10620257,,inactive,2000
10620265,,inactive,1999
10620273,23751088,inactive,1991
10620281,,inactive,1997
1062029X,,inactive,2016
10620311,,inactive,1997
10620346,,inactive,2012
10620656,,inactive,2002
1062094X,,inactive,2001
10621458,,inactive,2005
10623329,10292373,inactive,2008
10623345,,inactive,2000
10623388,,inactive,2019
10623604,16083326,discontinued,2017
10624732,15585735,inactive,2018
10626212,,inactive,2009
10626417,,inactive,1996
10627901,,inactive,2001
10628002,,inactive,2003
10628401,,inactive,1995
10630279,,inactive,2000
10631100,,inactive,2001
10631674,,inactive,2005
10632239,,inactive,2003
10633189,,inactive,2007
10633987,,inactive,2000
10634568,,inactive,1992
10635750,,inactive,1996
10635769,,inactive,2013
10635777,,inactive,2004
10636390,,inactive,1997
10636528,15580024,inactive,2000
10636552,15581861,inactive,1996
10636579,,inactive,2003
10636676,15582353,inactive,2005
10636692,15582566,inactive,2024
10637192,,inactive,2004
10637389,,inactive,1999
10637419,,inactive,2001
10637818,14684799,inactive,2022
10638490,,inactive,2005
10640517,,inactive,1998
10640525,,inactive,2002
1064122X,,inactive,2001
10641262,15476553,inactive,2013
10641858,,inactive,1996
10641866,,inactive,1996
10642277,,inactive,1995
10642315,,inactive,2021
10643842,,inactive,2016
10644849,,inactive,2010
10645136,,inactive,2000
10645454,,inactive,2006
10645586,,inactive,2018
10646000,,inactive,2000
10646345,,inactive,1999
10646655,,inactive,2012
10646671,,inactive,2023
1064668X,,inactive,2009
10647546,,inactive,1999
10647562,,inactive,2002
10648429,,inactive,1997
10649700,,inactive,2001
10649735,,discontinued,2025
10650555,,inactive,2009
10650741,,inactive,2014
1065075X,,inactive,2015
10650989,,inactive,2003
10651063,,inactive,1993
10651438,,inactive,2012
10652418,,inactive,2002
10652477,,inactive,1998
10652744,,inactive,1998
10653074,,inactive,1996
1065318X,,inactive,2003
10654704,,inactive,2002
1065514X,15635171,inactive,2018
1065609X,,inactive,2000
1065626X,,inactive,1997
10656278,,inactive,1997
10656766,,inactive,1998
10657258,17454522,inactive,2009
10657274,,inactive,2003
10657355,,inactive,1998
10657541,,inactive,1999
1065898X,,inactive,2007
10660763,,inactive,1996
10661271,,inactive,2015
10662944,,inactive,1996
10663614,,inactive,1993
10663851,,inactive,2002
10667814,15432718,inactive,2005
10667865,,inactive,1994
10667938,,inactive,2005
10668683,,inactive,2003
1066906X,,inactive,1998
10669442,,inactive,1999
10669809,,inactive,1991
10671064,,inactive,2000
10671684,,inactive,2001
10672214,,inactive,1995
10672389,,inactive,1996
10672478,,inactive,1998
10672583,,inactive,1996
10675582,,inactive,1996
10675671,,inactive,1997
1067568X,,inactive,2002
10675698,,inactive,2000
10675701,,inactive,1998
10675817,,inactive,2017
10676058,,inactive,2022
1067716X,15328538,inactive,2006
1067795X,,inactive,1995
10678239,,inactive,2002
1067828X,15470652,inactive,2024
10679642,,inactive,1994
10680640,15365956,inactive,2020
10680659,,inactive,2001
10681124,,inactive,1998
10681132,,inactive,1991
10682678,,inactive,2013
10682716,,inactive,2016
10682767,10290281,inactive,2003
10683097,15317064,inactive,2006
10683402,,inactive,1949
1068364X,19348398,discontinued,2024
10683844,,inactive,2020
10685685,,inactive,1997
10686037,,inactive,1999
10686061,,inactive,2005
1068607X,,inactive,2003
10686983,,inactive,1996
10686991,,inactive,1998
10687777,,inactive,2004
10688838,,inactive,2017
10689591,,inactive,2000
10690115,,inactive,1995
10691286,15477770,inactive,2003
10691456,,inactive,2000
10691502,,inactive,1976
10692533,,inactive,1999
10692665,,inactive,1998
10692673,,inactive,2000
10693130,,inactive,2001
10693599,,inactive,2015
1069417X,,inactive,2002
10694994,,inactive,2009
10695273,21943079,inactive,2023
10695699,,inactive,1993
10695850,,inactive,2000
10696571,,inactive,1997
10697292,,inactive,2006
10697438,,inactive,2004
10698299,10990887,inactive,2009
1069837X,,inactive,2003
10698825,,inactive,2009
10699422,,inactive,2002
10702830,,inactive,1995
10702903,,inactive,2001
10703241,,inactive,2002
10703535,14680041,inactive,2004
10703608,10290516,inactive,2018
10703667,,inactive,1998
10703683,,inactive,1998
1070437X,,inactive,1999
10704795,,inactive,2008
1070535X,,inactive,2002
10707212,1878755X,inactive,2009
10708030,15367959,inactive,2008
1070910X,15575608,inactive,2016
10709789,,inactive,2011
10709797,,inactive,1996
10709886,15583678,inactive,1998
10709894,15583686,inactive,1998
10709916,15580652,inactive,2001
10709924,1558190X,inactive,1998
10710906,,inactive,1997
10710949,,inactive,2003
10711023,,inactive,2014
1071121X,,inactive,2002
10712089,17519861,inactive,2019
10712984,,inactive,2016
10713778,,inactive,2006
1071412X,10986588,inactive,2005
10715517,,inactive,2004
10715568,2169415X,inactive,2016
10715576,15567117,inactive,2006
10716564,,inactive,1999
10717323,15508528,inactive,2005
1071832X,,inactive,2006
1071894X,,inactive,2002
10719946,,inactive,2004
10720162,15325318,inactive,2021
10720367,,inactive,2003
10721223,,inactive,1998
10721754,,inactive,1997
1072303X,15403572,inactive,2021
10724281,,inactive,1998
10724710,15383628,inactive,2013
10725490,,inactive,2005
10726039,,inactive,1994
10728368,,inactive,2003
10728929,,inactive,1999
10729240,,inactive,2004
10729550,,inactive,2000
10731180,,inactive,1998
10731199,15324184,inactive,2012
1073130X,,inactive,1995
10731318,,inactive,1997
1073161X,,inactive,1994
10731687,,inactive,2020
10731849,19382634,inactive,2013
10732551,,inactive,2000
10734449,,inactive,2004
10734511,,inactive,1998
10734651,,inactive,2006
10735070,,inactive,2000
10736514,,inactive,2003
10737227,,inactive,2019
10737472,,inactive,2005
10737774,,inactive,1999
10737782,,inactive,1999
10737898,,inactive,2008
10738606,,inactive,2021
1074133X,,discontinued,2025
10741550,,inactive,2001
1074164X,21614741,inactive,2023
10741690,,inactive,2001
10742328,,inactive,2000
10742395,,inactive,1995
10742921,,inactive,1996
10743022,,inactive,1999
10743219,,inactive,2001
10743227,,inactive,1999
10743804,,inactive,2004
1074407X,,inactive,2008
10744770,,inactive,2016
10745521,18791301,inactive,2015
10746218,,inactive,1999
10747443,,inactive,1999
10747877,,inactive,2006
1074861X,,inactive,1998
10749098,1879131X,inactive,2005
1074939X,,inactive,1997
10750207,,inactive,2002
10750592,,inactive,1999
10750673,,inactive,1995
10751270,,inactive,1957
10751297,,inactive,1948
10751807,,inactive,1998
10752838,,inactive,2003
10752994,,inactive,2012
10753753,,inactive,2005
10754210,,inactive,2002
10754261,,inactive,1999
10754385,,inactive,1981
10755535,15577708,inactive,2021
10755756,,inactive,1998
10756280,,inactive,2002
10757910,,inactive,2008
10758593,,inactive,2007
1075878X,,inactive,2002
10759298,,inactive,2011
10759417,,inactive,2001
10759565,15260984,inactive,2020
1076044X,,inactive,2003
10760644,,inactive,1967
10761616,,inactive,1999
10761632,,inactive,2005
10762191,,inactive,1999
10762809,15579085,inactive,2021
10762825,,inactive,2001
10763279,,inactive,2007
10763430,,inactive,1998
10763961,,inactive,1994
10764054,,inactive,1949
10765417,,inactive,1999
10767460,1751715X,inactive,2008
10768866,,inactive,2023
10769188,,inactive,2000
10770704,,inactive,2005
10770755,,discontinued,2016
10771042,,inactive,1998
10771204,,inactive,1997
10771824,,inactive,2007
10772014,1096116X,inactive,2005
10772413,,inactive,1999
10772847,15334120,inactive,2003
10772855,,inactive,2003
10772928,,inactive,1998
10773150,,inactive,1997
10773169,,inactive,1999
1077341X,,inactive,1999
10773495,,inactive,2003
10773525,20493967,inactive,2018
10774866,10991670,inactive,2009
10775889,,inactive,2007
10776222,,inactive,1998
10778586,,inactive,1988
10779248,,inactive,2007
10779450,,inactive,2000
10780297,,inactive,2009
10780351,,inactive,2002
10780467,,inactive,2002
10781528,,inactive,2009
10783024,,inactive,2000
10783377,,inactive,2008
10783482,,inactive,1995
10784470,,inactive,2004
10784500,,inactive,1998
10784519,19343418,inactive,2018
10784950,15325822,discontinued,2016
10785337,,inactive,2006
10786767,,policy,2023
10786791,,discontinued,2024
10787844,,inactive,1995
10787852,,inactive,1998
10787895,19332068,inactive,2012
10789537,,inactive,1998
10789669,19385587,inactive,2014
10790349,,inactive,1998
10790713,15389812,inactive,2005
10791760,,inactive,1998
10792104,1528395X,inactive,2011
10793003,,inactive,1999
10793259,,inactive,2001
10793917,,inactive,2002
10794042,,inactive,2019
10794050,,inactive,2002
10794794,,inactive,2001
10795057,,inactive,1999
10795383,,inactive,2008
10795545,21672725,inactive,2005
10796126,14699389,inactive,2020
10796134,,inactive,1995
10796533,,inactive,2023
10796630,21507090,inactive,2022
10797440,19482124,inactive,2022
10797726,,inactive,2003
10797998,,inactive,1996
10798250,,inactive,2016
10798765,,inactive,2001
10799869,,inactive,2016
10801707,,inactive,2001
10801820,,inactive,2002
1080286X,,inactive,2006
10802924,15236528,inactive,2014
10803920,15332128,inactive,2015
10804013,10982779,inactive,2007
10804293,,inactive,1998
1080563X,15273458,inactive,2007
10805699,15524191,inactive,2015
10805737,,inactive,2001
10805826,,inactive,2010
10806121,,inactive,2001
10807446,1525318X,inactive,2018
10807543,,inactive,2010
1080773X,,inactive,1997
1080806X,,inactive,1996
10808388,,inactive,2001
10808914,,inactive,1997
10810803,,inactive,1994
10810943,,inactive,2003
10811443,,inactive,2000
10811478,,inactive,1996
10811672,,inactive,2008
10811753,,inactive,1996
1081180X,1531328X,inactive,2007
10814000,,inactive,2008
10814442,,inactive,2000
10814507,15321541,inactive,2014
1081454X,,inactive,1999
10815880,,inactive,2009
1081650X,,inactive,1999
10817050,,inactive,2000
10818731,,inactive,1997
10819223,21635919,inactive,2015
10821015,,inactive,1996
10821821,,inactive,2004
10821848,,inactive,2004
1082295X,27716384,inactive,2019
10823069,,inactive,2003
10823131,,inactive,2006
10823174,,inactive,1999
10824006,,inactive,2008
10825010,,inactive,2000
10825207,,inactive,2000
10825657,,inactive,2009
10826319,,inactive,2010
10827579,,inactive,1998
1082801X,19381166,inactive,2013
10828419,,inactive,2001
10828672,,inactive,1997
10828893,,inactive,1998
10829784,15334015,inactive,2015
10830081,,inactive,2003
10830650,,inactive,2002
10832564,,discontinued,2016
10832912,,inactive,1998
10833404,,inactive,1999
10833455,,inactive,1999
10833552,,inactive,1996
10834087,1944706X,inactive,2015
10834117,,inactive,2015
10834400,,inactive,1998
10834419,19410492,inactive,2012
10834427,,inactive,2013
10837183,,inactive,2005
10838678,,inactive,2000
10838791,15236536,inactive,2020
10840184,,inactive,2004
10840680,19435576,inactive,2024
10840761,,inactive,1996
10841288,,inactive,2001
10842020,19306180,inactive,2022
1084208X,15584534,inactive,2015
10842756,,inactive,2004
10842764,,inactive,2000
10843612,,inactive,2003
10843647,,inactive,2000
10844902,23776366,inactive,2019
10845291,,inactive,2002
1084578X,,inactive,2002
1084628X,,inactive,2001
10846654,,inactive,2023
10846786,,inactive,2000
10847138,19405588,inactive,2013
1084824X,15360245,inactive,2005
10848479,,inactive,1996
10848592,,inactive,2005
10849017,10994785,inactive,2005
10849432,,inactive,2015
10849483,,inactive,1999
10850317,,inactive,1996
1085049X,,inactive,2003
10850635,,inactive,1997
10850872,,inactive,2000
10851089,,inactive,1999
10851259,,inactive,1999
10852360,,inactive,2004
10855629,15580768,inactive,2019
10855661,14693720,inactive,2003
10856781,,inactive,2011
10856862,,inactive,2008
10857605,,inactive,1998
10860819,,inactive,2022
10861653,,inactive,2018
10863982,,inactive,2008
1086508X,,inactive,2011
10865462,,inactive,2012
10865802,,inactive,2003
10866728,,inactive,1996
10867058,10983376,inactive,2017
10867872,,inactive,2013
10868259,,inactive,2003
10868747,,inactive,2002
1086900X,,inactive,2001
10870024,15291774,inactive,2020
10870571,1552454X,inactive,2017
10870652,19449631,inactive,2016
10870695,,inactive,2005
10871101,,inactive,2003
1087111X,,inactive,2001
10871667,,inactive,1999
10872817,,inactive,2007
10872906,,inactive,2009
10872957,,inactive,2003
10873244,19457359,policy,2025
10873678,,inactive,2004
10874003,,inactive,2001
10874208,1530017X,inactive,2013
1087495X,,inactive,2006
1087688X,,inactive,2016
10878378,10991786,inactive,2011
10878475,,inactive,1997
10878955,19394667,discontinued,2015
10879110,,inactive,2009
10879447,,inactive,2008
10879595,15282686,discontinued,2021
10880712,,inactive,2006
1088128X,,inactive,1999
1088145X,,inactive,2001
10883118,,inactive,2001
10883371,,inactive,2001
10883886,,inactive,2014
10884653,,inactive,1999
10885471,,inactive,2000
10885900,,inactive,2007
10886222,,inactive,2016
10886281,,inactive,2010
10887156,15503461,inactive,2021
10887180,,inactive,1997
10889388,,inactive,2002
10889981,24704741,inactive,2017
10891102,19435126,inactive,2016
1089232X,,inactive,1998
10893156,,inactive,2001
10893660,,inactive,1997
10893954,10917640,inactive,2005
10894179,15407020,inactive,2005
10894195,,inactive,1998
10895159,,inactive,2012
10895647,,inactive,1997
10895841,,inactive,1998
10896287,,inactive,2016
1089652X,,inactive,2016
10897089,15387305,inactive,2020
10897771,15580032,inactive,2012
10899480,,inactive,2002
10899758,,inactive,2018
1089988X,,inactive,2005
10900217,,inactive,2003
1090025X,,inactive,2010
10901574,,inactive,2008
1090185X,,inactive,1996
10902260,15502422,inactive,2006
10903771,14727242,inactive,2004
10903941,,policy,2024
10904522,,inactive,1998
1090655X,,inactive,2001
10906576,15577473,inactive,2008
10906592,,inactive,2000
10907173,,inactive,2002
10907491,,inactive,2000
10908366,,inactive,2014
10908633,,inactive,1997
10909508,,inactive,2002
10909524,,inactive,2004
10909931,,inactive,2018
10910220,,inactive,2011
10910506,,inactive,1996
10910646,,inactive,2023
10911332,15407624,inactive,2008
10911367,15287017,inactive,2007
10913211,21522790,inactive,2022
10913696,,inactive,2006
1091370X,,inactive,2013
10915222,,inactive,1998
10915362,,inactive,2001
10915923,,inactive,2006
10915982,,inactive,1998
1091630X,,inactive,2000
10916318,,inactive,2001
10916660,,inactive,2003
10916768,,inactive,2002
10917306,,inactive,2007
10917853,,inactive,1998
10918280,,inactive,1997
10920110,,inactive,2005
10920811,,inactive,2021
10923063,15580849,inactive,2000
1092440X,,inactive,2005
10924450,,inactive,2008
10926410,15577694,inactive,2004
10926607,,inactive,2015
10926704,,inactive,2005
1092678X,,inactive,2003
10926798,15404714,inactive,2008
10928057,,inactive,2004
10928073,,inactive,2005
10928472,1534309X,inactive,2008
10928618,,inactive,2007
10928987,,inactive,2021
10929088,10970150,inactive,2015
1092910X,,discontinued,2025
10929541,,inactive,1999
10930191,,inactive,2004
10931783,,inactive,2001
1093507X,15578860,inactive,2008
1093670X,,inactive,2001
1093975X,,inactive,1999
10940375,,inactive,1998
10940529,,inactive,2017
10940626,,inactive,2002
10941304,,inactive,2015
10941525,,inactive,2023
10942521,,inactive,2000
1094253X,,inactive,2002
10942831,,inactive,2002
10944540,,inactive,2001
10944656,2832093X,inactive,2017
10945334,,inactive,2005
10945458,,inactive,2003
10945512,,inactive,2000
10945857,,inactive,1997
10946098,15286886,inactive,2006
10946195,,inactive,2001
10946470,19300212,inactive,2023
10946829,,inactive,2000
10946977,15582442,inactive,2012
10947167,23749423,inactive,2002
10948007,15326896,inactive,2023
10948465,,inactive,1997
10948848,,inactive,2006
10949224,15577406,inactive,2016
10949313,15578364,inactive,2009
10950397,,inactive,2000
10950656,,inactive,2007
10951415,,inactive,2011
10951598,,inactive,2013
10954155,,inactive,2000
10955100,15251411,inactive,2001
10955127,,inactive,2008
10956298,15282678,discontinued,2016
10958940,,inactive,1999
10961372,,inactive,2007
10962190,18790232,inactive,2000
10962867,,inactive,2007
10962883,15585050,inactive,2019
10963685,15282635,discontinued,2021
10963715,,inactive,1997
10963936,15581179,inactive,2009
10964045,15733629,inactive,2005
10964304,,inactive,2011
10964940,18791115,inactive,1997
10965572,,inactive,2019
10965645,,inactive,2008
10965904,,inactive,2016
1096598X,,inactive,2007
10966293,,inactive,2010
10966323,,inactive,2007
10966781,,inactive,2005
10967699,,inactive,1999
10968520,,inactive,2003
10968954,15363740,inactive,2002
1096942X,,inactive,2012
10970819,,inactive,2000
10970835,,inactive,1999
10971467,15580997,inactive,2021
10971963,,inactive,2005
10973532,,inactive,2005
10974768,,inactive,2006
10975152,,inactive,2000
1097721X,,inactive,2000
10978135,,discontinued,2014
10979328,,inactive,2001
10979336,,inactive,2001
10979530,,inactive,2000
10980121,1550235X,inactive,2018
10983511,15226662,policy,2025
10983597,18734480,inactive,2009
10987126,,inactive,2002
10987134,,inactive,2000
10987886,15389049,inactive,2013
10988351,,inactive,2002
10988394,15282651,discontinued,2019
10988416,,inactive,2008
10989153,,inactive,1999
10990062,19448775,inactive,2012
10990399,21611882,inactive,2021
1099193X,,inactive,2000
1099274X,,inactive,2021
10992871,15231496,inactive,2020
10994130,,inactive,2023
10998047,,inactive,2001
1099811X,,inactive,2010
10998128,15389685,inactive,2002
10998209,,inactive,2001
10998268,,inactive,1998
10999264,19394675,discontinued,2021
11001704,,inactive,2004
11001801,,inactive,1992
11013923,,inactive,1995
11018267,,inactive,2010
11023309,,inactive,2003
11024151,17419271,inactive,2002
11026480,16512359,inactive,2005
11026510,,inactive,2000
11036966,,inactive,2001
11045825,,inactive,2002
11060972,,inactive,2017
11082682,,inactive,2007
11082976,,discontinued,2018
11085142,,inactive,1999
11087366,1791809X,discontinued,2015
11089628,22418121,policy,2022
11092742,22242864,discontinued,2014
11092750,22242872,discontinued,2014
11095350,,inactive,2023
11097655,11097647,inactive,2022
11100168,20902670,discontinued,2025
11105313,,inactive,2003
11107243,11107251,inactive,2012
11108657,16870433,inactive,2006
11125209,,policy,2024
11143800,,inactive,2015
11152613,,inactive,2016
11162775,,inactive,2008
11188561,23216689,inactive,2022
11195096,,policy,2024
11200146,,inactive,1997
11200391,,inactive,1992
11200421,,inactive,1999
11201908,,inactive,2001
11202254,,inactive,1997
11202467,,inactive,2004
11202742,20390076,inactive,2018
11203137,,inactive,2000
11203455,,inactive,2006
11203560,,inactive,2000
11203803,,inactive,1998
11203846,,inactive,1997
11203862,,inactive,1995
11204826,1827160X,inactive,2021
11205776,,inactive,2014
11205989,17208416,inactive,2008
11206373,,inactive,2012
11207388,15737063,inactive,2001
11207434,,inactive,2002
11208538,,inactive,1994
11208651,,inactive,2009
11208686,,inactive,2009
11209976,,inactive,2009
11211075,,inactive,1994
11211709,,inactive,2001
1121189X,20381816,inactive,2010
11211946,,inactive,1994
11212098,,inactive,1999
1121418X,,inactive,1990
11214201,,inactive,1991
1121421X,18271642,inactive,2021
11217588,,inactive,2011
11217596,,inactive,2007
11218142,,inactive,2006
11218460,,inactive,2010
11219017,,inactive,2007
11219130,2385264X,inactive,1996
11219696,,inactive,2018
11219750,,inactive,1999
1122035X,,inactive,2003
11220538,,inactive,1999
11221151,15728390,inactive,2023
11222247,,inactive,2000
11222654,,inactive,1998
11222824,,inactive,1989
11225807,,inactive,1997
11226331,1825957X,inactive,2014
11227176,,inactive,1996
11228385,1538523X,inactive,2003
11228628,,inactive,2008
11228652,,inactive,1999
11228679,,inactive,2003
11229497,,inactive,2007
11235063,,inactive,2004
11239395,,inactive,2009
1124139X,,inactive,1997
11241845,18275672,inactive,1847
11243031,,inactive,2006
11243163,,inactive,1997
1124318X,15418251,inactive,2014
11247169,,inactive,2015
11248874,,inactive,1996
11248882,,inactive,2009
11250003,17485851,inactive,2016
11250135,,inactive,2003
11251263,19724950,inactive,2012
11255196,19744854,inactive,2020
11255552,,inactive,2003
11255579,,inactive,2010
11258055,,inactive,1999
11259078,,inactive,2011
11259183,,inactive,2003
11262737,,inactive,1997
11266244,,inactive,2020
11269510,,inactive,1996
11269952,,inactive,2001
11270020,1825151X,inactive,2005
11271035,23852658,inactive,1995
11274867,,inactive,2010
11276061,18248225,inactive,2012
11276126,,inactive,1999
11276339,17233976,inactive,2009
11282045,,inactive,2008
11283602,22840729,discontinued,2024
11284293,,inactive,2011
11286768,18243789,inactive,2016
1128935X,,inactive,2001
1129471X,,inactive,2005
11294728,,inactive,2005
11298596,20397879,inactive,2011
11298758,,inactive,2005
11300094,,inactive,1991
11302283,,inactive,1997
11303204,,inactive,2002
11304251,,inactive,1999
11304995,23854499,inactive,1997
11305665,,inactive,2007
11309741,,inactive,2019
11309903,,inactive,1991
11313587,15792250,inactive,2023
11315253,,inactive,1998
11315768,,inactive,2003
11316756,18864856,inactive,2010
11317965,,inactive,2011
11320095,,inactive,2014
11320249,,inactive,2017
11321261,,inactive,1997
1132239X,19885636,policy,2025
11323973,,inactive,1962
11328460,15781844,inactive,2009
11329483,,policy,2024
11330376,,inactive,1998
11333197,16975731,discontinued,2021
1133455X,,inactive,2018
11339160,,inactive,1996
1133990X,,inactive,1996
1134282X,18871364,inactive,2017
1134315X,,inactive,1999
11343230,,inactive,2015
11343478,19883293,policy,2023
11347198,,inactive,2015
11347708,,inactive,2010
11347872,,inactive,1999
11350946,,inactive,1998
11350970,,inactive,2004
11352523,,inactive,2015
11352760,,inactive,2006
11352841,,inactive,2012
11357606,,inactive,2018
11358122,,inactive,2010
11358599,,policy,2024
11358831,,discontinued,2016
11370351,,inactive,2000
11372273,,inactive,2007
11372834,,inactive,2004
11378174,16950224,inactive,2012
11380322,,inactive,2010
11382074,21719721,discontinued,2017
11385758,,inactive,2013
11386029,,inactive,2005
11386045,15781941,inactive,2011
11387165,,inactive,2000
11390921,,inactive,2011
11391375,,inactive,2014
11392096,,inactive,2006
11392436,,inactive,2007
11394714,,inactive,2008
11394773,,inactive,2009
11396202,27941140,discontinued,2017
11397357,,inactive,2014
11404639,,inactive,1993
11422785,17604826,inactive,2015
11460733,,inactive,2004
11465735,,inactive,1999
11477806,17775922,inactive,2013
11496576,19506937,inactive,2010
11510285,,inactive,2017
11515422,,inactive,1996
11532424,,inactive,1999
11542799,,inactive,1997
11551704,,inactive,2019
11553316,20346468,inactive,2023
11554304,,inactive,1997
11554312,,inactive,1997
11554320,12864897,inactive,1997
11554452,,inactive,2004
11570466,,inactive,2019
11571489,,inactive,2003
11571497,,inactive,2018
11574186,,inactive,2000
11575999,,inactive,2011
11581336,,inactive,2005
11581360,18781829,inactive,2022
1160932X,,inactive,1954
11610492,,inactive,2022
11619317,,inactive,2011
11619473,,inactive,2017
11631961,,inactive,2005
11634723,,inactive,2000
11644796,,discontinued,2018
11645571,,inactive,1998
11646756,,inactive,2001
11650354,,inactive,2015
11651083,,inactive,1999
11662654,17605377,inactive,2012
11667087,,inactive,2023
11691018,,inactive,1998
11698446,,inactive,1999
1172028X,,inactive,2004
11721979,,inactive,1994
11724382,11779837,inactive,2011
11727039,,inactive,1996
11730250,,inactive,2002
11732032,,inactive,2021
11732571,,inactive,2003
11737956,,inactive,2006
11738790,,inactive,2008
11739126,15327612,inactive,2009
11740043,,inactive,2023
11742135,,inactive,2005
11743379,11764201,inactive,2015
11747986,22531815,inactive,2014
11752025,,inactive,2004
11752203,,inactive,2005
11753455,,inactive,2004
11755636,,inactive,2006
11756349,,inactive,2006
11756365,,inactive,2003
11759038,,inactive,2006
11762322,17542103,discontinued,2023
11762330,,inactive,2005
11762551,,inactive,2006
11762888,,inactive,2018
11763450,,inactive,2006
11769785,,inactive,2011
11771828,22532129,inactive,2020
11786450,,inactive,2009
11791586,,inactive,2022
11795557,,inactive,2018
11802332,,inactive,2005
11809175,,inactive,2007
11816058,,inactive,2003
11817186,19278918,inactive,2009
11818778,,inactive,1996
1181912X,23688076,inactive,2015
11819510,,inactive,1997
1183112X,,inactive,2017
11837306,,inactive,1996
11853638,,inactive,2009
11880325,,inactive,1993
11883669,,inactive,1996
11883774,,inactive,2021
11884169,14818531,inactive,2009
11888725,,inactive,2006
11925612,,inactive,2000
11928336,,inactive,2011
1195096X,19207239,inactive,2022
11952199,,inactive,2016
11952695,,inactive,2003
11953071,,inactive,2010
11953101,,inactive,1999
11954507,,inactive,1997
11955252,,inactive,2000
11978554,,inactive,2018
1200670X,,inactive,1996
1201026X,,inactive,2012
12012580,,inactive,1999
12013080,24089443,inactive,2016
12031178,,inactive,1997
12038407,23711175,discontinued,2018
1203844X,,inactive,2002
12045357,,discontinued,2016
12056626,,inactive,2013
12056685,,inactive,2009
12057398,,inactive,2018
12058890,,inactive,1997
12062138,,inactive,2002
1206548X,,inactive,1999
12086606,,inactive,1997
12100048,,inactive,2010
12100366,,inactive,2006
12102695,,inactive,1997
12103209,,inactive,1997
12103527,,inactive,2002
12106313,,inactive,2016
12107182,,inactive,1998
1210762X,18034551,inactive,2014
12107824,,inactive,2001
12107867,,discontinued,2017
12107905,,discontinued,2017
12107921,25709402,discontinued,2018
12108197,,inactive,2006
1210955X,12133248,discontinued,2018
12110329,18046495,inactive,2016
12111074,18046096,inactive,2012
1211247X,,inactive,2005
12113395,,inactive,2010
12113778,,inactive,2017
12120634,12126861,discontinued,2016
12121185,12138312,inactive,2014
12123536,1212687X,discontinued,2016
12124540,18018653,inactive,2020
12126721,,inactive,2009
12127299,18035256,inactive,2019
12129887,,inactive,2002
12130028,18057632,inactive,2016
1213323X,,inactive,2012
12149942,,inactive,1950
12149950,,inactive,1954
12155950,,inactive,2019
12160555,,inactive,1999
12162574,15882616,inactive,2016
12168068,,inactive,2001
12168076,15882624,inactive,2016
12172545,,inactive,2014
12173231,,inactive,1994
12178837,,inactive,2023
12178969,,inactive,2000
12178977,15871037,inactive,2012
12193933,,inactive,2014
12197580,15882675,inactive,2006
12199087,,inactive,2010
12200859,,inactive,1988
12200875,,inactive,2014
12200905,,inactive,1990
12200913,,inactive,1984
12201898,,inactive,1990
12203696,,inactive,2011
12203734,,inactive,1987
12205109,,inactive,1990
12205249,,inactive,2013
12205532,,inactive,2017
1220580X,,inactive,1992
12205818,,inactive,1993
1220871X,18440401,inactive,2011
12209848,,inactive,2002
1221356X,,inactive,2000
12214167,,inactive,2005
12222119,20668872,inactive,2018
12223891,,inactive,2016
12234974,,inactive,2004
12242780,18432875,inactive,2022
12243450,23931876,inactive,2013
12245593,20677855,inactive,2016
12245984,,discontinued,2016
12247073,,inactive,2015
12248398,22478655,inactive,2017
12253804,,inactive,1997
12255017,27652807,inactive,2022
12255467,,inactive,2013
12255947,,inactive,2001
12258563,2234246X,inactive,2018
12258687,02191024,inactive,2008
12259438,,inactive,1995
12259594,22884203,inactive,2023
12260282,,inactive,1995
12260479,,inactive,2003
1226072X,,inactive,1998
1226332X,,inactive,2011
12263923,,inactive,2014
12264709,24658278,inactive,2024
12264776,20936885,inactive,2016
12264865,,inactive,2004
12265071,,inactive,2000
12282472,,inactive,2016
12293067,25087908,discontinued,2020
1229828X,,inactive,2021
12299502,,inactive,2002
12301485,,discontinued,2026
12303100,,inactive,2005
12305359,,inactive,1995
12306002,16890302,inactive,2004
12306169,,inactive,2021
12306428,20836139,inactive,2017
12306894,26575868,inactive,2023
12306967,,inactive,2002
12308323,,inactive,2017
12311960,,inactive,2007
12316407,,inactive,2010
1232308X,,inactive,2011
12329142,,inactive,2013
1232986X,,inactive,2014
12329878,,inactive,2000
12329886,20835728,inactive,2014
12330132,,inactive,1997
12330167,,inactive,1995
12334723,,inactive,2006
1234625X,,inactive,2007
12349496,,inactive,2001
12350605,14550865,inactive,2011
12350613,,inactive,2001
12350621,14550849,inactive,2011
12367850,,inactive,2016
12388785,,inactive,2009
12390518,,inactive,2002
12390992,14573806,inactive,2003
1239629X,17982383,inactive,2020
1239632X,,inactive,2010
12404535,,discontinued,2018
12404543,,inactive,2018
12404551,,inactive,2000
12408093,17775582,inactive,2013
12415294,,inactive,1994
12432504,,inactive,1950
12436933,,inactive,2000
12444014,,inactive,1950
12444022,,inactive,1961
12448168,,inactive,2003
12452092,17821487,discontinued,2017
12499951,,inactive,1999
12503274,,inactive,2005
12503347,,inactive,1995
12506559,,inactive,2005
12518050,,inactive,2002
12518069,,inactive,1996
12526576,17775388,inactive,2024
12534404,,inactive,2001
12537020,19524048,inactive,2016
12538078,,inactive,2015
12547670,,inactive,1999
1255250X,,inactive,2016
12570273,17683084,inactive,2009
12585769,,discontinued,2018
12588210,1950697X,inactive,2013
12595969,,discontinued,2018
12595977,,discontinued,2018
12595985,,discontinued,2018
12623601,,inactive,1999
12646520,19524099,inactive,2020
12647527,19506368,discontinued,2018
12655449,21184496,inactive,2023
12656534,,inactive,2004
12660167,,inactive,2003
12665371,,inactive,2014
12674397,24251356,inactive,2023
12677167,,inactive,2007
12691496,,inactive,2013
12693286,12798509,inactive,2000
12700835,,inactive,2018
12709050,17775302,inactive,2016
12729752,19552424,inactive,2011
12729949,26083515,inactive,2018
12732761,21051011,inactive,2017
12790958,,inactive,2007
12795127,19631014,inactive,2019
12798479,18785743,inactive,2000
12801437,,inactive,2009
12824038,,inactive,2000
12836656,,inactive,1999
12846090,,inactive,2022
12848360,,inactive,2007
12860107,,discontinued,2017
12860921,,inactive,2009
1287258X,17762839,discontinued,2017
12874620,,inactive,2000
12877352,21025169,inactive,2017
12912530,,inactive,2022
12927953,,inactive,1999
12938882,,inactive,1997
12944475,19538189,inactive,2021
12945501,,inactive,2010
12950661,17606128,inactive,2010
12959022,1778428X,inactive,2012
12959359,25529897,inactive,2003
12962139,17652960,inactive,2011
12962147,,inactive,2001
12969281,,inactive,1985
12973203,17696666,inactive,2015
12975354,,inactive,2021
12976318,,inactive,2007
12979562,,inactive,2008
12979570,18783597,inactive,2007
12979589,17696682,inactive,2016
12992518,,inactive,2002
13000160,13036157,inactive,2014
13000306,21469024,inactive,2018
13000438,,inactive,2000
13000543,,inactive,1998
13000594,,inactive,2003
13000659,21498695,inactive,2017
13000675,,inactive,1996
13000683,,inactive,2006
13000691,,inactive,2011
13001361,,inactive,2019
13001817,13021664,inactive,2017
1300199X,,inactive,2017
13002996,,inactive,2013
13003453,,inactive,2022
13004301,,inactive,1998
13004360,,inactive,2004
13004433,,inactive,2019
13004832,21482403,discontinued,2024
13005227,,inactive,1999
1300526X,,inactive,2014
13005286,13079034,inactive,2008
13005804,13084631,inactive,2017
1300638X,,inactive,2005
13006614,,inactive,1997
1300669X,,inactive,2006
13006738,,inactive,2006
13006827,,inactive,1997
13006878,13088475,inactive,2017
13007475,,inactive,2016
13007718,,inactive,2018
13008757,,inactive,2018
13008773,13044591,inactive,2020
13009141,13086324,inactive,2010
13009583,2717896X,inactive,2023
13011375,21469113,discontinued,2016
13012193,13089846,inactive,2023
13013149,,inactive,2010
13017667,,inactive,2022
13018566,,inactive,2017
13018825,,inactive,2005
13018841,,inactive,2016
13019309,,inactive,2006
13020234,,inactive,2018
13021192,,inactive,2020
1302597X,25288911,policy,2025
13026631,,policy,2022
13027808,13085387,inactive,2016
13028723,13080032,inactive,2015
13030914,,inactive,2018
13031783,13031775,inactive,2011
13033646,,inactive,2014
13036521,,discontinued,2017
1303734X,,inactive,2016
13043889,13043897,inactive,2018
13047361,,inactive,2014
13055267,,inactive,2008
13055550,,discontinued,2017
13058282,13090313,inactive,2020
13059076,1305905X,discontinued,2022
13060015,13086278,inactive,2019
13060945,,inactive,2016
13066137,21479615,inactive,2022
13068814,13071173,inactive,2015
13071130,21460108,discontinued,2017
1307699X,,inactive,2015
1308416X,13084178,inactive,2015
13087711,,discontinued,2014
1308772X,,discontinued,2014
13090291,13090283,inactive,2015
13090658,13090674,inactive,2017
13090720,13092014,discontinued,2017
1309100X,,discontinued,2025
13091506,13090348,discontinued,2022
13091689,13096222,inactive,2019
13094572,21463298,inactive,2016
13096680,13096745,inactive,2014
1310392X,13141929,discontinued,2017
13104284,,inactive,2020
13104772,,discontinued,2025
13107798,,inactive,1996
13107828,,inactive,2003
13108131,26830787,discontinued,2017
1310912X,,inactive,2010
13111728,13148060,discontinued,2025
13115065,,discontinued,2025
13117629,13143859,inactive,2014
13118080,13143395,discontinued,2016
13118706,,discontinued,2017
13119095,,inactive,2008
13120832,,inactive,2006
13122517,,inactive,2017
1312885X,13147552,discontinued,2016
13128876,,discontinued,2016
13131311,13147609,discontinued,2016
13136569,13147641,discontinued,2016
13150855,,inactive,2009
13152068,,inactive,2008
1315642X,,inactive,2009
13165216,24779555,discontinued,2020
13179152,,inactive,2012
13192388,,inactive,2011
13200682,,inactive,2008
13201271,14400952,inactive,1998
1320145X,,inactive,2001
13203185,,inactive,2013
13205323,,inactive,2013
13205455,,inactive,2001
13206095,,inactive,1996
13206133,,discontinued,2018
13209787,,inactive,2001
13217720,,inactive,2005
13217844,,inactive,2011
13218166,20497792,inactive,2023
13221698,,inactive,2002
13222384,,inactive,1999
13224913,,inactive,2018
13228803,,inactive,2005
13229214,22090134,inactive,2020
13233475,,inactive,2010
13235109,,inactive,2015
13237969,,inactive,1997
13238922,18386059,inactive,2021
13241435,,inactive,2010
13242296,,inactive,2000
13242881,,inactive,1996
13243780,,inactive,2001
13244175,,inactive,2014
13258273,1838448X,inactive,2007
13261932,,inactive,2020
13262971,,inactive,1997
13263390,,inactive,2016
1326365X,23215410,inactive,2021
13266756,14406055,inactive,2013
13274414,,inactive,2012
13280163,,inactive,1999
13288318,,inactive,2014
13296221,,inactive,2007
13300008,13339125,inactive,2010
13300016,13339133,inactive,2011
13300067,,discontinued,2021
13300091,,inactive,2019
13300164,,inactive,2023
13300466,,inactive,1997
13300652,13339117,discontinued,2018
13300938,,inactive,1997
1330187X,,inactive,2019
13307274,,inactive,2023
13307665,,inactive,2013
13310151,,inactive,2011
13311182,18485782,policy,2022
13312758,,inactive,2000
13312820,18487769,inactive,2023
13350013,,inactive,2017
1335048X,,inactive,2005
13350560,,inactive,2005
13356372,,inactive,2005
13356380,,inactive,2005
13356399,,inactive,2005
13358987,13394533,inactive,2023
13373463,13387227,inactive,2018
13380230,13370960,inactive,2024
13383515,,inactive,1956
13402544,,inactive,2016
13402781,,inactive,2003
13403397,,inactive,1994
13408046,,inactive,2000
13408054,13475371,inactive,2007
13408062,,inactive,1999
13409654,,inactive,1995
13411268,,inactive,2012
13411683,,inactive,2004
13412051,24363294,discontinued,2022
13413473,,inactive,1998
13417738,13475878,inactive,2022
13418963,,inactive,2016
13420054,,inactive,2013
13423819,,inactive,2019
13424327,,inactive,2016
13424815,18840205,inactive,2022
13430874,,inactive,2005
13432826,18811191,discontinued,2018
13433490,,inactive,2011
13433873,,inactive,2020
13434284,,inactive,2006
13434500,13448994,discontinued,2017
13440241,18781837,inactive,2022
13441272,,inactive,2015
13441388,,inactive,2003
13444964,,inactive,2006
13446231,,inactive,2006
13447653,1347538X,inactive,2007
13447912,13475363,inactive,2007
13449656,,discontinued,2020
13449702,13475207,inactive,2011
13449931,,inactive,2007
13449958,,inactive,2000
13453475,13475355,inactive,2005
13454617,,inactive,2018
13455354,21869634,inactive,2016
1345711X,15700267,inactive,2016
1345868X,1880148X,inactive,2018
13459996,,inactive,2004
13460358,,inactive,2001
13463276,,inactive,1997
13465597,,inactive,2020
1346602X,,inactive,2015
13467271,,inactive,2006
13468650,,inactive,2016
13472194,21873240,inactive,2016
13479466,,discontinued,2017
13480545,,inactive,2009
13480693,13494244,inactive,2015
13484478,,inactive,2004
1348513X,18798136,inactive,2008
13486012,13499262,inactive,2013
13488341,,inactive,2005
13489151,13498169,inactive,2012
13493205,,inactive,2017
13494724,13494740,inactive,2010
13498614,13498606,inactive,2014
13500961,,inactive,2008
13502344,,inactive,2006
13502352,,inactive,2006
13502360,13597051,inactive,2006
13502379,,inactive,2006
13502387,13597027,inactive,2006
13502395,13597086,inactive,2006
13502409,,inactive,2006
13502417,1359706X,inactive,2006
13502425,,inactive,2006
13502433,13597078,inactive,2006
1350245X,13597108,inactive,2006
13502794,,inactive,2009
13502808,,inactive,1999
13502816,,inactive,2001
13502840,,inactive,2005
13504789,1879100X,policy,2024
13504894,,inactive,1995
13506277,,inactive,2003
13506773,,inactive,2000
13507702,,inactive,1998
13509349,,inactive,1997
13509357,,inactive,2000
13509829,,inactive,2005
13510029,,inactive,1998
13510266,,inactive,1996
13510363,,inactive,1995
13510622,,inactive,2000
13510886,,inactive,2003
13511416,,inactive,2001
13513249,14698110,inactive,2024
13514393,,inactive,1998
13515462,,inactive,2002
13516647,,inactive,2017
13517848,,inactive,2004
13518372,,discontinued,2017
13518488,,inactive,1999
13519603,,inactive,2001
13520237,,inactive,2004
13522329,,inactive,1994
1352237X,,inactive,1991
13522450,,inactive,2010
13522523,,inactive,2015
13522779,14790793,discontinued,2018
13523279,17439116,inactive,2012
13523929,,inactive,2003
13524755,,inactive,2004
13527592,17586860,inactive,2025
13527606,17586089,inactive,2015
13527797,,inactive,1999
13527967,,inactive,2008
13528513,,inactive,1997
13528769,,inactive,2003
13528882,,inactive,2008
13528963,14693410,inactive,2011
13530224,,inactive,1999
13531131,,inactive,2006
13532561,,inactive,2003
13532642,,inactive,2000
1353274X,,inactive,1996
13533339,14701057,inactive,2001
13534858,18729371,policy,2024
13535188,,inactive,2003
13535226,,inactive,2002
13536117,,inactive,2004
13536184,,inactive,2010
13538012,,inactive,1998
1353808X,,inactive,2005
1353825X,,inactive,1999
1353985X,,inactive,2017
13542516,14391104,inactive,2020
1354313X,,inactive,1995
13544063,,inactive,2008
13544195,,inactive,1997
13545981,,inactive,2022
13550691,,inactive,2005
1355185X,,inactive,2001
13552198,18792502,inactive,2020
13552570,,inactive,2004
13552910,,inactive,1996
13555111,,inactive,1998
13555146,14721481,inactive,2014
13555618,,inactive,1997
13555626,,inactive,2001
13556568,,inactive,1996
13557610,,inactive,2012
13558404,,inactive,1997
13560751,,inactive,2000
13561049,,inactive,1998
13562622,17581028,inactive,2017
13563378,,inactive,1996
13563807,,inactive,1998
13565389,,inactive,2006
13565524,14736810,inactive,2018
1356644X,,inactive,2019
13566881,,inactive,1997
1356689X,15322769,inactive,2016
13569082,14698498,inactive,2003
1356918X,,inactive,1998
13569287,,inactive,2010
13573292,,inactive,2003
13574310,,inactive,2000
13575007,,inactive,1998
13575201,,inactive,2013
13575309,14664534,inactive,2001
13575325,15731448,inactive,2001
13575341,,inactive,1999
13576283,14695804,inactive,2023
13577298,1748748X,inactive,2006
1357731X,,inactive,2022
13577336,,inactive,2006
13578170,1528252X,inactive,2011
13579215,,inactive,1996
13580671,,inactive,2007
13581066,,inactive,2007
13581538,,inactive,2009
13582283,,inactive,2002
13583719,,inactive,2007
13583948,15731995,inactive,2007
13586173,,inactive,2007
13586653,,inactive,1997
13588257,,inactive,1998
13588672,,inactive,1998
13590197,,inactive,1993
13590278,,inactive,1998
13590847,13646907,inactive,2008
13594117,1533869X,inactive,2020
13595229,,inactive,2001
13596004,,inactive,2000
13596128,,inactive,2010
13597337,,inactive,1999
13597388,,inactive,2001
13598155,,inactive,2002
13598635,,inactive,2001
13599364,,inactive,2018
13601105,,inactive,2003
13602004,14699591,inactive,2023
13604015,,inactive,2005
13606263,,inactive,1993
13606417,14692155,inactive,2001
13606719,1466450X,inactive,2014
13607413,13654624,inactive,1997
13608495,,inactive,1999
13610244,,inactive,1997
1361164X,,inactive,2005
1361259X,15323366,inactive,2006
13612611,15322173,inactive,2006
13613111,,inactive,2009
1361326X,,inactive,2005
13613723,18737056,policy,2024
13615874,,inactive,1998
13615939,14698323,inactive,2002
13617583,,inactive,1999
13619004,,inactive,2006
13619195,,inactive,2001
13619470,,inactive,2004
13619543,,inactive,1996
13619918,,inactive,2005
13620347,1468960X,inactive,2022
13620452,,inactive,1999
13621807,17404568,inactive,2006
13622013,,inactive,1996
13623265,,inactive,2001
1362363X,,inactive,2013
13629360,,inactive,2002
13629379,,inactive,1997
13630601,14799014,inactive,2003
13632094,,inactive,1998
1363268X,,inactive,2002
1363271X,,inactive,2007
13634054,,inactive,2002
13634127,,inactive,2013
13637681,,inactive,2023
13638491,14645270,inactive,2006
13639579,,inactive,1997
13642812,,inactive,2002
13643177,,inactive,1999
13645080,,inactive,1997
13646974,,inactive,2003
13648233,,inactive,2000
13648829,,inactive,2006
13649027,14735679,inactive,2008
13649825,,inactive,1997
13650556,15282716,inactive,2006
13654187,,inactive,2007
13655531,,inactive,2022
13656937,,inactive,2010
1365781X,17517621,inactive,2007
13659979,,inactive,1996
13660071,,inactive,2009
13660756,,inactive,2006
13662511,,inactive,2019
13665456,,inactive,2014
13665650,,inactive,1999
13666282,,inactive,2009
13668714,14724154,inactive,2003
1366879X,14696703,inactive,2011
13670123,,inactive,2001
13670131,,inactive,2003
1367014X,,inactive,2001
13670476,,inactive,1998
13671308,,inactive,2006
1367191X,,inactive,2007
13674587,17475082,inactive,2008
13676733,,inactive,2010
13678280,,inactive,2001
13678523,,inactive,2001
13678914,,inactive,2000
13678922,,inactive,2002
13678930,,inactive,2015
13678949,,inactive,2006
13678957,,inactive,2007
13678965,,inactive,2001
13678973,,inactive,2003
13679007,,inactive,2001
13679015,,inactive,2008
13679031,,inactive,2001
13681222,,inactive,1980
13681230,,inactive,1998
13681435,,inactive,2005
13682679,17589142,inactive,2023
13684736,14660830,inactive,2002
1368504X,,inactive,2014
13685937,,inactive,2009
13686798,,inactive,2015
13687638,,inactive,2002
13688642,20417144,inactive,2022
13689290,,inactive,2002
13690191,,inactive,2001
13690523,,inactive,2004
13690663,,inactive,2019
13691856,,inactive,2000
13695207,,inactive,2009
13695312,20403860,inactive,2011
1369698X,,inactive,2006
13697056,20403410,inactive,2010
13698273,,inactive,2004
13698486,,inactive,2020
13698869,,inactive,2001
13699865,,inactive,2023
13700731,17821533,inactive,2023
13705954,17831458,inactive,2004
13706071,,inactive,2022
1370754X,,inactive,2002
13716980,,inactive,2003
13734857,,inactive,2016
13737163,,inactive,2014
13737503,,inactive,2002
13760963,17821479,inactive,2023
13760971,21184852,inactive,2023
13762095,13796100,inactive,2010
13775723,,inactive,2015
13781863,17821541,inactive,2012
13790668,,inactive,2007
13791176,,inactive,2015
13802011,,inactive,1996
13802933,,inactive,1999
13803425,24681342,inactive,1998
13803689,,inactive,2002
13806068,,inactive,2019
13808427,22147098,inactive,1997
13809415,,inactive,1996
13811169,,inactive,2017
13811177,18733158,inactive,2017
1381141X,,inactive,1999
13812424,,inactive,1997
13812564,,inactive,2007
13813390,,inactive,2006
13814524,,inactive,2012
13815741,,inactive,2004
13816683,,inactive,2015
13818546,,inactive,2017
13823485,,inactive,2022
13823892,15731766,inactive,2010
13824414,18798446,inactive,2010
13826662,,inactive,2003
13826980,,inactive,2001
13832336,22145397,inactive,1999
13835726,18731341,inactive,2001
13837079,18756409,inactive,2018
13837303,,inactive,2011
13837575,,inactive,2019
13838121,,inactive,2001
1383813X,18798071,inactive,2014
13842692,,inactive,1997
13842935,22112987,inactive,2022
13845306,,inactive,2022
13845357,,inactive,2022
13846191,,inactive,2017
13846566,,inactive,2003
13846574,,inactive,2002
13850229,,inactive,2001
13852264,,inactive,2003
1385299X,,inactive,2005
13854933,,inactive,2003
1385514X,17444977,inactive,2006
13857916,,inactive,2020
13859587,15737071,inactive,2021
13861204,,inactive,2019
13861514,,inactive,2009
13861972,,inactive,2014
13861980,15735141,inactive,2002
13862618,,inactive,1997
13862766,,inactive,2000
13863509,,inactive,1999
13864238,15728463,discontinued,2016
13864564,15737659,inactive,2023
13866206,,inactive,1998
13866710,16992407,policy,2025
13867393,,inactive,2003
13870076,,inactive,2009
13871609,,inactive,2001
13872656,18755208,inactive,2008
13875485,,inactive,2007
13876031,,inactive,2013
13876317,,inactive,2007
1387666X,,inactive,2020
13876783,,inactive,2000
13876996,15736989,inactive,2023
13881973,14760592,inactive,2006
1388235X,17445167,inactive,2008
13883046,,inactive,2000
13883208,,inactive,2017
13883453,,inactive,1997
13883569,,inactive,2019
13883593,,inactive,2000
13883690,15730557,inactive,2013
13883895,,inactive,2007
13883909,,inactive,2021
13884360,1871756X,inactive,2023
13888455,,inactive,2022
13889532,15685586,inactive,2012
13890344,,inactive,2007
13890352,,inactive,2002
13891189,,inactive,2012
13891987,15733300,inactive,2003
13892258,15685632,inactive,2006
13892827,2210495X,inactive,2018
13895265,17445000,inactive,2005
13896563,15736962,inactive,2014
13896911,24682438,discontinued,2017
13900110,,inactive,1998
1390082X,,inactive,1998
13909347,13909355,discontinued,2023
13920049,,inactive,2016
13920561,13921487,inactive,2021
13921525,,inactive,2001
13921630,16483537,inactive,2011
13921657,16486919,inactive,2011
13921665,2029932X,inactive,2017
13921843,,inactive,1994
13923196,23358947,inactive,2023
13925504,,inactive,2016
13938088,,inactive,2016
13944444,,inactive,1999
13953907,16000420,inactive,2008
13953931,,inactive,2007
1397002X,13993011,inactive,2009
13971891,,inactive,2001
13975927,16000544,inactive,1999
13981714,,inactive,2000
13988700,,inactive,2018
13992406,,inactive,2007
13996738,,inactive,2005
14001829,,inactive,2008
14004089,,inactive,2004
14017458,16512510,inactive,2013
14021501,1402151X,inactive,2019
14022915,20023855,inactive,2022
14029871,,inactive,2008
14034956,,inactive,2006
14037785,,inactive,2014
14038196,16511948,inactive,2012
14038668,14044013,inactive,2016
14039605,,inactive,2003
14041049,16512286,inactive,2008
14043858,16512340,inactive,2018
14046091,20023839,discontinued,2021
14050056,,inactive,2009
14051168,,inactive,2007
14051648,,inactive,2000
14058871,,inactive,2017
14060086,,inactive,2007
14060124,,inactive,2007
14060132,,inactive,2006
14060175,22280820,inactive,2007
14060914,,inactive,2007
14075806,14075814,inactive,2014
14096099,1857663X,inactive,2019
1411982X,23548509,inactive,2022
14130270,,inactive,2002
14132087,,inactive,2017
1413389X,21753652,inactive,2017
14137615,,inactive,2000
14143410,,inactive,2000
14148145,21779465,inactive,2017
14152983,,inactive,2010
14155419,19805500,inactive,2009
14156814,,inactive,2002
14178648,15882845,inactive,2008
14189933,,inactive,2006
14202433,16623770,inactive,2016
14202751,,inactive,2014
14203715,,inactive,2003
14204347,26738260,inactive,1950
14204932,,inactive,1997
14206803,,inactive,2003
14206846,,inactive,2015
14209519,1662291X,inactive,2011
14210185,16620879,inactive,2020
14214466,,inactive,1964
1421556X,,inactive,1959
14215659,,inactive,1960
14215667,,inactive,1967
14215721,16622944,inactive,2023
14217082,16622979,inactive,2018
14220644,,inactive,2017
14222132,16622936,inactive,2010
14222140,16623932,inactive,2018
14222795,14222833,inactive,2008
14222868,14222906,inactive,2003
14224933,,inactive,2001
14226375,,inactive,2005
14227584,1662386X,inactive,2009
14229196,14240564,inactive,2004
14229528,14240556,inactive,2005
14232294,,inactive,1959
14235528,1662629X,inactive,2017
14238071,,inactive,2002
14241900,,inactive,2002
14244616,14244624,inactive,2006
14244683,,inactive,2020
14245108,,inactive,2009
14245752,,inactive,2007
14246074,16622960,inactive,2013
14247364,,inactive,2005
14248492,14248506,inactive,2007
14248522,14248530,inactive,2003
14248689,,inactive,2016
14248832,14248840,inactive,2010
14249634,,inactive,2013
14255073,,inactive,2011
14262630,18989934,discontinued,2016
1426563X,,inactive,1996
1427440X,,inactive,2014
1427941X,,inactive,1986
14281511,,inactive,2021
14282267,,inactive,1997
1428345X,23540060,inactive,2019
14285851,16443101,inactive,2016
1429009X,,inactive,2009
1430144X,15463109,inactive,2012
1430175X,,inactive,2023
14303663,,inactive,2006
14304031,,discontinued,2016
14307790,14394472,inactive,2004
14308681,,inactive,2015
14309858,,inactive,2000
14312433,16116143,inactive,2009
14312719,,inactive,1998
14313510,,inactive,2013
14315254,,inactive,2012
14317621,16180992,inactive,2007
14318172,,inactive,2005
14318857,,inactive,2009
14319268,,inactive,2010
14322919,,inactive,2000
14323745,,inactive,2008
14328364,23637145,inactive,2017
14329077,,inactive,2005
14329190,,inactive,1997
14329360,14330369,inactive,2020
14329417,14343940,inactive,2007
14329425,,inactive,2018
14330148,,inactive,2001
1433111X,,inactive,1998
14331128,,inactive,2004
14333317,16170830,inactive,2009
14333988,,inactive,2004
14334259,,inactive,2000
14335158,,inactive,2021
14335255,,inactive,2022
14335719,14351668,inactive,2006
14336839,,inactive,2009
14336847,,inactive,2009
14336863,,inactive,2006
14342308,,inactive,2009
14342758,,inactive,2014
14343584,,inactive,2022
14345641,1434565X,inactive,2007
14346087,,inactive,2009
14346931,,inactive,2003
14348454,,inactive,2022
14348462,,inactive,2008
14349302,,discontinued,2017
14351072,,inactive,1998
14351080,,inactive,1998
14351099,,inactive,1998
14351889,,inactive,2016
14353067,14391643,inactive,2007
14353199,,inactive,2012
14355469,14355477,inactive,2009
14356163,18654584,inactive,2020
14357739,,inactive,1998
14357747,,inactive,1998
14359472,,inactive,2000
14360179,18651291,inactive,2015
14361914,,inactive,2015
14361957,,discontinued,2019
14362511,,inactive,2002
14362597,,inactive,2011
14362600,25694286,inactive,2023
14362627,,inactive,2002
14362635,,inactive,2001
14362643,,inactive,2002
14362651,,inactive,2002
1436266X,,inactive,2001
14363208,,inactive,2003
14363542,,inactive,2000
14365103,14364905,inactive,2002
14365693,14390280,inactive,2003
14366274,14366282,inactive,2019
14367890,,inactive,2011
14368269,,inactive,2008
14368498,,inactive,1998
14372754,16117697,inactive,2012
14372940,21962154,inactive,2018
14375370,,inactive,2023
14375567,,inactive,2014
14381893,,inactive,2004
1438387X,14383888,inactive,2021
14384329,16175034,inactive,2009
14385163,,inactive,2002
14387506,,inactive,2002
1438776X,16167090,discontinued,2021
14390027,,inactive,2005
14390566,,inactive,2003
14390590,,inactive,2006
14391147,,inactive,2003
14393972,,inactive,2001
14394847,18764487,inactive,2019
1439670X,,inactive,2012
14397080,,inactive,2004
14403455,,inactive,2014
14404788,,inactive,2015
14412551,,inactive,2021
14412713,,inactive,2016
14416638,,inactive,2016
14417049,17429528,inactive,2007
14418126,14418142,inactive,2016
14419521,,inactive,1996
1441984X,,inactive,1996
14421771,18393314,inactive,2016
14433605,,inactive,1998
1443458X,,inactive,2014
14434873,,inactive,2010
14439611,14439573,inactive,2006
14441683,1447056X,inactive,2020
14444976,,inactive,2006
14453398,,inactive,2008
14454386,,inactive,2004
14464381,,inactive,2015
14468123,18378692,inactive,2019
14468263,,inactive,2009
14473682,,inactive,2017
14473828,20566077,inactive,2023
14474514,,inactive,2017
14474999,,inactive,2012
14479494,14479540,inactive,2020
14479508,14479559,inactive,2020
14479516,14479567,inactive,2019
14479524,14479575,inactive,2019
14479532,14479583,discontinued,2019
14480107,22063447,discontinued,2018
1448207X,,inactive,2011
14487535,,inactive,2018
14488345,,inactive,2013
14489791,,inactive,2014
14502267,,discontinued,2012
14502275,,discontinued,2013
14502887,,discontinued,2012
14507994,18201776,inactive,2007
14513455,26200163,inactive,2022
14535068,22856773,inactive,2023
14535424,,inactive,2003
1454864X,23928956,discontinued,2021
14568438,1796279X,inactive,2020
14569418,,inactive,2002
14577356,,inactive,2009
14590255,14590263,discontinued,2017
14601419,,inactive,2004
14601567,,inactive,2009
14604728,14671123,inactive,2006
14604892,,inactive,1998
14605147,,inactive,2002
14605856,1742352X,inactive,2009
14606690,,inactive,2011
14606887,,inactive,2004
14608081,,inactive,2000
14608235,1755201X,discontinued,2017
14608758,,inactive,1997
14611449,,inactive,2003
14614200,,inactive,2006
14614650,,inactive,2004
14614715,,inactive,2002
14615347,,inactive,2000
14616130,,inactive,2000
14616718,14733269,inactive,2016
14616971,,inactive,2007
14617668,,inactive,1999
14617684,,inactive,2005
14620308,,inactive,2010
14620758,,inactive,2002
1462138X,,inactive,2002
14621495,,inactive,2002
14621843,,inactive,2004
14622165,,inactive,2006
14622815,,policy,2023
14623846,,inactive,2006
14623935,,inactive,2005
14624567,,inactive,1999
14625970,,inactive,2006
14626047,,inactive,2003
14626055,,inactive,2004
1462608X,,inactive,2004
1462611X,,inactive,2001
14628732,1478565X,discontinued,2024
14628783,,inactive,2001
14628791,,inactive,2000
1462883X,,inactive,2001
14628848,14711796,inactive,2005
1462897X,,inactive,1999
14629410,,inactive,2004
14630095,17444349,inactive,2008
14630184,,inactive,2003
1463046X,,inactive,2000
14630486,,inactive,2003
14636336,,inactive,2007
14636646,20428340,inactive,2012
14636697,14659840,inactive,2016
14639238,14645238,inactive,2007
14639246,14645068,inactive,2011
14640139,,inactive,1984
14640309,,inactive,2004
14640325,14640333,inactive,2012
14640570,,inactive,2019
14641801,16602412,inactive,2020
14641895,,inactive,2001
14641909,,inactive,2001
14641917,,inactive,2001
14642506,,inactive,2007
14642514,,inactive,2003
14642859,,policy,2024
14643456,,inactive,2005
1464391X,,inactive,2009
14644258,17413567,inactive,2010
14644266,17413575,inactive,2005
14644622,14651955,inactive,2021
14648431,20403445,inactive,2010
14648474,,inactive,2000
14649055,18731821,inactive,2017
14649888,14699516,inactive,2008
14651505,,inactive,2007
14651645,,inactive,2011
14653753,20427166,inactive,2016
14654520,1479103X,inactive,2020
14655101,20512139,inactive,2008
14655659,,inactive,2012
14657252,14657260,inactive,2023
14658720,2047895X,inactive,2016
14658763,,inactive,2004
14659417,,inactive,1999
14659883,,inactive,2003
14659905,,inactive,2006
14659972,,inactive,2001
14660466,14660474,inactive,2019
14660822,1471180X,inactive,2005
1466142X,,inactive,2001
14662094,25183745,inactive,2016
14662108,,inactive,2002
14662914,,inactive,2001
14662922,,inactive,2012
14664100,,inactive,2002
14664240,14769042,inactive,2008
14664860,,inactive,2005
1466531X,14665328,inactive,2007
14665468,,inactive,2005
14666049,,inactive,2001
14667266,,inactive,2004
14667401,,inactive,2014
14668025,17413230,inactive,2006
14668297,17415241,inactive,2023
14668386,,inactive,2004
14668858,,inactive,2022
14668955,,discontinued,2017
14671026,,inactive,2005
14671255,,inactive,2014
14674734,,inactive,2002
14675072,,inactive,2007
14675277,,inactive,2002
14681641,,inactive,2021
14681668,,inactive,2005
14682095,,inactive,2005
14682753,20400926,inactive,2017
14683768,,inactive,2001
14683814,,inactive,2006
14685698,1468568X,inactive,2002
14686708,14686694,inactive,2005
14688581,,inactive,2009
14689340,,inactive,2011
14690047,,inactive,2004
14690071,,inactive,2004
14690314,20542496,inactive,2020
14690446,17547156,inactive,2008
14693011,,inactive,2003
14694344,,inactive,2019
14701804,,inactive,2012
14701820,20508239,inactive,2022
14702061,,inactive,2008
14703289,,inactive,2007
14704358,,inactive,2002
1470479X,13645447,inactive,2015
14705664,,inactive,2010
14705826,,inactive,2002
14708590,,inactive,2008
14709252,,inactive,2001
14709465,,inactive,2005
14710188,,inactive,2020
14710234,17418011,inactive,2012
14710552,,inactive,2005
14710846,18781349,inactive,2007
14711893,20452098,inactive,2017
14712806,,inactive,2013
14713063,,inactive,2005
14713101,,inactive,2005
14713918,,inactive,2002
14714051,,inactive,2004
14714418,14751534,inactive,2014
14715090,,inactive,2006
14715317,,inactive,2002
14715880,17589517,inactive,2019
14716577,,discontinued,2018
14717204,,inactive,2019
14717697,,inactive,2005
14718278,14718286,inactive,2007
14718359,,inactive,2002
14719967,,inactive,2007
14720949,20568096,inactive,1933
14722240,17438950,inactive,2006
14722674,,inactive,2022
14723646,14723654,inactive,2024
14724472,20403429,inactive,2010
14724561,,inactive,2003
14725363,,inactive,2013
14727463,,inactive,2004
14727862,,inactive,2002
14727870,,inactive,2021
14727978,,policy,2025
14728915,27539806,discontinued,2017
14729288,17448107,inactive,2008
14729725,14729733,inactive,2012
14730391,,inactive,2008
14732297,17581079,inactive,2008
14733021,,inactive,2003
14733404,14733412,inactive,2006
14736691,17423422,inactive,2014
14737086,,inactive,2005
14737604,,inactive,2022
14738031,1473804X,discontinued,2018
14738279,,inactive,2012
14738325,,inactive,2003
14739550,14774062,inactive,2014
14740893,,inactive,2004
14743310,14743329,inactive,2008
14745003,,inactive,2000
14745186,,inactive,2015
14746514,17534305,inactive,2017
14747359,23983981,inactive,2022
14748665,14748673,inactive,2017
14749009,17432863,inactive,2017
14749114,,inactive,2015
14749475,17500125,inactive,2014
14750414,,inactive,2001
14750708,1744831X,inactive,2011
14750929,,inactive,2012
14751453,,inactive,2014
14752832,,inactive,2004
14753324,,inactive,2021
14753898,14753901,inactive,2010
1475455X,,inactive,2007
14755327,,inactive,2003
14755335,,inactive,2010
14757737,17453186,inactive,2008
14758075,,inactive,2006
14759144,,inactive,2009
1475956X,14768283,inactive,2002
14759861,15570681,inactive,2009
14760274,,inactive,2016
14760320,14759985,inactive,2015
14760401,1750662X,inactive,2009
14761548,,inactive,2012
14761793,,inactive,2009
1476184X,,inactive,2014
14762129,13623974,inactive,2007
14763990,,inactive,2003
1476413X,17589509,inactive,2022
14764253,14764261,inactive,2012
14764717,14764709,inactive,2006
14764814,,inactive,2001
14764857,,inactive,2006
14764865,17420261,inactive,2006
14765063,,inactive,2004
14766027,,inactive,2005
14766647,14766655,inactive,2002
14766701,,inactive,2013
14768186,17518520,inactive,2021
14768941,,inactive,2023
1476914X,17419204,inactive,2011
14769581,,inactive,2003
14770415,,inactive,2003
14773724,,inactive,2019
14773996,14774003,inactive,2020
14774739,,inactive,2007
14777274,17586038,inactive,2015
1477741X,14778378,inactive,2008
14778408,,inactive,2003
14778424,,inactive,2018
14779633,2040056X,inactive,2017
14780488,20400608,inactive,2012
14780585,,inactive,2004
14781581,17409748,inactive,2006
14783576,,inactive,2007
14784041,1478405X,inactive,2005
14784467,,inactive,2003
14785315,1750208X,inactive,2012
14785854,14754924,inactive,2010
14786419,14786427,discontinued,2026
14786478,14786486,inactive,2010
14786575,,inactive,2007
14787482,,inactive,2007
14787520,,inactive,2005
14787539,,inactive,2005
1478856X,,inactive,2011
14789574,,inactive,2002
14790505,14790513,inactive,2006
1479053X,,inactive,2010
14790602,,inactive,2013
14791072,14791064,discontinued,2014
14791110,17502098,inactive,2011
14791137,,inactive,2004
14791250,,inactive,2004
14791617,,inactive,2018
14792354,,inactive,2012
14792362,14792370,inactive,2009
14792508,14792516,inactive,2005
14792605,,inactive,2017
14792915,,inactive,2016
14793520,18755127,inactive,2014
14793563,,inactive,2015
14793601,,inactive,2006
14793660,20513127,inactive,2017
14793709,,inactive,2007
14793911,1479392X,inactive,2008
14793989,,inactive,2010
14794489,26338408,inactive,2021
1479649X,,inactive,2009
14797887,17431743,inactive,2009
14798336,17410479,inactive,2007
14798344,17410517,inactive,2007
14798352,17410452,inactive,2007
14799189,20522924,inactive,2016
14799995,,inactive,2009
14801752,,inactive,2017
1480221X,,inactive,2003
14802422,,policy,2025
14805537,,inactive,2000
14815532,,inactive,2019
14819643,,inactive,2007
14819988,,inactive,2016
1483698X,,inactive,1999
14843684,,inactive,2009
14844672,,inactive,2007
14851571,,inactive,1999
14860945,,inactive,2000
14883694,14883708,inactive,2005
14886324,,inactive,2009
14888408,14888416,inactive,2009
14892944,,inactive,2004
14929058,,inactive,2022
14929600,,inactive,2021
14963892,,inactive,2005
1496399X,,inactive,2004
14973715,,inactive,2014
14985136,,inactive,2016
14998513,,inactive,2011
14998653,,inactive,2006
15031438,16513037,inactive,2006
15046893,18906990,inactive,2018
15050580,15084868,inactive,2017
1505232X,,inactive,2002
15056732,,inactive,2013
15056740,16443292,inactive,2011
15057429,,inactive,2012
15064077,,inactive,2008
15064794,,inactive,2006
15069427,18987761,inactive,2012
15074145,16443330,inactive,2007
15075524,16443349,inactive,2022
15075532,,inactive,2013
15075540,,inactive,2014
15076164,16433742,inactive,2011
15079791,,inactive,2013
15098117,18994741,inactive,2024
15128601,18404812,inactive,2022
15167399,,inactive,2011
15168484,18060870,inactive,2017
15169332,18094562,inactive,2008
15173011,18068774,inactive,2012
15173151,19847742,inactive,2017
15176878,,inactive,2002
15178692,,discontinued,2023
15200191,,inactive,2015
1520037X,17517141,inactive,2010
15202585,,inactive,1999
15204553,,inactive,2001
15204766,15204774,inactive,2010
15205657,,inactive,2000
15208745,,inactive,2007
15209229,1539073X,inactive,2013
15209245,,inactive,2004
15210987,19389019,inactive,2016
15211029,15407136,inactive,2007
15211037,15239179,inactive,2008
15211398,15729206,policy,2023
15211401,,inactive,2003
15212246,,inactive,1997
15212491,15383660,inactive,2012
15213250,15217000,inactive,2018
15213323,,inactive,2010
15213331,,inactive,2010
1521334X,,inactive,2010
15214842,,discontinued,2016
15216896,1532169X,inactive,2001
1521737X,15333973,inactive,2003
1521740X,,inactive,2010
15219216,,inactive,2020
15220613,,inactive,2020
1522094X,,inactive,1998
15220958,,inactive,1999
15221628,,inactive,2003
15221865,,inactive,2004
15222152,15375293,inactive,2023
15222888,,inactive,1997
15223140,15223159,inactive,2006
15223396,,inactive,2009
15223434,15736636,inactive,2005
15223442,,inactive,2005
15223949,,inactive,1999
15224724,15224732,inactive,2001
15224821,,inactive,2017
15225437,,inactive,1911
15225445,,inactive,1921
15225720,,inactive,2005
15226255,,inactive,1999
15227383,,inactive,2016
15227510,,inactive,2002
15227898,,inactive,2018
15227952,15234525,inactive,2003
15227987,,inactive,2000
15228401,15582310,inactive,2020
15228649,,inactive,2014
15228789,,inactive,2004
15228851,,inactive,2005
1522886X,15229025,inactive,2010
15228894,,inactive,2005
15228924,,inactive,2000
15228932,15229092,inactive,2017
15228940,15229106,inactive,2008
15228967,15229122,inactive,2013
15229580,,inactive,2001
1523150X,,inactive,2004
15231623,,inactive,2010
15232867,15581160,inactive,2018
15232883,,inactive,2016
15233081,,inactive,2018
15234320,,inactive,2014
15235998,1555211X,inactive,2019
15237036,,inactive,2003
15239004,19450567,inactive,2016
15239225,15230481,inactive,2002
15239896,1539591X,inactive,2020
15240436,19461968,inactive,2016
15240754,19309325,inactive,2012
15241238,,inactive,1999
15241521,,inactive,2009
1524153X,1558383X,inactive,2008
15244830,,inactive,2004
15244938,,inactive,1997
1524511X,15308081,inactive,2002
15245608,,inactive,2007
15246094,,inactive,2002
15246205,,inactive,2006
15247252,15325806,discontinued,2021
15247929,19435010,inactive,2018
15252167,15322114,inactive,2011
15252531,,inactive,2019
15253279,15503240,inactive,2007
15255794,1550512X,inactive,2020
15256790,,inactive,2016
15258165,,inactive,2003
15258599,15364836,inactive,2005
15258882,,inactive,2007
15259404,,inactive,2003
15260046,,inactive,2006
15260232,,inactive,2000
15260704,,inactive,2012
15261018,,inactive,2023
15262472,,inactive,2007
15262847,,inactive,2000
15268012,,inactive,2004
15268233,,inactive,2007
15269396,,inactive,2001
15269655,,inactive,2005
15270289,,inactive,2002
15270815,,inactive,2002
15271161,,inactive,2000
15272494,,inactive,2000
15273369,1558352X,inactive,2016
15273547,,inactive,2003
15273741,,inactive,2020
15273954,15537072,inactive,2010
15274055,,inactive,2018
15274799,,inactive,2001
15275299,17517133,inactive,2013
15275949,,inactive,2023
15276538,,inactive,2005
15277313,,inactive,2007
15278557,15371581,inactive,2008
15280187,,inactive,2016
15280268,17431735,inactive,2023
15282511,,inactive,2008
15283593,,inactive,2010
15284336,19455771,inactive,2018
15284840,,inactive,2001
15285855,,inactive,2003
15286363,,inactive,2005
15287084,15334449,inactive,2009
15287378,,inactive,1999
15287386,,inactive,2005
15288277,,inactive,2011
1528848X,,inactive,2012
15289303,,inactive,2021
15289648,15293505,inactive,2005
15289931,,inactive,2005
15291049,,inactive,2006
15291839,15581527,inactive,2012
15293262,15338622,inactive,2011
15294897,,inactive,2003
15295044,,inactive,1999
15295168,,inactive,2003
15296318,,inactive,2010
15297306,,inactive,2001
15297403,,inactive,2005
15297713,,inactive,2017
15297764,15390675,inactive,2006
15297853,,inactive,2005
15298663,,inactive,2003
15298930,,inactive,2017
15299074,,inactive,2023
15299120,,inactive,2014
1529921X,15405923,inactive,2013
15299775,15299783,inactive,2004
15300226,15583430,inactive,2014
15301567,15394409,inactive,2008
15302067,,inactive,2000
15303004,15580334,inactive,2012
15304086,15589951,inactive,2010
15304396,,inactive,2014
1530440X,,inactive,2005
15304736,15500896,inactive,2014
15305678,19416741,inactive,2010
15306429,,inactive,2016
15308200,,inactive,2003
15308669,15308677,discontinued,2023
15310035,15310027,inactive,2013
15310132,,inactive,2009
15310183,,inactive,2002
15310434,,inactive,2002
15310914,1532852X,inactive,2005
15311309,15581764,inactive,2023
15311864,15316653,inactive,2006
15312135,19363435,inactive,2012
15313069,,inactive,2001
15313468,15372618,inactive,2020
15314278,,inactive,2009
15315010,15320065,inactive,2011
15315681,,inactive,2008
15315754,,inactive,2021
1531605X,,inactive,2002
15316912,15326268,inactive,2012
15317234,,inactive,2005
1532060X,15320618,inactive,2011
15321274,,inactive,2003
15321282,,inactive,1925
15321797,15205746,inactive,2005
15322882,15322890,inactive,2014
15323633,,inactive,2009
15323862,,inactive,2005
15325490,,inactive,2006
15326306,19330278,inactive,2017
15326748,,inactive,2013
15328554,,inactive,2002
15328813,23305525,inactive,2020
15328880,,inactive,2003
15329798,15330664,inactive,2003
1533001X,,inactive,2009
1533029X,15330303,inactive,2020
15332101,15523845,inactive,2011
15332292,,inactive,2003
15332586,15332594,inactive,2012
15332608,15332616,inactive,2003
15332624,15332632,inactive,2006
15332705,15332713,inactive,2009
15332888,15332896,inactive,2007
15332942,15332950,inactive,2006
15333078,,inactive,2003
15333086,,inactive,2004
15333167,,inactive,2014
15333604,15333590,discontinued,2016
15334880,15334899,discontinued,2017
15335178,,inactive,2007
15337316,,inactive,2017
15337758,,inactive,2004
15337812,,inactive,2012
15338916,15375781,inactive,2014
1533905X,,inactive,2002
15339211,,inactive,2023
15340384,15432548,inactive,2011
15341267,,inactive,2001
15342115,,inactive,2005
15342131,,inactive,2002
15342832,,inactive,2004
15343219,,inactive,2011
15345181,,inactive,2011
15345823,15524159,inactive,2006
15345874,15390837,inactive,2003
15346021,15550486,inactive,2006
15346846,,inactive,2009
15347516,,inactive,2007
15348644,15590119,inactive,2024
1534892X,,inactive,2008
1534956X,,inactive,2007
15349594,,inactive,2005
15349713,15349721,inactive,2001
15349861,,inactive,2002
15352765,15389820,inactive,2004
15353532,,inactive,2016
15355314,23752122,inactive,2023
15355535,15402452,inactive,2010
15355632,15565823,inactive,2010
15356523,15414485,inactive,2010
15357414,,inactive,2012
15357740,,inactive,2017
15359468,,inactive,2022
15359778,15359786,inactive,2015
15360636,15381935,inactive,2012
15360652,15392465,inactive,2016
1536173X,,inactive,1997
15362302,15577457,inactive,2009
15362426,19360835,inactive,2019
15362558,,inactive,2009
15362639,,inactive,2009
15362922,15362930,inactive,2007
15362949,15362957,inactive,2006
15363937,,inactive,2008
1536710X,15367118,inactive,2017
15368599,,inactive,2004
15369935,,inactive,2012
15370240,,inactive,2016
15370275,,inactive,2006
1537064X,,inactive,2014
15371301,,inactive,1998
15371646,,inactive,2006
15371794,,inactive,2007
15373649,15590739,inactive,2006
15373932,26890895,policy,2021
15374467,,inactive,2010
15375897,,inactive,2005
15375978,,inactive,2013
15376583,,inactive,2001
15376680,1933026X,inactive,2015
15377881,1537789X,inactive,2008
15378276,,inactive,2023
1537937X,,inactive,2004
15379418,1537940X,inactive,2019
15380378,,inactive,2004
15380645,,inactive,2011
15380726,,inactive,2002
15381242,15597202,discontinued,2018
15382656,,inactive,2016
1538344X,15578119,inactive,2008
15384098,15268748,inactive,2005
15385698,15385396,inactive,2008
15386619,,inactive,2016
15387135,1557850X,inactive,2014
15389472,,policy,2019
15390942,15390934,inactive,2010
15391450,,inactive,2016
15391647,,inactive,2008
15393062,15393054,inactive,2014
15393755,15502376,inactive,2016
15396150,,inactive,2006
15396509,19447930,inactive,2018
15397890,,inactive,2010
15398137,,inactive,2005
15398250,19447914,inactive,2022
1539865X,,inactive,2005
15398684,,inactive,2002
15400352,,inactive,2005
15400360,,inactive,2007
15402487,15402495,inactive,2007
15402649,,inactive,2015
15402800,,inactive,2013
15403408,15410714,inactive,2006
15403416,15410706,inactive,2015
15405303,15404706,inactive,2007
15407985,15583767,inactive,2005
15410889,15410870,inactive,2007
15411052,,inactive,2011
15412784,15412792,inactive,2014
15414914,,inactive,2018
15415147,1744618X,inactive,2011
1541745X,,inactive,2014
15419061,15435180,inactive,2018
15419215,17517168,inactive,2011
15419290,,inactive,2004
15419959,,inactive,2003
15420752,15420760,inactive,2016
15421279,,inactive,2021
15421929,15421937,inactive,2011
15422666,1559470X,inactive,2021
15424049,15424057,inactive,2007
1542412X,,inactive,2008
15424359,15424367,inactive,2003
15425983,15425991,inactive,2009
15426149,15426181,inactive,2005
15426319,,inactive,2017
15427951,19449488,inactive,2020
15428117,15428125,inactive,2003
15428672,19381301,inactive,2019
15428745,,inactive,2006
15428826,21615845,inactive,2010
15428877,19382375,inactive,2020
1542894X,,inactive,2014
15429520,,inactive,2006
1542961X,15553876,inactive,2008
15429660,,inactive,2005
15429733,15429741,inactive,2016
1542975X,15429768,inactive,2016
15431150,15431169,inactive,2005
15431215,,inactive,2006
15431894,19406037,inactive,2015
15432009,,inactive,2019
15432912,,inactive,2007
15433234,,inactive,2018
15433544,,inactive,2003
15433714,15433722,inactive,2014
15434613,15434591,inactive,2006
15434672,,inactive,2006
15435016,,inactive,2010
15435946,18767761,inactive,2012
15436160,,inactive,2006
15436527,,inactive,2008
15437671,1543768X,inactive,2008
15437698,15437701,inactive,2008
1543849X,,inactive,1998
15438600,15438619,inactive,2007
15439135,15439143,inactive,2014
1543995X,,inactive,2021
15440036,15440044,discontinued,2021
15440508,19394691,discontinued,2016
15441458,19396104,discontinued,2021
15441865,1544225X,inactive,2009
15443469,23806559,inactive,2018
15446301,,inactive,2005
15446794,1879596X,inactive,2013
15447529,15447537,inactive,2020
15448037,23789174,discontinued,2016
15448053,,discontinued,2016
15449793,,inactive,2022
15451089,,inactive,2007
15451097,15570886,inactive,2012
15451712,15578569,inactive,2009
15452913,,inactive,2011
15453669,15457575,inactive,2011
15454576,15578526,inactive,2011
15455343,15455351,inactive,2006
15455963,15579964,inactive,2024
15458083,15458091,inactive,2006
1545813X,,inactive,2007
15458261,,inactive,2007
15460371,19432852,inactive,2011
15461955,15461963,policy,2020
1546198X,15461971,discontinued,2017
15461998,15462005,inactive,2019
15462048,15462056,inactive,2005
15462080,1546203X,inactive,2015
15462501,18787576,inactive,2012
15463214,19390300,inactive,2011
15463222,19435665,inactive,2016
15463427,,inactive,2011
1546900X,15469018,inactive,2009
15469239,15543641,discontinued,2016
15470083,,inactive,2012
15470350,,inactive,2009
15473368,15450058,inactive,2006
1547481X,,inactive,2014
15475778,15475786,inactive,2023
15475816,1553166X,policy,2026
15479951,15580466,inactive,2007
15480755,15568601,inactive,2014
15481689,15481697,inactive,2007
15485315,,inactive,2013
15485323,,inactive,2016
15485595,15485609,inactive,2022
15487393,,inactive,2004
15487679,15497844,inactive,2004
15487741,,inactive,2015
15487768,15487776,policy,2021
1548825X,21583811,inactive,2016
15488578,21581797,inactive,2016
15488969,1552499X,inactive,2006
15489825,,inactive,2006
15490858,,inactive,2016
15493644,,discontinued,2016
15493741,1549425X,inactive,2004
15494934,19498535,inactive,2015
15495418,15578550,inactive,2018
15502082,,inactive,2006
1550428X,15504298,inactive,2021
15504875,15504883,inactive,2013
15505340,19320280,inactive,2023
15505952,15555194,inactive,2010
1550624X,15516989,inactive,2015
15507033,15507041,inactive,2025
15507890,15507904,inactive,2007
15507998,15502368,inactive,2016
15508579,18787398,inactive,2012
15508943,15586804,inactive,2008
15509702,15552810,discontinued,2016
15511286,15511294,inactive,2009
1551319X,15589323,inactive,2016
15513750,15513769,inactive,2007
15517470,15595463,inactive,2005
15517853,15517861,inactive,2014
15518272,15518280,inactive,2011
15518299,,inactive,2002
15518396,,inactive,2007
1551840X,,inactive,2010
15518418,23806478,inactive,2008
15518426,,inactive,2005
15518434,,inactive,2009
15518442,,inactive,2009
1551885X,,inactive,2015
15518876,15518914,inactive,2005
15518892,,inactive,2016
15518906,,inactive,2004
15519074,,inactive,2005
15519783,23741325,inactive,2023
15522938,,inactive,2018
15524884,15524892,inactive,2006
15524906,15524914,inactive,2006
15525031,1552504X,inactive,2024
15530582,15530590,inactive,2009
15530787,,inactive,2011
15530833,,inactive,2000
15530841,,inactive,2003
1553085X,,inactive,1999
15530930,,inactive,2002
15530957,15530779,inactive,2013
15532739,14344599,inactive,2019
15533174,15533182,inactive,2017
1553345X,15583910,discontinued,2016
15533611,1553362X,inactive,2008
15535797,,inactive,2003
1553619X,15583775,discontinued,2017
15536203,15586340,discontinued,2016
15537641,,inactive,2011
15538036,21524343,inactive,2021
15538346,15538613,inactive,2008
15538605,15538338,inactive,2021
15539105,,inactive,2015
15540014,15578348,inactive,2012
15540189,15546853,inactive,2023
1554057X,15540588,inactive,2018
15541134,,inactive,2010
15543404,,inactive,2005
15544516,,inactive,2015
15547477,1935469X,inactive,2020
15548589,,inactive,2011
15548600,15548619,inactive,2011
15548643,15548651,inactive,2008
1555077X,15550788,inactive,2022
15551024,19409141,inactive,2016
15551296,23788577,discontinued,2016
1555130X,15551318,discontinued,2017
15551741,1555175X,discontinued,2018
1555385X,15542505,discontinued,2017
15554309,15554317,discontinued,2023
15555275,15555267,inactive,2009
15557960,15273172,inactive,2022
15559203,15559211,inactive,2011
1556035X,15560368,inactive,2017
15562271,,inactive,2010
15563235,15563251,inactive,2009
15563790,15563804,inactive,2022
15564002,25776584,discontinued,2020
15564061,,inactive,2007
1556522X,15565246,inactive,2013
15565297,15565300,discontinued,2025
15566560,15566579,discontinued,2017
15566811,1556679X,inactive,2017
15567281,15567346,inactive,2010
15567931,,inactive,2012
15568539,,inactive,2022
15568571,,inactive,2008
1556858X,18799647,inactive,2014
15569225,15569233,inactive,2008
15569241,1556925X,inactive,2008
1556990X,,inactive,2006
15570843,18787525,inactive,2010
15571319,15571327,inactive,2011
15571459,15571467,inactive,2013
15572145,,inactive,2006
1557234X,,inactive,2015
15574091,15574105,inactive,2009
15574539,15574547,discontinued,2016
15574571,1557458X,discontinued,2017
15574962,15574970,discontinued,2016
15574989,15574997,discontinued,2016
15577910,15577929,inactive,2018
15577937,,inactive,2009
15578038,,inactive,1998
15579190,19380712,inactive,2009
15580172,15580180,inactive,2008
15580199,15580202,inactive,2011
15582973,15582981,inactive,2009
1558447X,,inactive,2020
15587452,15587460,inactive,2016
15587916,15587924,inactive,2015
15588742,15588750,inactive,2017
15589641,,inactive,2015
15590585,25244043,inactive,2023
15590836,18680402,inactive,2021
15594564,15594572,inactive,2009
15595005,,inactive,2006
15595609,,inactive,2013
15597105,15597113,inactive,2008
15602214,14772701,discontinued,2024
15602745,18789129,policy,2025
1560408X,,inactive,2001
15604128,,inactive,2005
15604284,,inactive,2002
15606686,,inactive,2011
15608433,,inactive,2002
15609006,,inactive,2001
15609545,24130699,inactive,2019
15610950,14772795,inactive,2004
15612775,16809386,inactive,2013
15614417,,inactive,2007
15614921,,inactive,2011
15615413,18764371,inactive,2016
15618307,22183728,inactive,2011
1561882X,,inactive,2022
15619508,,inactive,2007
15629023,,inactive,2011
15629449,,inactive,2016
15632873,16809432,inactive,2016
1563311X,16060180,inactive,2002
15640655,,inactive,1999
15640728,,inactive,1998
15642984,,inactive,1999
15643743,15643751,inactive,1999
15647838,,inactive,2004
1565012X,,inactive,2005
15651339,21910294,inactive,2023
15654753,,inactive,2020
15660184,,inactive,2005
15660338,,inactive,2021
15660443,22150285,inactive,2022
15660745,22151702,inactive,2022
15660974,17444985,inactive,2004
15661369,,inactive,2003
15662772,,inactive,2006
15663116,,inactive,1997
15663124,,inactive,2005
15667367,,inactive,2024
15667642,,inactive,2021
15667677,18798349,inactive,2021
15667774,,inactive,2023
15669076,,discontinued,2018
1567200X,,inactive,2011
15672034,,inactive,2005
15672042,18755763,inactive,2016
15672700,,inactive,2008
15672794,,inactive,2023
15674215,18781314,inactive,2009
15674231,,inactive,2013
1567424X,,inactive,2013
15675688,18785050,inactive,2020
15676951,,inactive,2021
15677192,,inactive,2020
15677230,15732940,inactive,2009
15677443,,inactive,2010
15678032,,inactive,2012
15678326,,inactive,2014
15678822,15736806,inactive,2010
15680053,,inactive,2005
15680061,,inactive,2005
1568007X,,inactive,2005
15680088,,inactive,2005
1568010X,,inactive,2005
15680118,,inactive,2005
15680126,,inactive,2005
15680134,,inactive,2005
15680142,,inactive,2005
15680150,,inactive,2005
15680169,,inactive,2005
15681254,,inactive,2002
15681548,,inactive,2021
15682102,22151648,inactive,2015
15682692,,inactive,2008
15682706,,inactive,2020
15682765,,inactive,2022
15683443,,inactive,2009
1568461X,,inactive,2001
15685926,,inactive,2017
15689999,,inactive,2007
15690644,,inactive,2023
15690660,15728994,inactive,2008
15691799,,inactive,2003
15691829,18750931,inactive,2016
1569254X,,inactive,1999
15692558,,inactive,2006
15692566,,inactive,2006
15692574,,inactive,2005
15692582,,inactive,2004
15692590,,inactive,2005
15693511,,inactive,2023
15693740,,inactive,2007
15694070,,inactive,2016
15694860,,inactive,2013
15694933,,inactive,2003
15695174,,inactive,2014
15696332,,inactive,2007
15697258,18798233,inactive,2015
15699056,18781500,inactive,2018
15699293,15699285,inactive,2022
1570002X,,inactive,2008
15700461,,inactive,2006
1570078X,,inactive,2021
15701166,15729214,inactive,2015
15701263,18759289,inactive,2015
15701336,,inactive,2012
15701581,,inactive,2021
15701603,,inactive,2007
15702294,,inactive,2002
15702464,,inactive,2007
1570579X,,inactive,2013
15705854,15680258,inactive,2014
15705870,18758606,inactive,2010
15706435,,inactive,2011
15706672,,inactive,2014
15706893,,inactive,2011
15707024,,inactive,2021
15707075,15728706,inactive,2010
15707113,,inactive,2023
15707539,15707547,inactive,2009
15707954,,inactive,2009
15708306,,discontinued,2017
15708667,,inactive,2018
15708683,,inactive,2017
15708721,,inactive,2013
15709124,,inactive,2005
15710378,22151923,inactive,2023
15710661,,inactive,2020
15710785,,inactive,2007
15710831,,inactive,2008
15710866,,inactive,2019
15714675,,inactive,2011
15714764,25429868,inactive,2023
15715736,18612288,inactive,2009
15718913,,inactive,2007
15719197,,inactive,2011
15719952,,inactive,2003
15719960,,inactive,2006
15720004,,inactive,2006
15720268,15720276,inactive,2009
15720934,,inactive,2013
15720977,,inactive,2006
15721892,,inactive,2023
15723127,,inactive,2016
15723364,,inactive,2008
1572347X,,inactive,2005
15724379,,inactive,1997
15724409,,inactive,2002
15724794,18798357,inactive,2015
15724859,,inactive,2010
15724913,,inactive,2019
15725464,22110739,inactive,2014
15725480,,inactive,2014
1572557X,,inactive,2006
15725618,,inactive,2014
15726401,,inactive,2009
15726495,,inactive,2000
15728528,08958815,inactive,1995
15732088,,inactive,2008
15733955,1875631X,inactive,2020
15734005,18756441,inactive,2018
15734331,,inactive,2015
15734374,,inactive,2018
15734404,,inactive,2014
15734412,,inactive,2020
15734420,,inactive,2013
15734471,,inactive,2010
1573448X,,inactive,2021
15734498,,inactive,2010
15735214,22121307,inactive,2020
1573563X,,inactive,2022
15735869,,inactive,2021
15740005,,inactive,2015
15740013,,inactive,2007
15740021,,inactive,2018
1574003X,,inactive,1997
15740048,,inactive,2016
15740056,,inactive,2015
15740064,,inactive,2011
15740072,,inactive,2022
15740099,,inactive,2018
15740102,,inactive,2013
15740110,,inactive,2011
1574017X,1875905X,discontinued,2023
15740641,,inactive,2007
15740668,18780466,inactive,2006
15740676,,inactive,2014
15740684,,inactive,2014
15740692,,inactive,2023
15740706,,inactive,2013
15740714,,inactive,2006
15740722,,inactive,2008
15740730,,inactive,2007
15740757,,inactive,2005
15740870,2212408X,inactive,2023
15740889,22121064,inactive,2022
15740897,22123997,inactive,2023
1574101X,,inactive,2008
15741990,,inactive,2008
15743349,18755275,inactive,2007
15744493,,inactive,2020
1574552X,,inactive,2020
15746267,,inactive,2017
15746526,,inactive,2008
15746909,,inactive,2007
15746917,,inactive,2008
15748626,,inactive,2012
15748847,22123938,inactive,2020
15748898,22123954,inactive,2016
15748901,22123962,inactive,2015
1574891X,22124071,inactive,2020
1574907X,,inactive,2011
15749088,,inactive,2011
15749576,,inactive,2008
15749630,,inactive,2019
15750922,15792021,inactive,2016
15750973,15782638,inactive,2012
15751430,,inactive,2023
15752437,16977904,discontinued,2020
15753409,,inactive,2007
15754723,,inactive,2011
1575734X,15758435,inactive,2005
15760316,,inactive,2009
15760367,,inactive,2011
15763560,,inactive,2003
15767418,,inactive,2006
15770354,,policy,2025
15771512,,inactive,2008
15773051,,inactive,2005
15773566,19883099,inactive,2014
15781550,15787575,inactive,2011
15782700,15782719,inactive,2002
1578410X,,inactive,2008
15790789,18873294,inactive,2008
15791726,19882041,discontinued,2025
15797376,,inactive,2007
15804208,,inactive,2008
15815374,1855363X,policy,2024
15822214,,inactive,2013
15822486,28218078,inactive,2022
1582330X,,inactive,1999
1582540X,,discontinued,2020
15830012,20660170,inactive,2016
15835170,23928034,inactive,2015
15835251,1583526X,inactive,2011
15841057,20655002,policy,2026
15842231,,inactive,2016
15845982,,inactive,2016
15847101,,inactive,2013
15848574,24710849,policy,2023
15848663,,policy,2025
1585079X,15884309,inactive,2008
15889734,1589021X,inactive,2008
15899535,17863767,inactive,2005
15901815,,inactive,2015
15907120,,inactive,2008
15909158,20356137,inactive,2015
15909271,,inactive,2007
15910067,,inactive,2009
15910075,,inactive,2012
15911489,,inactive,2006
15921093,,inactive,2002
15921107,,inactive,2018
15921638,25314122,discontinued,2025
15922103,,inactive,2008
15923479,,inactive,2004
15923894,,inactive,2001
15926478,,inactive,2010
15926826,,inactive,2013
15927830,,inactive,2022
15928543,,inactive,2010
15936104,,discontinued,2017
15942848,,inactive,2014
1594512X,,inactive,1992
15945804,,inactive,2011
15949281,19732252,inactive,2023
15949982,18269877,inactive,2010
15951103,,inactive,2006
15966941,,inactive,2017
15969886,15969819,inactive,2012
15982386,22111069,inactive,2019
15982874,,inactive,2007
15986535,,inactive,2011
15988074,,inactive,2018
16006038,,inactive,2018
16048156,19044666,inactive,2019
16049780,,inactive,2018
16052587,,inactive,2008
16052773,,inactive,2018
16065727,,inactive,2005
16068181,20705670,inactive,2012
16069331,,inactive,2000
16069366,,inactive,2019
16069935,16053974,inactive,2021
16073894,20711255,discontinued,2025
16079183,,inactive,1994
16082222,,inactive,2002
1608702X,,inactive,1988
16088115,,inactive,2008
16089677,22201009,discontinued,2018
16094913,,inactive,2021
16095502,,inactive,2007
16099451,,inactive,2006
16101928,18619959,inactive,2019
16101979,16139089,inactive,2013
16102096,16106970,inactive,2013
16102924,,inactive,2008
16104099,,inactive,1997
16106199,,inactive,2022
16108957,16131851,inactive,2021
1611020X,16110218,inactive,2009
1611311X,,inactive,2022
16116607,18655122,inactive,2023
16118332,16118340,inactive,2007
16119991,,inactive,2008
16120485,,inactive,2018
16120663,16136373,inactive,2020
1612166X,,inactive,2014
16122771,,inactive,2019
16123727,1868677X,inactive,2012
16123786,2197666X,inactive,2022
1612412X,,inactive,2021
16124138,,inactive,2014
1612443X,,inactive,2023
16125010,21906300,inactive,2023
16125096,,inactive,2018
16126890,,inactive,2010
16128591,18650805,inactive,2009
16132076,16132084,inactive,2021
16133412,16133420,inactive,2008
16133749,16133757,inactive,2008
16135210,,inactive,2005
16135520,21979286,inactive,2021
16135636,16136055,inactive,2022
16136071,16140575,policy,2025
16138392,16139267,inactive,2011
16142217,21908036,inactive,2023
16143485,18678343,inactive,2018
1614354X,,inactive,2010
16144007,16144015,inactive,2022
16144864,26266350,inactive,2017
16144872,,inactive,2007
16146891,,inactive,2006
16148339,,inactive,2006
16151615,18783228,inactive,2011
16151720,,inactive,2021
16153871,18600794,inactive,2014
16154053,16154061,inactive,2007
16155548,,inactive,2017
16156609,16156617,inactive,2012
16158326,23650680,inactive,2023
16159071,16118928,discontinued,2017
16160452,2365869X,inactive,2016
16168119,14328534,inactive,2004
16168216,,inactive,2012
16168577,,inactive,2006
16169689,18600638,inactive,2011
16173473,,inactive,2011
16175891,14390930,discontinued,2018
16176391,,inactive,2009
16176782,16100646,inactive,2022
1618193X,,inactive,2023
16187849,18622615,inactive,2015
16188276,,inactive,2013
16188330,,inactive,2013
16188950,,discontinued,2020
16190424,,inactive,2008
16207742,,inactive,2002
16221036,,inactive,2005
16240693,19516959,inactive,2017
16273486,,inactive,2003
16273583,16273591,inactive,2006
16274911,,inactive,2009
16286847,,inactive,2010
16289676,,inactive,2022
16296583,,inactive,2021
16307267,,inactive,2020
16334760,16381963,inactive,2019
16335767,,inactive,2008
16342941,19589190,inactive,2022
16343298,17762871,inactive,2022
16350421,19523998,discontinued,2021
16357922,16357930,inactive,2011
16378962,,inactive,2017
16398319,19552351,inactive,2019
1639965X,,inactive,2022
16405382,,inactive,2009
1640629X,24498890,discontinued,2018
16406540,,inactive,2011
16416007,16443306,inactive,2009
16418190,20844352,inactive,2017
16418581,,discontinued,2018
16419227,24510696,discontinued,2017
16420136,20844328,discontinued,2025
16432045,,inactive,2017
16433165,,inactive,2011
1644115X,16444493,inactive,2006
16447700,17347467,inactive,2022
16461509,16462742,inactive,2016
16469895,,discontinued,2024
16501969,,inactive,2011
1651386X,16513835,inactive,2012
16555236,,inactive,2007
16555252,,inactive,2008
16559711,30825547,inactive,2023
16574400,,inactive,2007
16579550,,inactive,2023
16600347,,inactive,2010
16601394,,inactive,2014
16601890,16623819,inactive,2013
16602242,16622898,inactive,2015
16602889,,inactive,2010
16604369,,inactive,2017
16604431,16622804,inactive,2021
16606795,22352074,discontinued,2024
16607880,16628667,inactive,2023
16609042,,inactive,2019
16609263,16623797,inactive,2012
16609336,16627482,discontinued,2014
16613406,16613414,inactive,2008
16613880,,inactive,2022
16614119,16614127,inactive,2016
16614747,16642929,inactive,2020
16616499,16616758,inactive,2018
16616677,16623878,inactive,2011
16621018,,inactive,2014
16622685,16624505,inactive,2017
16622928,,inactive,2002
1662405X,16624068,inactive,2022
16624874,16624882,inactive,2016
16625986,1662596X,inactive,2017
16626443,,inactive,2015
16626664,16626672,inactive,2015
16628527,,inactive,2017
16641531,22352155,discontinued,2019
16649737,16645545,inactive,2020
16650018,,inactive,2001
16653238,,inactive,2009
16653521,,inactive,2015
16654390,20074174,discontinued,2017
16655044,,inactive,2014
16660390,,discontinued,2017
16712838,,inactive,2021
16712927,,inactive,2011
16713877,,inactive,2007
16714431,,inactive,2022
16715926,,inactive,2006
16717120,,inactive,2013
16717295,,inactive,2015
16717449,,inactive,2005
16718267,,inactive,2010
16718836,,inactive,2003
16720733,19931352,inactive,2017
16721799,18622844,inactive,2009
16721977,,inactive,2014
16722515,,inactive,2007
16725948,,inactive,2015
16726340,19930623,inactive,2014
16729102,,inactive,2006
1673047X,,inactive,2012
1673274X,,inactive,1951
16733444,16733568,inactive,2026
16733452,16733576,inactive,2022
16733460,16733584,inactive,2012
16733479,16733592,inactive,2010
16733487,16733606,inactive,2011
16733495,16733614,inactive,2011
16733509,16733622,inactive,2011
16733517,16733630,inactive,2009
1673520X,,inactive,2009
16737334,1673744X,inactive,2011
16737342,16737458,inactive,2014
16737350,16737466,inactive,2012
16737369,16737474,inactive,2011
16737377,16737482,inactive,2011
16737385,16737490,inactive,2012
16737393,16737504,inactive,2011
16737407,16737512,inactive,2013
16737415,16737520,inactive,2013
16740440,,inactive,2020
16743822,,inactive,2022
16744128,16744594,inactive,2011
16744764,,inactive,2018
16745264,,inactive,2011
16747984,16747992,inactive,2018
16762444,16784774,policy,2025
16762649,19805365,inactive,2012
16766180,,inactive,2023
16766849,,inactive,2022
16768698,,inactive,2020
16770420,16779452,inactive,2012
16787226,,inactive,2015
16790073,,inactive,2016
16798759,1982436X,inactive,2019
16804465,,inactive,2013
16805194,,discontinued,2018
16805593,1993601X,discontinued,2015
16806433,20082177,inactive,2015
16815491,20779135,inactive,2014
16820053,,inactive,2013
16820363,18193684,inactive,2023
1682296X,16822978,discontinued,2018
16823915,19935994,discontinued,2016
16824474,18125727,discontinued,2018
16828356,,discontinued,2018
16831381,18183352,inactive,2013
16831942,23046155,policy,2025
16834704,,inactive,2008
1683805X,,inactive,2005
16839919,,discontinued,2016
16841360,17504686,inactive,2007
16845307,,inactive,2016
16845315,,inactive,2011
16847075,,inactive,2008
16851994,,inactive,2022
16863933,2228835X,inactive,2021
16864360,,discontinued,2025
16871200,16871197,inactive,2017
16871308,16871324,inactive,2008
16871472,16871499,inactive,2025
16871839,16871847,inactive,2021
16872789,16872797,inactive,2008
16873017,16873009,inactive,2006
16873955,16873963,inactive,2019
16874099,16874102,inactive,2010
16874110,16874129,inactive,2024
16874145,16874153,inactive,2017
16875214,16875303,inactive,2012
16875265,16875273,discontinued,2022
16875370,16875389,inactive,2017
1687563X,16875648,inactive,2019
16875680,16875699,discontinued,2023
16875702,16875710,inactive,2017
16875826,16875834,inactive,2017
16875915,16875923,inactive,2024
16875990,16876008,inactive,2018
16876172,16876180,inactive,2025
16876261,1687627X,inactive,2021
16876334,16876342,inactive,2019
16876393,16876407,inactive,2017
16876822,16876830,inactive,2009
16876873,16876881,inactive,2009
1687689X,16876903,inactive,2009
16877144,16877152,inactive,2012
16877195,16877209,inactive,2023
16877381,1687739X,inactive,2010
16877632,16877640,inactive,2011
16877985,16877993,inactive,2018
16878000,16878019,inactive,2018
16878027,16878035,inactive,2020
16878299,16878302,inactive,2009
16878450,16878469,discontinued,2023
16878558,16878566,inactive,2024
16879147,16879155,inactive,2024
16879244,16879252,inactive,2017
16879260,16879279,inactive,2024
16879325,16879333,inactive,2024
16879481,1687949X,inactive,2019
1687952X,16879538,discontinued,2020
16879767,16879775,inactive,2017
16879805,16879813,discontinued,2022
16898311,,policy,2025
16904648,,inactive,2023
16936930,23029293,discontinued,2025
1694609X,13081470,discontinued,2023
16953827,,inactive,2011
1695405X,19895453,inactive,2018
16955374,,inactive,2009
16961641,,inactive,2010
16962737,,inactive,2006
16962818,16964608,inactive,2014
16963539,,inactive,2015
16965981,,inactive,2007
16966112,,inactive,2011
16967801,,inactive,2015
16969936,,inactive,2015
16971892,,inactive,2004
16974271,1697428X,discontinued,2018
16985117,,inactive,2017
16993993,16994019,inactive,2023
17054842,,inactive,2013
17054850,,inactive,2016
17081890,,inactive,2019
17106222,25618741,discontinued,2022
1712624X,,inactive,2011
1712851X,,inactive,2018
1715894X,,inactive,2010
17181879,,discontinued,2009
17183340,19296541,inactive,2019
17206561,,inactive,2006
17207525,,inactive,2016
17212596,18271774,inactive,2016
17218039,,inactive,2008
17222206,18286224,inactive,2014
17222818,,inactive,2007
17226899,17246024,inactive,2011
17226996,20354606,discontinued,2018
17237211,,inactive,2007
17237807,17237815,inactive,2012
1724269X,,inactive,2007
17248914,19713266,inactive,2019
17265878,,inactive,2007
17265886,,inactive,2011
17267536,17358507,inactive,2011
17267544,,inactive,2011
17273048,18125719,discontinued,2018
17274761,,inactive,2018
17274915,22217630,discontinued,2025
17279232,18103057,discontinued,2016
17282993,,inactive,2009
17286182,2383014X,inactive,2016
17294274,17294312,inactive,2012
17296455,,inactive,2007
17307201,,inactive,2014
1730802X,,inactive,2018
17315379,,inactive,2009
17316383,,inactive,2007
17316677,17319544,inactive,2022
17318645,24499986,inactive,2019
17322642,,inactive,2012
17323916,20838476,inactive,2023
17326761,,inactive,2008
17330092,2391761X,inactive,2021
17335760,20843925,inactive,2022
17338026,18972357,inactive,2009
17343038,,inactive,2013
17350581,,inactive,2017
17351979,17352746,inactive,2013
17352657,,inactive,2015
17355109,20081081,inactive,2013
17355206,20085583,inactive,2012
17355702,2251712X,inactive,2019
17357179,20082517,inactive,2011
1735885X,17358868,inactive,2012
17359104,,inactive,2011
17365279,17364337,discontinued,2013
1736602X,17367549,inactive,2014
17366038,17367522,inactive,2013
17381061,20927258,inactive,2019
17381460,,discontinued,2021
17381843,20928920,inactive,2014
17382203,2234344X,inactive,2015
1738222X,20938047,inactive,2012
17382637,22882928,inactive,2022
17387248,22877428,inactive,2023
17387949,20929129,inactive,2012
17389968,,inactive,2016
17389976,,discontinued,2016
17389984,,discontinued,2016
17400562,17400570,discontinued,2018
17400694,,inactive,2019
17401267,,inactive,2015
17402522,17402530,inactive,2013
17402816,17402824,inactive,2023
17402859,17402867,inactive,2022
17403499,20413092,inactive,2016
17403715,17403723,inactive,2007
17404118,1757594X,inactive,2013
17406501,,inactive,2009
17407141,17431654,inactive,2016
1740925X,17410533,inactive,2012
17411343,17417090,discontinued,2017
17412439,17412447,inactive,2012
17412471,1741248X,inactive,2006
1741427X,17414288,discontinued,2023
17415977,17415985,inactive,2021
17416280,17416299,inactive,2004
1741640X,17416418,inactive,2013
17416892,,inactive,2004
17417538,17417546,inactive,2005
17418267,17418275,inactive,2012
17418364,,inactive,2004
17418372,,inactive,2004
17418984,17418992,discontinued,2022
17420946,,inactive,2010
17421128,,inactive,2023
1742206X,17422051,inactive,2017
1742254X,,inactive,2019
17422876,,inactive,2019
17424488,,inactive,2005
17424682,,inactive,2021
17426456,17442192,inactive,2013
17426464,17442206,inactive,2015
17426847,,inactive,2006
17426979,,inactive,2004
17427223,17427231,inactive,2022
17428262,17449545,inactive,2010
17431050,,inactive,2011
17431816,17431824,inactive,2015
17433029,,inactive,2006
17433231,,inactive,2022
1743386X,,inactive,2013
17434254,17434262,inactive,2009
17434270,17434289,inactive,2009
17434297,17434300,inactive,2009
17434378,17434386,inactive,2009
17435005,17435013,inactive,2006
17435242,17435250,inactive,2007
1743694X,,inactive,2007
17437008,,inactive,2004
17439191,17439159,policy,2025
17439310,,inactive,2016
17439469,,inactive,2007
17441161,18783368,inactive,2009
17441595,17441609,inactive,2020
17441870,,inactive,2006
17441889,1878173X,inactive,2009
17442249,,inactive,2005
17443687,17443679,inactive,2007
17445396,1744540X,inactive,2013
17445485,17445493,discontinued,2025
17446503,17446511,inactive,2010
17446546,17446554,inactive,2008
17446767,,inactive,2016
17449049,,inactive,2007
17449200,17449219,inactive,2023
17450055,17450063,inactive,2023
17450144,17450152,inactive,2011
17450454,,inactive,2009
17451183,17451191,inactive,2008
17451426,,inactive,2004
17451590,17451604,inactive,2009
17453216,17453224,inactive,2018
17453690,17453704,inactive,2015
17455030,17455049,discontinued,2023
1745509X,17455103,inactive,2013
17455111,1745512X,inactive,2010
17457904,17457912,inactive,2018
17458323,17458331,inactive,2009
1745834X,17458358,inactive,2009
17458366,17458374,inactive,2009
17458382,17458390,inactive,2009
17459265,,inactive,2022
17460166,17460174,inactive,2016
1746028X,,inactive,2011
17460816,17460824,inactive,2008
17460875,17460883,inactive,2009
17461278,,inactive,2013
17461375,17461383,inactive,2011
17465095,17465109,inactive,2014
17466334,17466342,inactive,2007
17467179,,inactive,2007
17467233,,discontinued,2017
17467616,,inactive,2017
17468841,,inactive,2008
17469600,17469619,inactive,2008
17469872,17469880,inactive,2013
17470854,,inactive,2017
17471060,17471079,inactive,2009
17471273,,inactive,2009
17473403,,inactive,2010
17474108,17474116,inactive,2013
17477166,17477174,inactive,2011
17480329,20403925,inactive,2010
17481090,00749664,inactive,2020
17482321,1748233X,inactive,2008
17482941,1748295X,inactive,2016
17482968,,inactive,2012
17482976,17482984,inactive,2007
17482992,,inactive,2014
1748670X,17486718,discontinued,2023
17486831,1748684X,inactive,2012
17489237,17489245,inactive,2015
17490294,,inactive,2013
17493463,17493471,inactive,2022
17494680,17494699,inactive,2015
17495148,17495156,inactive,2014
17498430,17498341,inactive,2018
17498988,,inactive,2018
17500044,17500052,inactive,2014
17500621,,inactive,2007
17501504,,inactive,2007
17502519,,inactive,2008
1750306X,,inactive,2009
1750497X,,inactive,2013
17505933,,inactive,2009
17506182,,inactive,2022
17508207,,inactive,2010
17509467,18780237,inactive,2025
17509548,20483961,policy,2023
17511135,,inactive,2016
17512867,17512875,inactive,2018
17513243,,inactive,2009
17515637,17515645,inactive,2013
17518202,20566271,discontinued,2018
17518326,17518334,inactive,2011
1752007X,,inactive,2012
17521394,17521408,inactive,2007
17521467,17521475,inactive,2012
1752301X,,inactive,2007
17523281,17523273,inactive,2014
17526752,,inactive,2019
17527791,,inactive,2008
17528119,,inactive,2010
17528526,,inactive,2016
17528550,,inactive,2015
17529298,,inactive,2019
17529360,17529379,inactive,2018
17530059,17530067,inactive,2013
17530431,1753044X,inactive,2017
17530784,17530792,inactive,2011
17532116,,inactive,2017
17533783,20403917,inactive,2011
17534089,17534097,inactive,2013
17536146,17536154,inactive,2016
17537983,17537991,inactive,2014
17538297,17538300,inactive,2016
17539641,1753965X,inactive,2014
17540291,17540305,inactive,2011
17540453,17540461,inactive,2013
17541328,17541336,inactive,2021
17542863,17542871,inactive,2018
17543207,18780075,inactive,2011
17544548,,inactive,2011
17545072,17545080,inactive,2012
17545552,17545560,inactive,2012
17546168,17546176,inactive,2012
1754730X,20498535,inactive,2017
17547318,17547326,inactive,2016
17549450,20428723,inactive,2016
17550386,17550394,discontinued,2025
17550408,,inactive,2008
17551137,17551145,inactive,2012
17551978,17551986,policy,2026
17553539,17553547,inactive,2012
17555191,17555205,inactive,2017
17555302,17555310,inactive,2017
17555477,,inactive,2013
17556783,09746005,discontinued,2020
17559278,,inactive,2023
17560543,17560551,inactive,2021
17560799,17560802,inactive,2012
17561175,,inactive,2009
17561205,17561213,inactive,2011
17561450,17561469,inactive,2017
17562104,17562112,inactive,2014
17562392,,inactive,2009
17562406,17562414,inactive,2019
17564093,,inactive,2014
17564107,,inactive,2014
17565138,17565146,inactive,2015
17568250,,inactive,2015
17568315,,inactive,2011
1756834X,,discontinued,2013
17568463,17568471,inactive,2012
17568633,,inactive,2012
17570980,20428367,inactive,2014
17571324,,inactive,2021
17571472,17571480,inactive,2018
1757207X,17572088,inactive,2013
17572258,17572266,inactive,2013
1757482X,17574838,inactive,2018
17577055,17577063,inactive,2017
17577098,17577101,inactive,2012
17577152,17577160,inactive,2012
17578515,,inactive,2021
17581354,17581362,inactive,2011
17582008,17582016,inactive,2016
17583209,17583217,inactive,2013
17583772,17583780,inactive,2020
17583799,17583802,inactive,2012
17583829,1758406X,inactive,2012
17583837,17583845,inactive,2020
17584000,17584019,inactive,2016
17584272,17584280,inactive,2016
17584299,17584302,inactive,2016
17584310,17584329,inactive,2010
1758552X,17585538,inactive,2013
17586801,1758681X,inactive,2019
1758728X,17587298,inactive,2022
17588715,17588723,discontinued,2025
17588960,17588979,inactive,2014
17589061,,inactive,2019
17590418,,inactive,2023
17593433,,inactive,2017
17596637,17596645,inactive,2010
17597684,17597692,inactive,2021
17598958,17598966,inactive,2012
17601703,19506988,inactive,2010
17602882,,inactive,2006
17604133,17652863,inactive,2006
17605342,17605350,inactive,2015
17605393,,inactive,2020
17610583,,inactive,2015
17624185,,inactive,2005
17624193,17786940,inactive,2005
17624207,,inactive,2005
17624215,,inactive,2005
17624223,,inactive,2005
17624231,,inactive,2005
17625653,,inactive,2005
17625661,,inactive,2004
17625688,,inactive,2005
17625696,,inactive,2005
1762570X,,inactive,2005
17625718,,inactive,2005
17641977,17762766,inactive,2009
17642507,,inactive,2023
17649137,,inactive,2007
17650887,19650167,inactive,2011
17653169,,inactive,2007
17654629,,discontinued,2018
17658888,,inactive,2022
17662389,,inactive,2009
17664705,,inactive,2010
17683262,,inactive,2020
17683572,,inactive,2007
17694493,,discontinued,2018
17696844,,inactive,2005
17697344,,inactive,2012
17711150,,inactive,2012
1772094X,,inactive,2007
17729416,1951655X,inactive,2011
17729890,17729904,inactive,2014
17729920,,inactive,2005
1773035X,17730368,discontinued,2016
17739578,21160090,inactive,2018
17744466,17753856,inactive,2016
1774640X,,inactive,2012
17748747,19524072,inactive,2008
17760550,,inactive,2006
17783712,17783720,inactive,2011
17783739,17783968,inactive,2008
17783798,1778381X,policy,2024
17784298,17784301,inactive,2013
17793572,,inactive,2013
17802393,03027430,inactive,2017
17819989,20303769,inactive,2011
17824168,,inactive,2023
17849934,,inactive,2017
17892082,20605587,inactive,2014
17893186,20609175,inactive,2013
17904439,,inactive,2015
17907306,17929172,inactive,2016
17908418,,inactive,2017
17914299,17914728,inactive,2017
17919266,,inactive,2020
17920981,17921015,discontinued,2018
17930480,17937035,discontinued,2017
17930847,,inactive,2023
17931355,,inactive,2023
17931398,23994495,inactive,2023
17933110,,inactive,2007
17934702,,inactive,2023
17935369,17937175,inactive,2011
17938430,17938473,inactive,2014
17939666,17939674,inactive,2010
1796203X,,discontinued,2013
17962048,,discontinued,2013
17962056,,discontinued,2014
1796217X,,discontinued,2014
17980461,17998859,discontinued,2014
1802016X,,inactive,1954
18020348,,inactive,1952
18020356,,inactive,1965
18024696,,inactive,2015
18026281,18031056,discontinued,2016
18029698,25102788,inactive,2020
18031757,18053769,inactive,2016
18041205,18045006,discontinued,2018
18053610,18053629,policy,2026
18060374,21790302,discontinued,2020
18061222,18061230,inactive,2015
18063845,21798699,policy,2025
18066445,19833342,inactive,2022
18084532,2179443X,inactive,2022
18092942,,inactive,2008
18096751,19849737,inactive,2010
18096867,19843542,inactive,2022
18106528,18106536,inactive,2012
18117775,18125700,discontinued,2018
18117805,,inactive,2006
18118194,19936117,discontinued,2014
18119506,22183973,discontinued,2018
18119700,18119719,discontinued,2018
18119727,18119735,discontinued,2018
18119778,18119786,discontinued,2018
1812156X,23126760,discontinued,2025
18121659,,policy,2023
18121837,23127791,discontinued,2017
18124461,22247963,inactive,2021
18125379,18125417,discontinued,2018
18125387,18125425,inactive,2009
18125638,18125646,inactive,2014
18125654,18125662,discontinued,2015
18125670,18125689,discontinued,2018
18128602,,inactive,2012
1813162X,23127589,discontinued,2025
18138586,,inactive,2005
18140068,,discontinued,2016
18142435,18142443,inactive,2009
18142680,,inactive,2003
18149235,,inactive,2004
18153852,,inactive,2017
1815445X,,inactive,2013
18157432,,discontinued,2016
1815932X,19936079,discontinued,2016
18159346,19936095,discontinued,2016
18159923,,discontinued,2016
18160735,18174256,inactive,2009
18160867,,inactive,2009
1816157X,1819544X,inactive,2012
18161820,18161839,discontinued,2018
18163319,1818779X,discontinued,2016
1816353X,18163548,discontinued,2017
18163920,,inactive,2020
1816448X,18175155,inactive,2017
18164897,,discontinued,2016
18164900,,discontinued,2018
18164919,21520461,discontinued,2016
18164927,19960751,discontinued,2016
18164935,,discontinued,2016
18164943,,discontinued,2016
18164951,,discontinued,2016
1816496X,2152100X,discontinued,2017
18164978,,discontinued,2016
18166075,18180523,discontinued,2024
18166253,18166261,inactive,2016
18168396,23057963,inactive,2016
1816949X,18187803,discontinued,2019
18169503,,discontinued,2016
18173055,19904061,discontinued,2014
18173721,,discontinued,2017
18175562,1998037X,inactive,2012
18184952,19916426,discontinued,2016
18185800,19936125,discontinued,2016
18186270,,inactive,2008
18191541,,discontinued,2016
1819155X,21522561,discontinued,2016
18191878,,discontinued,2016
18191886,21523509,discontinued,2016
18191894,,discontinued,2016
18191932,21520437,discontinued,2016
18193382,,discontinued,2016
18193404,21518297,discontinued,2016
18193420,,discontinued,2016
18193455,21517924,discontinued,2016
18193471,21516081,discontinued,2016
18193552,21516146,discontinued,2016
18193587,21516065,discontinued,2016
18193609,,discontinued,2016
18194311,21520941,discontinued,2016
18197124,18197132,discontinued,2017
18208665,2335075X,inactive,2021
18212158,18212638,inactive,2024
18227864,25387111,discontinued,2019
18230334,21982791,inactive,2022
18234690,,discontinued,2026
18235034,,inactive,2017
18237339,2289392X,discontinued,2024
18246672,22836659,inactive,2023
18249337,,inactive,2006
1825165X,,inactive,1996
18253865,18267572,inactive,2011
18272452,,inactive,2012
18286003,18286011,discontinued,2016
18286232,,inactive,2014
18286364,,inactive,2017
1829006X,,discontinued,2025
18293824,,discontinued,2022
18322077,,inactive,2022
18323804,,inactive,2023
18331882,24742260,inactive,2021
18333001,22060979,discontinued,2021
18334946,,inactive,2016
18338550,18344887,inactive,2020
18339735,,inactive,2016
18340806,18340814,inactive,2014
18342949,18342957,inactive,2009
18348076,,inactive,2011
18349013,,inactive,2022
18355617,18355625,inactive,2015
18356354,18379133,inactive,2014
18360858,18360866,inactive,2009
1836716X,,inactive,2015
18376614,1985692X,inactive,2021
18377122,18377130,inactive,2017
18401503,,inactive,2012
18402291,,inactive,2012
18403662,18403670,inactive,2023
18412394,24710881,policy,2023
18414435,,inactive,2012
18415261,2471089X,policy,2023
18416624,22845623,discontinued,2018
18423191,1938212X,discontinued,2021
1844122X,18443117,discontinued,2024
18457789,,discontinued,2017
18468551,,inactive,2022
1848543X,18485448,inactive,2016
18498582,2459542X,inactive,2018
18501044,18523862,inactive,2023
18536360,03281159,inactive,2004
18540171,,inactive,2022
18564550,,discontinued,2026
18575749,18575773,inactive,2015
18578365,18578438,discontinued,2021
18579345,18578985,inactive,2022
1858554X,,inactive,2014
18604730,,inactive,2008
18606245,18606253,inactive,2019
18607446,18603572,inactive,2016
18609716,18609724,inactive,2022
18610706,18610714,inactive,2019
18611370,18611362,inactive,2019
18612032,18612040,inactive,2021
18612253,18630685,inactive,2017
18613373,18613381,inactive,2009
18614051,,inactive,2008
18617603,,discontinued,2017
18619681,1861969X,inactive,2022
1862040X,18620418,inactive,2022
18620612,,inactive,2013
18624243,,inactive,2023
18626351,16101642,inactive,2017
18627595,18627609,inactive,2018
18628818,18628826,inactive,2008
18634621,1863463X,inactive,2021
18634672,,discontinued,2020
18635954,21975523,discontinued,2023
18638155,18638163,discontinued,2018
18638538,18638546,inactive,2021
18638678,,inactive,2009
1863916X,,inactive,2015
18640281,18640303,inactive,2010
18645739,18645747,inactive,2011
18646158,18646166,inactive,2017
1864905X,25694243,inactive,2023
18649718,18649726,inactive,2022
18652034,18652042,inactive,2018
18652433,18655394,inactive,2014
18653928,18653936,inactive,2013
18660134,,inactive,2011
18666116,18666647,inactive,2019
18667511,18667538,discontinued,2021
18668348,18668356,inactive,2022
18672086,18672094,inactive,2023
18672590,,inactive,2016
18673007,16198638,inactive,2010
18674305,18674313,inactive,2022
18674569,18674577,inactive,2015
18675662,18675670,inactive,2012
18676936,18676944,inactive,2020
18680356,,inactive,2012
18681646,18612121,inactive,2018
18682006,18682014,inactive,2023
18684904,18684912,inactive,2012
18685307,18685315,inactive,2023
18688497,18688500,inactive,2020
18688519,,inactive,2018
18688799,18630383,discontinued,2023
18690459,18692885,discontinued,2019
18691951,1869196X,inactive,2015
18691978,18691986,inactive,2015
1869697X,18696988,inactive,2013
1869876X,18698778,inactive,2015
18700713,24489123,inactive,2016
18710069,,inactive,2007
18711073,09289038,inactive,2014
18711294,,inactive,2007
18711731,,inactive,2007
18711774,,inactive,2008
18712320,,inactive,2006
18712592,,inactive,2007
18712673,,inactive,2009
18712711,,inactive,2010
18713025,,inactive,2011
18714641,,inactive,2008
1871465X,,inactive,2007
18714668,,inactive,2009
18714757,18714765,inactive,2025
18715214,18756018,inactive,2010
18715222,18756115,inactive,2018
18715281,,inactive,2015
18716067,,inactive,2020
18716431,18798101,inactive,2017
1871644X,,inactive,2008
18716725,,inactive,2010
18716938,,inactive,2012
18717829,,inactive,2023
18717934,18717942,inactive,2008
18718736,,inactive,2021
18718787,,inactive,2019
18718868,18721915,inactive,2009
18720358,,inactive,2006
18720684,,inactive,2023
18720854,22122044,inactive,2020
18721990,,inactive,2008
18722032,,inactive,2023
18722113,22124039,inactive,2020
1872213X,22122710,inactive,2020
18722148,22123334,inactive,2017
18722156,22123431,inactive,2013
18722423,,inactive,2008
18723128,18740758,inactive,2021
18724531,,inactive,2008
18725325,18725333,inactive,2015
18725481,,inactive,2021
1872552X,18768768,inactive,2009
18725791,,inactive,2009
18726127,,inactive,2021
18727158,,inactive,2023
18727190,,inactive,2011
18727212,,inactive,2010
18727220,,inactive,2011
18727239,,inactive,2011
18729932,,inactive,2022
18730043,22151788,inactive,2020
18730140,,inactive,2005
18730418,,inactive,2003
18731791,18768741,inactive,2011
18731988,,inactive,2012
18735037,,inactive,2022
18736033,18798225,inactive,2010
1873653X,,inactive,2021
18736580,,inactive,2012
18736602,,inactive,2007
18736629,,inactive,2011
18737463,,inactive,2019
18738982,,inactive,2015
1873975X,,inactive,1996
18739822,,inactive,2004
18739881,,inactive,2004
18740588,,inactive,2021
18741142,,inactive,2013
18742734,,inactive,2009
18744648,18744656,inactive,2019
18744737,18744745,inactive,2017
18744761,,inactive,2012
18744788,,inactive,2013
18745075,,inactive,2005
18745172,,inactive,1999
18745245,,inactive,1997
18745326,,inactive,2000
18745334,,inactive,2006
18745342,,inactive,1997
18745431,,inactive,2007
1874561X,,inactive,2000
18745644,,inactive,2005
18745652,,inactive,2003
18745660,,inactive,1998
18745679,,inactive,2005
18745687,,inactive,1997
18745695,,inactive,2006
18745709,,inactive,2005
18745717,,inactive,2009
18745725,,inactive,2008
18745733,,inactive,2008
18745741,,inactive,2006
1874575X,,inactive,2010
18745784,,inactive,2006
18745792,,inactive,2007
18745822,,inactive,1996
18745849,,inactive,2003
18745857,,inactive,2014
1874589X,,inactive,1996
18745903,,inactive,1999
18745911,,inactive,2002
1874592X,,inactive,1996
18745970,,inactive,2006
18745997,,inactive,2008
18746004,,inactive,2022
18746055,,inactive,2006
1874608X,,inactive,1999
18746101,,inactive,1999
18746659,,inactive,2014
18746942,,inactive,2006
18747043,,inactive,2003
18747051,,inactive,2007
18747647,,inactive,2013
18748341,,discontinued,2018
18748554,18748562,inactive,2008
18748635,,inactive,2001
18749305,,inactive,2006
18750192,18798217,inactive,2021
18750273,,inactive,2013
18750656,1879811X,inactive,2013
18750664,,inactive,2009
18750672,18750680,inactive,2021
18751121,,inactive,2011
18751288,18751296,inactive,2022
18751741,18751733,inactive,2009
18751768,1875175X,inactive,2022
18752292,18752284,inactive,2019
18752772,,inactive,2010
18752780,,inactive,2012
18752799,,inactive,2016
1875306X,,inactive,2008
18754023,,inactive,2013
18754570,18754562,inactive,2011
18754597,1875452X,inactive,2016
18754678,,inactive,2022
18755100,,inactive,2022
18757170,18757162,inactive,2012
1875936X,,inactive,2012
18759491,,inactive,2008
18759742,18759750,inactive,2012
18759807,,inactive,2018
18759823,,inactive,2018
18760503,,inactive,2008
18760562,,inactive,2014
18761658,18761666,inactive,2015
18762204,18762212,discontinued,2018
18762778,1876276X,inactive,2022
18763111,,inactive,2009
18764533,18764541,inactive,2012
18764983,18764991,inactive,2011
18765092,18765149,inactive,2022
18765106,,inactive,2011
18765580,,inactive,2023
18766102,,inactive,2019
18767354,18767362,inactive,2016
1876830X,,inactive,2016
18768814,,inactive,2022
18769055,,inactive,2011
1876973X,,inactive,2018
18769861,,inactive,2020
18770215,,inactive,2023
18771319,,inactive,2012
18771432,,inactive,2023
18771718,,inactive,2022
18771823,,inactive,2006
1877184X,,inactive,2010
18772129,,inactive,2020
18773419,,inactive,2004
18775934,18775942,inactive,2015
18776264,,inactive,2023
18776531,,inactive,2023
18776558,18776566,inactive,2015
18777236,18777244,inactive,2023
18777392,,inactive,2023
18778607,18778615,inactive,2010
1877881X,,inactive,2016
18779123,18779131,inactive,2015
18779484,,inactive,2023
18783317,18783325,inactive,2014
18784755,18784763,inactive,2012
18785352,,policy,2024
18786227,22120920,inactive,2022
18786480,18786502,inactive,2023
18786529,18786537,inactive,2024
1878786X,18787878,inactive,2022
18787959,18787967,inactive,2010
18788084,,inactive,2021
1878948X,18789498,inactive,2020
18789730,18789749,inactive,2021
18794637,18756875,inactive,2014
18795382,,inactive,2022
18795390,18795404,inactive,2016
1879629X,,inactive,2016
1879663X,24519162,inactive,2023
18797539,18797547,inactive,2011
18797717,18797725,inactive,2015
18799027,18799035,inactive,2015
18800939,,inactive,1998
18801447,18813747,inactive,2013
18801994,,inactive,2005
18816096,13448129,inactive,2020
18818463,,inactive,2018
18822398,18824749,inactive,2017
18822606,,inactive,2013
18823351,1882336X,inactive,2014
18824072,21862494,inactive,2016
18825176,,inactive,2018
1882532X,18832407,inactive,2016
18830870,18830889,inactive,2022
18830978,18832318,inactive,2021
18853137,,inactive,2023
18862845,18867278,discontinued,2016
18863604,,inactive,2009
18868576,23407700,discontinued,2024
18869297,11396040,inactive,2011
18875890,20138431,inactive,2011
18880258,,inactive,2017
18884008,19890389,discontinued,2018
18886116,,inactive,2018
18888526,,inactive,2017
18889891,19894600,inactive,2023
18893066,19897251,inactive,2022
1889898X,,inactive,2018
1895104X,16443632,inactive,2014
18951058,16443640,inactive,2014
18951066,16443624,inactive,2014
18951074,16443616,inactive,2014
18951082,16443608,inactive,2014
18951767,,discontinued,2022
18952089,,inactive,2015
18958281,20834608,discontinued,2020
18961541,20819927,inactive,2014
18969666,,inactive,2012
18971199,,inactive,2007
18972276,24499145,inactive,2016
18980678,16894898,inactive,2017
18982115,,inactive,2010
1898617X,20844557,inactive,2020
18986188,26577798,inactive,2020
18993044,,inactive,2015
19018401,,inactive,2015
19044720,22454586,discontinued,2021
19045514,,inactive,1999
19112017,19112025,discontinued,2015
19131844,19131852,discontinued,2015
19135963,,inactive,2018
19137176,23682639,inactive,2016
19139020,19139039,discontinued,2015
19139063,,discontinued,2015
19169736,19169744,inactive,2016
19185561,,inactive,2011
19187173,19187181,discontinued,2015
19231210,,inactive,2015
19233981,1923399X,discontinued,2020
19234023,19234031,discontinued,2020
19237529,19238401,discontinued,2023
19239335,19239343,discontinued,2020
19255764,19255772,inactive,2022
19256515,19256523,inactive,2014
19276044,19276052,discontinued,2020
19276141,,inactive,2016
19276311,1927632X,inactive,2014
19277210,19277229,discontinued,2016
19300794,,inactive,2006
19301855,,inactive,2023
19304307,19304315,inactive,2007
19305753,,inactive,2010
19308965,,inactive,2000
19310293,,inactive,2011
1931308X,23260068,inactive,2014
19316550,15508366,inactive,2008
19316925,19380704,inactive,2009
19317093,21679649,inactive,2018
19317573,1556276X,inactive,2022
19318189,,inactive,2016
19318278,,inactive,2010
19319592,,inactive,2007
1932121X,19321678,inactive,2013
19321236,19321694,inactive,2023
19321252,19321716,inactive,2013
19321260,19321724,inactive,2007
19324855,19329555,inactive,2011
19325150,19325134,inactive,2020
19325223,19325231,inactive,2016
19325614,19325622,inactive,2010
19326076,19326084,inactive,2019
19327587,19329954,inactive,2013
19329423,,inactive,2014
19331266,,inactive,2007
19331711,18787436,inactive,2018
19332742,,inactive,2008
19334192,19334206,inactive,2021
19336632,21616310,inactive,2023
19338996,19339003,inactive,2015
1933978X,19339798,inactive,2011
19341997,,inactive,2009
19342500,19342616,inactive,2020
19342799,19342837,inactive,2014
19343396,1934340X,inactive,2020
19343477,,inactive,2008
19343639,19343647,inactive,2020
19343655,19343663,inactive,2020
19343671,1934368X,inactive,2020
19344287,,inactive,2019
19346182,19346190,inactive,2015
19347820,19347987,inactive,2015
19347995,,inactive,2005
19348266,19348258,inactive,2020
19348282,19348290,inactive,2020
19348525,19348533,inactive,2020
19348584,19348576,inactive,2020
19349254,19349262,inactive,2020
19349270,19349289,inactive,2020
19349297,19349300,inactive,2020
19351232,19412010,discontinued,2022
19351623,25722913,inactive,2016
19352514,,inactive,2011
19352700,19352719,inactive,2019
19352824,,inactive,2013
19352840,,inactive,2011
19352875,,inactive,2013
19354185,19354193,inactive,2020
1935570X,19355718,discontinued,2024
19356684,,inactive,1975
19357001,,inactive,2023
19359179,,inactive,2018
19362994,19378696,inactive,2009
19363001,19366760,inactive,2010
19365802,19365810,inactive,2022
19366426,19366434,inactive,2025
19366612,19367317,discontinued,2017
19367961,,inactive,2011
19368437,19368445,inactive,2012
19368526,,inactive,2007
19369255,,inactive,2014
19369719,19369727,inactive,2013
1936993X,,inactive,2008
19370660,19473613,inactive,2016
19370695,19370709,inactive,2020
19371209,19371217,inactive,2024
19373260,19373279,inactive,2015
19374569,,inactive,2008
19375212,,inactive,2010
19375905,,inactive,2010
19377010,,inactive,2015
19379633,19379641,inactive,2014
19381956,19381964,inactive,2015
19381972,19381980,inactive,2018
19381999,19382006,inactive,2011
19382030,19382049,inactive,2011
19385773,,inactive,2013
19386206,,inactive,2012
19387857,19387865,discontinued,2020
19390114,19390122,discontinued,2023
19390459,19390467,inactive,2015
19390637,19390653,inactive,2012
19392095,19392109,inactive,2015
19392230,19392249,inactive,2012
19394594,,inactive,2010
19395094,1939005X,inactive,2020
19395221,1939523X,inactive,2019
19395256,10928235,inactive,2016
19395833,23740906,inactive,2022
19395906,,inactive,2011
19395914,,discontinued,2021
19395949,,inactive,2012
19396163,23340274,inactive,2009
19398441,1939845X,inactive,2010
19401736,19401744,inactive,2016
19403151,15429423,inactive,2013
19405510,19405529,inactive,2013
19406061,1940607X,inactive,2015
19407882,19407890,inactive,2018
19408153,,inactive,2011
19408307,19408315,inactive,2013
19409419,19409427,inactive,2021
19414064,19414072,inactive,2015
19414390,19414404,inactive,2011
19414889,19414897,inactive,2023
19414900,19414919,discontinued,2017
19415516,19415524,policy,2025
19415532,19415540,inactive,2012
19417020,19417039,discontinued,2016
19417322,19388969,inactive,2020
19417713,19417705,inactive,2025
19419198,,inactive,2013
19422431,,inactive,2011
1942325X,19423268,inactive,2018
19424620,19424639,inactive,2015
19424736,,inactive,2009
19430604,19430612,inactive,2015
1943068X,19430698,inactive,2017
19430841,19430833,inactive,2010
1943085X,19430868,inactive,2012
19430876,19430884,inactive,2010
19430892,19430906,inactive,2014
1943345X,,inactive,2019
19433514,,inactive,2010
19433875,19433883,inactive,2014
19438095,,discontinued,2020
19440391,19440405,inactive,2020
19441967,19441975,discontinued,2020
19444516,19444524,inactive,2013
19445083,19445091,inactive,2014
19445563,,inactive,2005
19447019,,inactive,1965
19447027,,inactive,1966
19453019,19366264,discontinued,2016
19453337,19453345,inactive,2021
19453582,,inactive,2009
19454481,21642494,inactive,2018
19454570,19454732,inactive,2014
19456123,19456131,inactive,2019
19458959,18107621,inactive,2022
19461186,19461194,inactive,2023
19463995,19464002,inactive,2021
19464614,19464622,inactive,2019
19464789,18746314,inactive,2007
19464959,,inactive,2009
19464967,19469365,inactive,2010
19465130,24704733,discontinued,2023
1946584X,19465858,inactive,2014
19466536,19466544,inactive,2019
19472935,19472943,discontinued,2017
19474989,23741023,inactive,2016
19475136,19475144,inactive,2023
19475748,19475756,inactive,2018
19484984,,inactive,2016
19486553,19486561,inactive,2010
19488289,19488297,inactive,2018
19488300,19488319,inactive,2016
19489137,21622752,policy,2023
19489145,23744383,discontinued,2021
1949095X,19490968,inactive,2016
19490992,1949100X,inactive,2016
19491018,19491026,inactive,2015
19492944,19492952,inactive,2016
19515995,19516002,discontinued,2016
19516371,1951638X,inactive,2020
19543204,19543212,inactive,2023
19552068,1955205X,inactive,2010
19577729,19577737,inactive,2012
19585586,19585594,inactive,2017
19601360,21043728,inactive,2021
19607652,,inactive,2012
19614209,,inactive,2010
19650817,19650825,inactive,2015
19700393,,discontinued,2011
19705492,,inactive,2011
19707339,,inactive,2009
19723539,,inactive,2013
19726325,,discontinued,2025
19727356,,inactive,2013
19728247,,inactive,2023
19733291,,inactive,2007
19734832,22833137,inactive,2016
19739621,20360924,inactive,2014
1973963X,20360908,inactive,2012
19739648,20360932,inactive,2013
19739656,20360894,inactive,2012
19739664,20360886,inactive,2013
19745648,20352468,policy,2022
19747640,20360916,inactive,2012
19750080,,discontinued,2016
1975020X,20934521,inactive,2012
19754094,,discontinued,2016
19754612,20059655,inactive,2018
19759320,22339299,inactive,2012
19759339,22339310,inactive,2012
19763700,22339345,inactive,2013
19783043,,inactive,2013
19783051,,inactive,2013
19783086,,inactive,2012
19806442,19819366,inactive,2009
19833628,,inactive,2016
19838905,,inactive,2014
19903839,,inactive,2011
19907729,,inactive,2012
19909233,19998147,discontinued,2014
19911599,2312993X,discontinued,2018
19915047,,inactive,2019
19918178,,inactive,2012
1991931X,,inactive,2007
19920075,,discontinued,2014
19921454,20772076,discontinued,2018
19921462,2077205X,discontinued,2018
19921470,20772033,discontinued,2018
19921950,,inactive,2012
19923147,18187668,inactive,2016
19926197,19998163,discontinued,2014
19930909,26633116,discontinued,2021
19933800,19933819,inactive,2015
19935250,,discontinued,2016
19935412,19944659,discontinued,2015
19936788,,discontinued,2016
19941625,19941633,discontinued,2024
19941951,,discontinued,2023
19945442,20772157,discontinued,2018
19945450,20772173,discontinued,2018
19947879,20772041,discontinued,2018
19947887,,discontinued,2018
19947909,20772211,discontinued,2018
19947925,2077222X,discontinued,2018
19947941,20772254,discontinued,2018
19948220,,discontinued,2016
19950748,19981074,inactive,2014
19950756,19981066,inactive,2015
19950772,19981090,inactive,2012
19950780,19950799,inactive,2020
19952848,19952856,inactive,2017
19952880,19952899,inactive,2015
1995459X,,inactive,2015
19958943,,discontinued,2013
19963343,,discontinued,2016
19967195,,discontinued,2021
19967756,20718721,inactive,2016
19969457,19969465,inactive,2022
19975422,,discontinued,2016
19976690,19961553,inactive,2023
19980140,,discontinued,2016
19980159,,discontinued,2016
19987773,19987781,inactive,2023
19992521,1999253X,inactive,2022
19997108,,inactive,2011
19998589,,inactive,2016
20001444,,inactive,2011
20052901,20938152,inactive,2024
20054238,22076360,discontinued,2020
20054254,2207970X,inactive,2016
20054262,22076379,discontinued,2018
20054270,,inactive,2016
20054297,22076387,discontinued,2020
20056737,20056745,inactive,2015
20058039,22339337,inactive,2012
20068808,09762825,inactive,2015
20081898,20081901,discontinued,2016
20082398,20082401,inactive,2015
20083505,20087683,discontinued,2020
20083556,20086695,inactive,2019
20086520,20086814,inactive,2020
20087055,23453745,inactive,2023
20101732,,inactive,2020
20102763,,inactive,2021
2010376X,20103778,inactive,2011
20103905,20103913,inactive,2012
20134118,20148151,inactive,2021
20272103,21450226,discontinued,2019
20282508,,discontinued,2017
20283997,,discontinued,2019
20290187,20290209,inactive,2013
20297017,20297025,discontinued,2020
20297491,20296169,inactive,2020
20322887,,inactive,2012
20326904,20326912,inactive,2022
20353901,,inactive,2011
20359969,2036282X,inactive,2016
20362641,2036265X,inactive,2017
20363176,20367902,inactive,2019
20363257,20366329,inactive,2011
20367511,2036752X,inactive,2016
20367996,20356005,inactive,2015
20380305,20383274,inactive,2021
20384106,,policy,2026
20389922,20389930,discontinued,2013
20391471,2039148X,inactive,2022
20399340,20392117,discontinued,2016
20402295,20402309,inactive,2024
20402503,20402511,inactive,2019
2040266X,,inactive,2022
2040350X,20403518,inactive,2025
20403526,20403534,inactive,2018
20404026,20404034,inactive,2012
20404050,15576272,inactive,2014
20404182,,inactive,2018
20407459,20407467,discontinued,2015
20411618,20411626,inactive,2019
2041272X,20412738,inactive,2014
20414684,20414692,policy,2023
20418000,,inactive,2013
2041806X,,inactive,2012
20418418,20418426,inactive,2016
20419716,20419724,inactive,2022
20419732,20419740,inactive,2013
20420919,,inactive,2014
20423489,20423497,inactive,2017
20424701,,inactive,2012
20424868,20424876,discontinued,2015
20425503,20425511,inactive,2018
20427867,26334216,inactive,2023
20429622,,inactive,2009
20430779,20430787,inactive,2014
20437234,20567979,inactive,2020
20440774,20440782,inactive,2022
2044253X,20442548,inactive,2023
20449038,20449046,inactive,2017
20451059,20451067,inactive,2022
20451695,20451709,inactive,2016
2045547X,,inactive,2019
20460066,20460074,inactive,2021
20460546,20460554,policy,2026
20469063,,inactive,2015
20471483,17473497,inactive,1852
20471491,17473438,inactive,1988
20479751,17473500,inactive,1841
20479921,,inactive,2018
20483430,,inactive,2023
20491034,,inactive,2019
20492146,20492154,inactive,2022
20493541,2049355X,inactive,2021
20495471,2049548X,discontinued,2015
20501420,20501439,inactive,1954
20502249,20502257,inactive,1903
20505868,20505876,inactive,2017
20513771,20507399,discontinued,2020
20514530,20514549,inactive,2022
20514883,20514891,discontinued,2022
20525931,20532091,inactive,2014
20534345,20534353,inactive,2023
20534868,20534876,inactive,2017
20541236,,inactive,2019
20555377,20555385,inactive,2023
20556314,20493509,inactive,2023
20557191,20569149,inactive,1948
20557795,20557809,inactive,2019
20563272,20563280,policy,2025
20571607,,inactive,2019
20584555,20584563,inactive,2018
20587554,,inactive,2016
20588305,20588313,policy,2026
20591586,20518757,inactive,2017
20596588,20596596,discontinued,2022
20611617,20615094,inactive,2020
20652151,2065216X,inactive,2020
20667655,20667663,discontinued,2018
20668201,22474528,discontinued,2022
20672640,20689861,inactive,2019
20673019,20678282,discontinued,2020
20675151,20682956,inactive,2023
20698267,20698534,inactive,2021
20704658,20704666,inactive,2018
20711042,,inactive,2001
20720939,,inactive,2012
20726805,20910320,inactive,2021
20729235,,inactive,2015
20735073,27128458,inactive,2021
20738099,,discontinued,2020
20741804,20741812,discontinued,2018
20742738,22226648,discontinued,2024
20760507,20788312,discontinued,2015
20760930,2073607X,policy,2022
20775113,,inactive,2011
20777000,20777019,policy,2025
20780303,,discontinued,2016
20789181,20789599,inactive,2020
20790015,20799209,inactive,2014
20790597,20790600,inactive,2018
20791216,20791224,inactive,2010
20808003,,inactive,2014
2081139X,23920629,inactive,2021
20811632,24510750,inactive,2021
20813287,20810768,inactive,2021
20817533,,inactive,2021
20819900,18961517,inactive,2014
20828691,24506125,inactive,2016
20841302,26577461,inactive,2022
20844441,22992529,inactive,2016
20847696,20841558,policy,2022
20888708,27222578,discontinued,2025
20891180,23022914,discontinued,2024
20900120,20900139,inactive,2018
20900163,20900171,inactive,2017
20900406,20900414,inactive,2019
20900422,20900430,inactive,2024
20901283,20901291,inactive,2018
20901402,20901410,inactive,2024
20901445,20901453,inactive,2024
20901542,20901550,inactive,2019
2090181X,20901828,inactive,2018
20902085,20902093,inactive,2023
20902220,20902239,inactive,2017
20902867,20902875,inactive,2024
20903154,20903162,inactive,2019
20903332,20903340,inactive,2018
20903995,20903987,inactive,2019
20904002,20904010,inactive,2024
20904355,20904363,inactive,2014
20905041,2090505X,inactive,2014
20905106,20905114,inactive,2014
20905122,20905130,inactive,2014
20908067,20420072,inactive,2024
20908075,20444362,inactive,2020
20908091,2042003X,inactive,2018
20909551,2090956X,discontinued,2023
20928637,22339388,inactive,2015
20929862,20933797,inactive,2015
20934009,2233940X,inactive,2013
20937822,20937830,inactive,2012
20940343,,inactive,2023
20950179,20950187,inactive,2025
20950217,20950225,inactive,2025
20950233,20950241,inactive,2025
2095087X,21960577,inactive,2019
20951264,,inactive,2016
20951701,20951698,inactive,2025
20952201,2095221X,inactive,2025
20952430,20952449,inactive,2025
20954034,,inactive,2013
20957254,,inactive,2023
20957505,2095977X,inactive,2026
20957513,20960255,inactive,2025
20966873,25247859,inactive,2023
21016739,21026025,inactive,2016
21033641,21167109,discontinued,2020
21122520,,inactive,2014
21412502,,discontinued,2017
21456569,,inactive,2015
21460655,2148239X,discontinued,2023
2146457X,21464588,inactive,2015
21464596,2146460X,inactive,2016
21464618,21464626,inactive,2013
21470901,25648020,discontinued,2025
21492247,21492549,discontinued,2018
21493235,21493057,inactive,2022
21501297,21501300,inactive,2013
21501394,21516243,inactive,1954
21504210,21504253,discontinued,2016
2150427X,21504296,discontinued,2015
21504792,21504806,inactive,2012
21506884,,inactive,2018
21507716,21507724,inactive,2013
21510032,21510040,inactive,2021
21513732,21513740,inactive,2018
21514399,21568634,inactive,2021
21517746,21513805,inactive,2010
21518017,21518025,inactive,2021
21518378,21544212,inactive,2022
21526575,21526567,inactive,2022
21533369,14691957,inactive,2021
21535434,21535477,inactive,2017
21538387,,inactive,2016
21547238,2374135X,inactive,2021
21551278,,inactive,1968
21551359,,inactive,1964
21553769,21553777,inactive,2020
21555095,21602611,inactive,2017
21560382,,inactive,1907
21561664,21561656,inactive,2013
2156213X,21564566,inactive,2013
21565872,21565899,inactive,2017
21567018,21567026,discontinued,2017
21567573,21567581,inactive,2018
21567743,,inactive,2011
21568952,21568944,inactive,2020
2157037X,,inactive,2012
21579083,21579091,discontinued,2017
21579970,,inactive,2017
21580510,21580529,discontinued,2025
21583595,,discontinued,2024
21585849,21585857,policy,2021
21587833,21593078,inactive,2016
21589666,21589674,inactive,2020
21590354,,inactive,2014
21592527,21592535,inactive,2016
21592543,2159256X,inactive,2016
21592977,,inactive,2021
21601577,21601593,inactive,2017
21602247,,inactive,1951
21602999,21603006,inactive,2013
21604134,21604142,inactive,2020
21604711,2160472X,inactive,2020
21605351,21605904,inactive,2013
21622493,21622507,inactive,2014
21628726,21628734,inactive,2015
21628742,21628750,inactive,2015
21640262,23783524,discontinued,2020
2164957X,21649561,inactive,2022
21658218,21658242,inactive,2016
21659079,21659087,inactive,2015
21660468,21660476,inactive,2024
21661316,21661324,inactive,2021
21673756,,inactive,2023
21674191,21674205,inactive,2019
21678464,19407610,inactive,2021
21680167,21680175,inactive,1954
21680213,21680221,inactive,1952
21680329,21680337,inactive,1989
21680353,21680361,inactive,1973
21680523,21680515,inactive,1962
21680604,21557888,inactive,2023
21680639,21680647,inactive,1955
2168071X,21680728,inactive,1953
21680965,21680973,discontinued,2022
21681619,21681627,inactive,1954
21681678,21630070,inactive,2018
21681686,21681694,inactive,1954
21681740,21681759,inactive,1953
21681848,21681856,inactive,1963
21681880,21681899,inactive,1954
21682690,21682704,inactive,1954
21682763,,inactive,1954
21682771,21682798,inactive,1954
21682968,21682976,inactive,1954
21683026,21683018,inactive,1952
21683069,21683050,inactive,1973
21683093,21683085,inactive,1983
21684219,21684235,inactive,2022
21685266,,inactive,2020
21686076,21686092,inactive,2019
21689725,21689733,inactive,2021
21690324,21690332,inactive,2023
2169074X,21690731,inactive,2016
2169432X,,policy,2021
21713669,21719705,inactive,2017
21723761,21736359,inactive,2012
21731268,,inactive,2017
21734127,,inactive,2014
21783713,,inactive,2021
21801843,22898131,discontinued,2018
21833869,21839956,discontinued,2026
21900752,,inactive,2013
2190460X,21904618,inactive,2014
21904766,25693921,inactive,2021
21907307,,inactive,2023
21915369,21915377,inactive,2015
2191558X,21915598,inactive,2014
21915733,,inactive,2016
21915741,,inactive,2015
2191737X,21917388,inactive,2022
21922624,21956545,inactive,2020
21926204,21926212,inactive,2015
21926786,21926794,inactive,2023
21929645,21929653,inactive,2019
21930635,21930643,inactive,2016
21930651,2193066X,inactive,2017
21931682,21931690,inactive,2018
21932085,25694332,inactive,2023
2193858X,21938571,inactive,2021
21940541,2194055X,inactive,2022
21945357,21945365,discontinued,2021
21946280,19416008,inactive,2013
21947740,21947759,inactive,2022
21949255,19355041,inactive,2012
21954771,2195478X,inactive,2017
21955018,25694464,inactive,2023
21961670,21961689,inactive,2019
21967482,,inactive,2021
21970009,21970017,inactive,2022
21976740,21976759,inactive,2019
21979766,21979774,inactive,2021
21982562,21982570,inactive,2022
21983402,21982627,inactive,2020
21989923,21989931,inactive,2022
21991030,21991049,inactive,2015
21992584,21992592,inactive,2023
21992983,,inactive,1891
22003517,,inactive,2017
22003592,22003452,discontinued,2017
22003886,,inactive,2017
22011315,22011323,discontinued,2020
22027114,22071512,inactive,2017
22027270,,inactive,2022
22040552,18334105,inactive,2016
22078843,2207872X,discontinued,2024
22102868,,inactive,2023
22102876,,inactive,2020
22102884,,inactive,2015
22102965,22102973,inactive,2015
22103090,22103104,inactive,2015
2210481X,22104828,inactive,2022
22104836,,inactive,2022
22105220,,inactive,2014
22105239,,inactive,2014
22105336,,inactive,2018
22106030,22106049,inactive,2010
22106073,22106081,inactive,2010
2210609X,22106103,inactive,2010
22106189,22106170,inactive,2010
22106480,,inactive,2023
22106545,,inactive,2017
22106812,22106820,inactive,2025
22106847,18776132,inactive,2014
22107010,,inactive,2020
22107053,,inactive,2017
22107940,22107959,inactive,2013
22108335,22108343,inactive,2018
22108807,,inactive,2010
22108823,,inactive,2012
22110313,,inactive,2012
22110682,22110690,inactive,2016
22111042,22111050,inactive,2021
22111220,,inactive,2016
22111441,2211145X,inactive,2020
22112014,,inactive,2022
22113010,,inactive,2019
22113444,,inactive,2019
22114238,,inactive,2023
22114254,22114262,inactive,2012
22114610,22114629,inactive,2023
22115323,,inactive,2018
22115366,22115374,inactive,2019
22115420,22115439,inactive,2016
22115501,2211551X,inactive,2017
22115528,22115536,inactive,2015
22115552,22115544,inactive,2015
22115560,22115579,inactive,2016
22115846,,inactive,2018
22115943,,inactive,2017
2211632X,22116338,inactive,2023
22116664,,inactive,2014
22116885,,inactive,2013
22117342,,inactive,2017
22117369,22117377,inactive,2019
22117547,,inactive,2014
2211937X,22119388,inactive,2023
2211968X,,inactive,2014
22119701,2211971X,inactive,2022
22120076,22120084,inactive,2016
22120092,,inactive,2015
22120211,,inactive,2017
22120505,,inactive,2021
22120661,,inactive,2016
22124780,22124799,inactive,2019
22125876,,inactive,2022
22126082,,inactive,2017
22126090,22126104,inactive,2017
22126139,,inactive,2017
2212683X,,inactive,2018
2212697X,22126988,inactive,2016
22127038,22127046,inactive,2015
22127070,22127089,inactive,2016
2212764X,,inactive,2017
22127828,2212781X,inactive,2019
22127984,18761429,inactive,2021
22128166,,inactive,2020
22128328,,inactive,1994
22128794,22128808,inactive,2015
22129006,,inactive,2023
22129529,22129537,inactive,2022
22129553,,inactive,2015
22129626,22129634,inactive,2015
22129693,,inactive,2015
22130519,,inactive,2019
22130608,,inactive,2023
22130896,,inactive,2016
22131051,,inactive,2017
22131116,22131132,inactive,2013
2213235X,22132368,inactive,2016
22132759,18744796,inactive,2019
22132902,,inactive,2017
22133399,,inactive,2023
22133852,22133860,inactive,2016
2213459X,22134603,inactive,2022
22134670,22134689,inactive,2017
2213493X,,inactive,2019
22135103,,inactive,2017
22135960,,inactive,2017
22136010,,inactive,2018
22136401,,inactive,2022
22136533,22136541,inactive,2016
22137130,,inactive,2020
22138439,,inactive,2021
22138846,22138854,inactive,2018
22138986,22138994,inactive,2023
22139095,22139109,inactive,2020
22139141,,inactive,2022
22139729,,inactive,2020
22140247,,inactive,2015
22140751,,inactive,2012
22141340,,inactive,2021
2214157X,,discontinued,2025
22141669,,inactive,2017
22142428,,inactive,2017
22142436,,inactive,2017
22142487,22142495,inactive,2015
22143122,,inactive,2016
22143998,,inactive,2017
22145613,,inactive,2023
22146555,,inactive,2016
22146571,,inactive,2016
22147624,,inactive,2017
22147632,,inactive,2014
22148329,,inactive,2020
22149104,,inactive,2021
22149511,,inactive,2019
22178961,,policy,2022
22199764,26178982,discontinued,2025
22201319,24089370,inactive,2021
22205438,26407361,inactive,2024
22211055,24132322,policy,2025
22212701,25419595,inactive,2023
22221808,,inactive,2017
22224424,22224432,inactive,2018
22233806,19275951,discontinued,2021
22239375,23084928,inactive,2022
22240713,23071419,discontinued,2025
22241507,23071133,policy,2025
22243992,22246509,inactive,2017
22244514,,inactive,2013
22245820,22245839,discontinued,2023
22263322,24143596,inactive,2025
22272771,2077124X,discontinued,2020
22276394,,inactive,2016
22280588,22280596,inactive,2020
22285970,22285547,policy,2020
22287019,22287027,inactive,2019
22297359,09764402,policy,2024
22303766,,inactive,2012
22306064,,inactive,2006
2230973X,22309713,inactive,2015
22312196,09755241,discontinued,2021
2231525X,,discontinued,2017
22321020,,inactive,2017
2233601X,20936516,inactive,2020
22337849,,discontinued,2016
22337903,20930488,inactive,2014
22391959,22397221,discontinued,2025
22395938,22396101,discontinued,2021
22414487,17928036,discontinued,2026
22414754,,discontinued,2020
22472452,,inactive,2013
22477195,22480382,inactive,2023
22478051,2247806X,discontinued,2025
22495851,,inactive,2015
22496890,22498001,discontinued,2020
22497277,22777970,discontinued,2018
2249782X,0973709X,discontinued,2018
22501444,22501460,discontinued,2016
22501541,19472714,inactive,2016
22511644,,inactive,2023
22513965,,inactive,2018
22517294,,inactive,2015
22528806,26204126,discontinued,2024
22543295,22543511,inactive,2019
22613684,22612211,inactive,2019
22654534,,inactive,2015
22774343,22293566,discontinued,2016
22777466,22777474,inactive,2014
22801855,27046192,inactive,2024
22813993,22814612,discontinued,2024
22822305,22820930,inactive,2020
22824324,,inactive,2021
22835423,,inactive,2005
22842993,25321234,discontinued,2018
22871640,20937695,inactive,2023
22884637,22884645,discontinued,2021
22894659,22318380,discontinued,2020
22897879,,discontinued,2025
22911847,22911855,inactive,2023
22916822,22916830,discontinued,2024
22961895,22961887,inactive,2018
22966056,22966064,inactive,2017
22973508,22973486,inactive,2020
22978712,,inactive,2021
22993711,23005505,policy,2020
23049650,23056746,discontinued,2023
23053488,,discontinued,2020
23055839,23055847,discontinued,2017
23060212,,inactive,2023
23064102,,inactive,2015
23064994,23108770,discontinued,2025
23071257,23071265,policy,2025
23098678,23123605,inactive,2021
23103604,,inactive,2016
2311701X,,inactive,2022
23118547,23116110,discontinued,2022
23119977,,inactive,2019
23136383,26585499,inactive,1998
23136537,23136545,inactive,2013
23138114,25181254,policy,2025
23144963,23144971,inactive,2019
23148055,23148047,inactive,2021
23154462,23733594,discontinued,2019
23173963,,policy,2025
23193336,,discontinued,2017
23198613,09754024,discontinued,2017
23202661,27382222,discontinued,2023
23204672,22313206,discontinued,2017
23206578,23214740,inactive,2015
23221232,23225106,policy,2022
23247320,23247517,inactive,2016
23248637,23248645,inactive,2019
23250704,23250712,inactive,2014
23251212,23251220,inactive,2016
23252812,23252820,inactive,2020
23256699,23256702,inactive,2014
23267402,,inactive,1937
23267429,,inactive,1938
23270047,23272155,inactive,2021
23277998,23279249,inactive,2020
23278005,23279273,inactive,2016
23288272,23288280,discontinued,2024
23291621,23291559,inactive,2020
23294175,23770996,discontinued,2021
23298758,,inactive,1996
23299290,23299304,inactive,2025
23307749,,inactive,2018
23309482,,inactive,1925
23311479,,inactive,2000
23316055,2331608X,discontinued,2025
23318880,23318945,discontinued,2025
23319712,23319720,discontinued,2022
23322268,23322284,discontinued,2024
23323205,23323213,discontinued,2020
23323280,23323299,discontinued,2019
23323353,23323361,discontinued,2019
23327707,,inactive,2016
23340053,23340045,inactive,2019
23343427,23343486,discontinued,2017
23345551,23345586,inactive,2005
23356596,2335660X,inactive,2022
2336288X,23362898,inactive,2020
23409711,23867027,policy,2025
23442336,,inactive,2014
23442379,2537110X,inactive,2018
2345279X,23452714,inactive,2015
23454571,23454563,inactive,2017
23457708,23457716,inactive,2023
23478659,23496142,inactive,2022
23519932,,inactive,2022
23520035,23520043,inactive,2017
23520159,,inactive,2020
23520922,23520930,inactive,2016
23521155,,inactive,2018
23521821,2352183X,inactive,2023
23522151,,inactive,2020
23522410,23522429,inactive,2023
23522593,,inactive,2022
23524510,,inactive,2022
23525681,,inactive,2020
23525827,,inactive,2022
23526394,,inactive,2015
23527536,23075023,inactive,2017
23527684,,inactive,2021
23528206,23528214,inactive,2022
23528354,,inactive,2023
23529342,,inactive,2023
23567201,23146915,inactive,1930
2356752X,23146486,inactive,2024
23567759,23566124,inactive,2017
23581433,,inactive,2023
23627611,,inactive,1983
23639539,23639547,inactive,2016
23641134,23641142,inactive,2018
23644109,23644117,inactive,2022
23644966,23644974,inactive,2024
2364687X,23646888,inactive,2023
23646918,23646926,inactive,2023
23649283,2509713X,inactive,2023
23653817,,inactive,2022
23654333,23654341,inactive,2023
23661313,,discontinued,2017
2366634X,25694405,inactive,2023
23670002,23670010,inactive,2022
23671130,,inactive,2017
23688653,,inactive,2016
23697393,23697407,discontinued,2021
2373616X,,inactive,2017
23743859,23743867,inactive,2017
23744030,,inactive,2016
23761407,23761415,inactive,2019
23772670,2331267X,inactive,2018
23788917,23788925,inactive,2023
23800240,,inactive,2002
23800992,2380100X,inactive,2021
23801298,2333942X,inactive,2022
23806133,23815930,inactive,1976
23814381,23814403,discontinued,2025
23815949,2381652X,inactive,2022
23838221,23844388,policy,2021
2385409X,,inactive,2021
23927232,23934999,inactive,2017
23927518,25020307,inactive,2023
23934727,23441887,discontinued,2022
23982640,23982659,policy,2026
23985968,17591104,inactive,2019
2405450X,,inactive,2022
24054674,24054682,inactive,2022
24056758,,inactive,2020
24056944,,inactive,2023
24057045,,inactive,2023
24057800,,inactive,2023
24057843,,inactive,2016
24058092,,inactive,2015
24058343,,inactive,2023
24058645,,inactive,2017
24059315,,inactive,2021
24080071,24079529,discontinued,2026
2411801X,27867374,policy,2025
24136670,24119458,discontinued,2019
2413886X,24126381,discontinued,2023
24152897,22183620,discontinued,2023
24153184,25229508,discontinued,2025
24158038,,discontinued,2024
24217212,26123487,inactive,2022
24247979,24248975,discontinued,2026
24249858,,inactive,2019
24504637,,inactive,2016
24507814,24508829,inactive,2020
24518301,,inactive,2020
24518743,22145168,inactive,2019
24519200,,inactive,2023
24519553,,inactive,2023
24520063,24520071,inactive,2021
24520586,,inactive,2023
24522317,,inactive,2021
24522554,24522562,inactive,2019
24523194,22146938,inactive,2022
24523208,23523212,inactive,2021
2455328X,24560502,discontinued,2023
24574325,25012533,inactive,2016
24666580,,inactive,2008
24679593,23527633,inactive,2022
24679615,22102698,inactive,2021
24680397,23525916,inactive,2021
24682497,,inactive,2022
24683019,,inactive,2022
24683027,,inactive,2022
24683035,,inactive,2023
24684163,,inactive,2016
24684228,24684236,inactive,2017
24684244,24684252,inactive,2017
24688223,,inactive,2022
24696463,24696471,inactive,2023
24708593,24708607,inactive,2015
24709506,24748102,inactive,2018
24728535,,inactive,2008
24729884,24729876,policy,2022
24740179,24740187,inactive,2020
24753718,24753742,policy,2024
24764981,23224479,discontinued,2025
24765376,23223308,discontinued,2017
24780510,24780529,inactive,2023
24945757,24270687,inactive,2023
24964476,25536087,discontinued,2020
24964646,24958670,inactive,2023
24966142,,inactive,2022
24992240,24995886,discontinued,2024
24992852,24992860,inactive,2022
25002910,24095834,discontinued,2022
25004255,,discontinued,2020
25024752,25024760,discontinued,2025
25094335,25094343,inactive,2022
25097830,25097849,inactive,2023
25098004,23672544,inactive,2024
25100785,,inactive,2021
25110438,25110543,inactive,2023
25117157,25117181,inactive,2022
25123408,25123394,inactive,2012
25141945,,inactive,2018
25148117,,inactive,2015
25157884,14679884,inactive,2003
25163299,25163302,policy,2024
25186523,25231618,discontinued,2022
2518718X,26634872,inactive,2022
25208594,25208608,inactive,2021
25211870,25211889,discontinued,2024
25220195,25220209,inactive,2023
25220233,25220241,inactive,2019
25225286,25225294,inactive,2020
25225928,25225936,inactive,2023
25228315,25228323,inactive,2022
25233483,25233491,inactive,2023
25234463,25234749,inactive,2024
25244183,25244191,inactive,2023
25245252,25245260,inactive,2024
25248510,25248529,inactive,2021
25298054,25298062,inactive,2022
25336762,,inactive,1954
2536572X,25365738,inactive,2021
25424513,,inactive,2024
25424963,,inactive,2023
25428756,25428764,inactive,2023
25429000,25428527,inactive,2017
25429280,25429299,inactive,2023
25429809,25429817,inactive,2021
25506978,2550696X,discontinued,2021
25532367,19524102,inactive,2017
25673459,25129465,inactive,2022
25673742,,discontinued,2018
25683896,25689576,inactive,2023
25702114,25702122,inactive,2015
2570527X,,inactive,1955
25707337,25707345,discontinued,2022
25715135,,inactive,2020
25717715,17592208,inactive,2015
25721046,25721054,inactive,2021
25724800,25724797,inactive,2003
25727591,,inactive,2021
25727923,25727931,discontinued,2024
25733397,25733400,inactive,2021
2575050X,,inactive,1949
25760017,25760025,policy,2023
25765213,25765221,inactive,2018
2578725X,25787268,policy,2023
2578742X,,inactive,2021
25802240,25802259,discontinued,2025
25882767,23222379,inactive,2016
25884131,25887092,inactive,2013
25891499,18794467,inactive,2018
25892495,,inactive,2023
25894528,25894536,inactive,2022
25896946,,inactive,2020
25897411,2589742X,inactive,2023
25899767,,inactive,2020
25902822,25902830,inactive,2023
25903233,25903225,discontinued,2023
25917668,25917676,inactive,2007
25917781,,discontinued,2021
25917854,25917862,inactive,2019
26108984,26109409,inactive,2022
26109468,26109476,inactive,2022
2612789X,2704663X,inactive,2023
26174162,26174170,policy,2025
26201607,26201747,policy,2025
26236257,26236281,policy,2026
26267063,26267071,inactive,2021
26293714,26293722,inactive,2021
26305984,,policy,2026
26318385,26318393,inactive,2023
2633352X,26333538,policy,2023
26343576,26343584,policy,2024
26399636,26399644,inactive,2019
26520966,26520974,inactive,2019
26539373,24593842,discontinued,2025
26560097,09751491,discontinued,2017
2662222X,26622238,inactive,2023
2662432X,26624338,discontinued,2015
26627884,26627892,inactive,2022
26629933,26629941,inactive,2022
26631334,26631342,policy,2025
26632144,27098877,policy,2025
2663967X,26639688,policy,2025
2663970X,26646005,discontinued,2025
26644452,26644460,policy,2025
26659034,,inactive,2023
26662701,2666271X,inactive,2023
26662868,,inactive,2023
26663775,,inactive,2023
26667010,,inactive,2023
26718790,26718804,inactive,2023
26761319,,inactive,2014
26878003,26878011,inactive,2022
26906317,26906325,inactive,2003
26917513,,inactive,2016
2692594X,,inactive,2000
26926148,26906805,discontinued,2025
26943980,26943999,inactive,2022
26944642,26944650,inactive,2022
26948222,,inactive,1954
27022455,27022463,inactive,2023
27050610,27050602,discontinued,2025
27051064,27051056,discontinued,2025
27068331,2706834X,policy,2025
27069885,,inactive,2020
27170535,26766280,inactive,2023
27241394,27241572,inactive,2023
27245276,27245780,discontinued,2024
27245691,27245438,discontinued,2025
27245985,27245365,discontinued,2025
27246620,27848507,inactive,2023
27309266,27309274,inactive,2023
27309320,27309339,inactive,2022
27309703,27309711,inactive,2023
27309746,27309754,inactive,2023
27312275,22193251,inactive,1997
27342352,26825821,discontinued,2025
27374165,27374173,discontinued,2026
27473872,27473880,inactive,2021
27476979,,inactive,1997
27498573,25671014,inactive,2022
27526798,27526801,discontinued,2025
27697851,26906775,discontinued,2025
2769786X,26906791,discontinued,2025
27700070,26924048,discontinued,2025
2782358X,27823598,discontinued,2021
27831736,25884646,discontinued,2022
27891801,27887669,discontinued,2025
27969711,,discontinued,2025
29463416,29463424,inactive,2023
29475821,2947583X,inactive,2023
29496810,29496829,inactive,2026
29580544,27887421,discontinued,2025
29810221,29810213,discontinued,2026
87500183,,inactive,1992
87500507,,inactive,2014
87500779,,inactive,1999
8750149X,,inactive,1988
87502186,,inactive,2020
87502224,,inactive,2002
87502623,,inactive,2001
87502631,,inactive,1999
8750264X,,inactive,1997
87502666,,inactive,1998
87502690,,inactive,1997
87502704,,inactive,1999
87502836,,inactive,2001
87503182,,inactive,1986
87503204,,inactive,1990
87503735,,inactive,1997
87506831,,inactive,1990
87507943,,inactive,2015
8750846X,,inactive,2014
87508990,,inactive,2013
87509202,,inactive,1989
87509237,,inactive,1993
87509539,,inactive,1990
87509652,,inactive,2005
87550024,,inactive,1999
87550059,,inactive,1998
87550199,,inactive,1993
87550229,,inactive,2016
87551985,,inactive,2018
87552205,,inactive,1984
87553449,,inactive,2016
87553996,15581888,inactive,2006
87554852,,inactive,1969
87554879,,inactive,1949
87555093,,inactive,2001
8755724X,,inactive,1990
8755755X,,inactive,2001
87557673,,inactive,1997
87558564,,inactive,1994
87558920,23748192,inactive,1996
87559668,,inactive,1989
87560410,,inactive,2002
87560437,,inactive,2003
87561263,21683336,inactive,2016
87561417,,inactive,2012
87561689,,inactive,1996
87562324,2376676X,inactive,1996
87563150,,inactive,2007
87563320,,inactive,1994
87564610,15409619,inactive,1993
87564629,,inactive,1999
87565366,,inactive,1986
87566621,15206424,inactive,2007
8756663X,,inactive,2008
87566648,,inactive,1992
8756680X,,inactive,1987
87567008,,inactive,1990
87567253,,inactive,1988
87567296,,inactive,2007
87567547,,inactive,2007
87568047,19448198,inactive,2016
87568225,15404730,inactive,2023
87568233,,inactive,2001
87568926,,inactive,1997
87569264,,inactive,1986
87569787,,inactive,1988
